ter;plot;label;ms;com;ind;sp;height;diameter;state;flower;;;;;
2;5;561;0;M;1;dorycnium;22;3,15;;;;;;;
2;5;562;1;M;1;pistachia;19,5;2,58;1;;;;;;
2;5;563;1;A;1;anthyllis;12,5;1,41;;;;;;;
2;5;564;1;D;1;dorycnium;22,5;2,64;;;;;;;
2;5;565;0;A;1;anthyllis;23;2,66;;;;;;;
2;5;566;1;D;1;dorycnium;31;2,52;;;;;;;
2;5;567;1;M;1;;23,9;3,53;;;;;;;
2;5;568;0;D;1;dorycnium;28,3;2,67;;;;;;;
2;5;569;0;M;1;pistachia;13;4;;;;;;;
2;5;570;0;P;1;pistachia;21,5;4,55;1;;;;;;
2;5;571;1;P;1;pistachia;22,5;3,45;;;;;;;
2;5;578;0;P;1;pistachia;16;2,57;1;;;;;;
2;5;579;0;M;1;dorycnium;33,8;4,4;;;;;;;
2;5;580;1;M;1;pistachia;28;4,07;2;;;;;;
2;5;581;1;P;1;pistachia;23;3,22;;;;;;;
2;5;582;0;D;1;dorycnium;27,3;3,99;;;;;;;
2;5;583;1;M;1;dorycnium;24;2,6;;;;;;;
2;5;584;1;D;1;dorycnium;27;3,46;;;;;;;
2;5;585;1;P;1;pistachia;30;4,12;;;;;;;
2;5;586;1;A;1;anthyllis;16;2,73;;;;;;;
2;5;587;0;A;1;anthyllis;25;2,49;;1;;;;;
2;5;588;1;M;1;anthyllis;;;;;;;;;
2;5;589;0;M;1;anthyllis;7,8;1,64;1;;;;;;
2;5;590;0;P;1;pistachia;26,2;2,79;2;;;;;;
2;5;591;0;P;1;pistachia;26,5;2,98;;;;;;;
2;5;592;0;P;1;pistachia;32,2;3,6;;;;;;;
2;5;593;0;D;1;dorycnium;30;2,43;;;;;;;
2;5;594;1;A;1;anthyllis;15,5;2,31;;;;;;;
2;5;595;0;A;1;anthyllis;44;2,05;;1;;;;;
2;5;596;1;M;1;pistachia;21,1;3,86;;;;;;;
2;5;597;0;M;1;pistachia;20;3,46;2;;;;;;
2;5;598;1;P;1;pistachia;29,9;4,12;1;;;;;;
2;5;599;0;P;1;pistachia;29,3;4,91;1;;;;;;
2;5;600;1;A;1;anthyllis;13;2,14;;;;;;;
2;5;601;0;P;1;pistachia;19,5;3,4;2;;;;;;
2;5;602;1;P;1;pistachia;28,9;3,68;2;;;;;;
2;5;603;0;A;1;anthyllis;18,5;1,13;;;;;;;
2;5;607;0;D;1;dorycnium;20,3;1,56;2;;;;;;
2;5;611;0;D;1;dorycnium;31,3;1,56;;;;;;;
2;5;612;1;D;1;dorycnium;25,5;3,03;;;;;;;
2;5;613;1;A;1;anthyllis;17,5;2,71;;;;;;;
2;5;615;0;A;1;anthyllis;20,4;2,13;;;;;;;
2;5;617;0;D;1;dorycnium;28,5;2,23;;;;;;;
2;5;618;1;D;1;dorycnium;31;2,06;;;;;;;
2;5;619;0;M;1;dorycnium;28,4;1,75;;;;;;;
2;5;620;1;M;1;anthyllis;18,4;2,13;;;;;;;
2;5;622;0;M;1;pistachia;19,2;3,08;1;;;;;;
2;5;623;1;M;1;pistachia;23,7;3,76;;;;;;;
2;5;624;0;A;1;anthyllis;16,6;2,33;;;;;;;
2;5;625;1;A;1;anthyllis;27;2,4;;1;;;;;
2;5;626;1;P;1;pistachia;27,5;4,61;1;;;;;;
2;5;627;0;P;1;pistachia;27,5;4,9;2;;;;;;
2;5;628;0;D;1;dorycnium;28,3;2,69;;;;;;;
2;5;629;1;D;1;dorycnium;27,5;4,25;;;;;;;
2;5;630;1;D;1;dorycnium;28,4;3,33;;;;;;;
2;5;631;0;D;1;dorycnium;19,9;3,51;;;;;;;
2;5;632;1;A;1;anthyllis;22,5;2,01;;1;;;;;
2;5;633;0;A;1;anthyllis;21,3;3,58;;;;;;;
2;5;634;0;A;1;anthyllis;12,7;1,73;;;;;;;
2;5;635;1;A;1;anthyllis;17,7;2,65;;1;;;;;
2;5;636;0;D;1;dorycnium;24,6;2,48;;;;;;;
2;5;637;1;D;1;dorycnium;29,5;2,47;;;;;;;
2;5;638;1;P;1;pistachia;21;3,19;;;;;;;
2;6;481;0;M;1;dorycnium;30,2;2,53;;;;;;;
2;6;482;1;D;1;dorycnium;30,1;2,86;;;;;;;
2;6;483;0;D;1;dorycnium;26,2;2,92;;;;;;;
2;6;484;1;M;1;pistachia;27,7;3,2;;;;;;;
2;6;485;1;A;1;anthyllis;19;3,52;;;;;;;
2;6;486;0;M;1;;30,1;2,34;;;;;;;
2;6;487;0;A;1;anthyllis;16,7;1,48;;;;;;;
2;6;488;1;A;1;anthyllis;22,2;2,01;;;;;;;
2;6;489;0;A;1;anthyllis;17;2,76;;;;;;;
2;6;490;0;D;1;dorycnium;26,7;2,04;;;;;;;
2;6;491;1;D;1;dorycnium;26,1;2,15;;;;;;;
2;6;494;0;A;1;anthyllis;18,4;1,75;;;;;;;
2;6;495;1;A;1;anthyllis;23,2;2,34;;;;;;;
2;6;502;1;P;1;pistachia;26,6;3,89;1;;;;;;
2;6;503;0;P;1;pistachia;33,6;3,84;2;;;;;;
2;6;504;1;P;1;pistachia;26,3;3,76;2;;;;;;
2;6;505;0;P;1;pistachia;21,4;3,61;2;;;;;;
2;6;506;1;D;1;dorycnium;30,5;2,63;;;;;;;
2;6;507;1;D;1;dorycnium;27,7;2,77;;;;;;;
2;6;508;0;D;1;dorycnium;19,7;2,66;;;;;;;
2;6;509;0;M;1;anthyllis;27;2,29;;1;;;;;
2;6;510;1;M;1;anthyllis;17;1,53;2;;;;;;
2;6;511;0;M;1;dorycnium;29,1;3,06;;;;;;;
2;6;512;1;M;1;anthyllis;17,8;2,43;;;;;;;
2;6;513;0;P;1;pistachia;18,4;2,85;1;;;;;;
2;6;514;1;D;1;dorycnium;25,3;1,73;;;;;;;
2;6;515;0;D;1;dorycnium;29,7;3,24;;;;;;;
2;6;516;1;P;1;pistachia;22,9;3,05;1;;;;;;
2;6;517;1;A;1;anthyllis;13,8;1,7;;;;;;;
2;6;518;0;A;1;anthyllis;22;2,47;;;;;;;
2;6;519;1;M;1;anthyllis;27,6;2,48;;;;;;;
2;6;520;0;D;1;dorycnium;27,5;2,8;;;;;;;
2;6;521;1;P;1;pistachia;20,8;3,21;;;;;;;
2;6;522;0;P;1;pistachia;25;5,15;1;;;;;;
2;6;523;1;P;1;pistachia;23;3,59;;;;;;;
2;6;524;0;P;1;pistachia;19;4,37;;;;;;;
2;6;525;0;P;1;pistachia;21,9;2,72;;;;;;;
2;6;528;1;P;1;pistachia;17,5;2,39;;;;;;;
2;6;535;0;P;1;pistachia;29,8;4,44;1;;;;;;
2;6;536;1;P;1;pistachia;22,2;3,72;;;;;;;
2;6;537;1;A;1;anthyllis;37,5;2,78;;1;;;;;
2;6;538;0;A;1;anthyllis;13,1;2,75;;;;;;;
2;6;539;1;A;1;anthyllis;24,4;2,35;;;;;;;
2;6;540;0;A;1;anthyllis;13,4;2,53;;;;;;;
2;6;541;1;D;1;dorycnium;30,1;2,72;;;;;;;
2;6;542;0;M;1;anthyllis;15,2;2,02;;;;;;;
2;6;543;0;D;1;dorycnium;27,3;4,3;;;;;;;
2;6;544;1;D;1;dorycnium;23,3;1,47;;;;;;;
2;6;549;1;D;1;dorycnium;29;3,2;;;;;;;
2;6;550;0;D;1;dorycnium;28,2;2,18;;;;;;;
2;6;551;0;M;1;pistachia;26,2;3,01;;;;;;;
2;6;552;1;M;1;anthyllis;19,4;1,82;;;;;;;
2;6;555;1;A;1;anthyllis;22;3,13;;1;;;;;
2;6;556;0;A;1;anthyllis;14;2,47;;;;;;;
2;6;557;1;M;1;pistachia;19,8;2,81;;;;;;;
2;6;558;0;M;1;anthyllis;8,7;1,94;;;;;;;
2;6;559;1;A;1;anthyllis;13;1,48;;;;;;;
2;6;560;0;A;1;anthyllis;21,5;1,67;;1;;;;;
2;7;641;0;A;1;anthyllis;23,3;3,08;;;;;;;
2;7;642;1;A;1;anthyllis;25,3;3,03;;;;;;;
2;7;644;0;D;1;dorycnium;19,1;2,07;;;;;;;
2;7;646;1;D;1;dorycnium;26,1;1,79;;;;;;;
2;7;648;0;D;1;dorycnium;27;2,46;;;;;;;
2;7;649;1;D;1;dorycnium;30;2,77;;;;;;;
2;7;656;0;M;1;dorycnium;30,4;3,34;;;;;;;
2;7;657;1;M;1;anthyllis;18;2,33;;;;;;;
2;7;658;0;A;1;anthyllis;23;2,02;;1;;;;;
2;7;659;1;A;1;anthyllis;19,5;2,23;;;;;;;
2;7;660;1;M;1;anthyllis;23,3;1,39;;;;;;;
2;7;661;0;M;1;dorycnium;30,1;2,4;;;;;;;
2;7;662;1;M;1;pistachia;17,2;3,51;;;;;;;
2;7;663;0;M;1;pistachia;21;2,8;1;;;;;;
2;7;668;1;D;1;dorycnium;15,9;3,1;;;;;;;
2;7;669;0;D;1;dorycnium;26,1;2,3;;;;;;;
2;7;670;0;A;1;anthyllis;18,7;2,73;;;;;;;
2;7;671;1;A;1;anthyllis;17,6;2,02;;;;;;;
2;7;672;0;M;1;anthyllis;31,6;3,21;;;;;;;
2;7;673;1;M;1;anthyllis;22,6;2,25;;;;;;;
2;7;674;1;D;1;dorycnium;26,1;2,27;;;;;;;
2;7;675;0;D;1;dorycnium;25,2;2,15;;;;;;;
2;7;684;1;A;1;dorycnium;33,5;3,57;;;;;;;
2;7;685;0;A;1;dorycnium;21,9;2,23;;;;;;;
2;7;692;1;P;1;pistachia;20,7;2,81;;;;;;;
2;7;691;0;P;1;pistachia;26,7;4,53;1;;;;;;
2;7;694;1;D;1;dorycnium;28;2,31;;;;;;;
2;7;698;0;D;1;dorycnium;31,4;3,45;;;;;;;
2;7;700;0;P;1;pistachia;20,1;4,53;1;;;;;;
2;7;701;1;P;1;pistachia;26,7;3,65;2;;;;;;
2;7;722;0;P;1;pistachia;25,8;3,24;2;;;;;;
2;7;723;1;P;1;pistachia;18,6;2,26;1;;;;;;
2;8;401;0;P;1;pistachia;23,3;4;1;;;;;;
2;8;402;1;P;1;pistachia;20,9;3,47;;;;;;;
2;8;403;0;D;1;dorycnium;22,2;1,77;;;;;;;
2;8;405;1;D;1;dorycnium;32,4;2,63;;;;;;;
2;8;407;1;P;1;pistachia;24,9;3,37;;;;;;;
2;8;408;1;D;1;dorycnium;32,8;2,86;;;;;;;
2;8;409;1;D;1;dorycnium;29,3;3,17;;;;;;;
2;8;410;0;D;1;dorycnium;28,3;2,55;;;;;;;
2;8;412;0;D;1;dorycnium;24,9;2,02;;;;;;;
2;8;413;0;D;1;dorycnium;27,5;2,47;;;;;;;
2;8;414;1;D;1;dorycnium;27,1;3,25;;;;;;;
2;8;415;0;M;1;dorycnium;33,3;3,95;;;;;;;
2;8;416;1;M;1;dorycnium;30,8;2,29;;;;;;;
2;8;417;0;M;1;dorycnium;20,9;2,62;;;;;;;
2;8;418;1;M;1;pistachia;20,8;2,57;1;;;;;;
2;8;419;0;P;1;pistachia;27,4;3,3;;;;;;;
2;8;420;1;A;1;anthyllis;18;1,94;;;;;;;
2;8;421;0;A;1;anthyllis;34,6;2,65;;1;;;;;
2;8;424;0;A;1;anthyllis;26,9;3,43;;;;;;;
2;8;425;1;A;1;anthyllis;36,3;3,37;;;;;;;
2;8;427;0;A;1;anthyllis;21,8;3,04;;;;;;;
2;8;428;1;A;1;anthyllis;15;2,13;;;;;;;
2;8;429;0;M;1;dorycnium;17,4;1,84;;;;;;;
2;8;430;1;M;1;dorycnium;29,3;2,19;;;;;;;
2;8;431;0;A;1;anthyllis;15,7;2,25;;;;;;;
2;8;432;0;M;1;pistachia;19,3;4,06;1;;;;;;
2;8;433;1;M;1;anthyllis;20;2,42;;;;;;;
2;8;434;1;A;1;anthyllis;19,3;1,75;;1;;;;;
2;8;435;0;D;1;dorycnium;26,8;2,31;;;;;;;
2;8;436;1;D;1;dorycnium;26,8;2,77;;;;;;;
2;8;437;0;P;1;pistachia;25,1;3,14;2;;;;;;
2;8;438;1;P;1;pistachia;25;3,2;;;;;;;
2;8;443;0;M;1;pistachia;19,3;2,66;1;;;;;;
2;8;444;0;P;1;pistachia;28;3,98;1;;;;;;
2;8;445;1;P;1;pistachia;21,4;3,24;;;;;;;
2;8;446;1;M;1;dorycnium;29,3;1,97;;;;;;;
2;8;449;0;D;1;dorycnium;25,5;2,92;;;;;;;
2;8;450;1;D;1;dorycnium;30,9;2,62;;;;;;;
2;8;451;0;A;1;anthyllis;17,8;2,03;;;;;;;
2;8;452;1;A;1;anthyllis;28,4;2,6;;;;;;;
2;8;453;0;D;1;dorycnium;22,5;2,58;;;;;;;
2;8;454;1;D;1;dorycnium;17,6;1,86;;;;;;;
2;8;457;0;P;1;pistachia;23,5;2,99;;;;;;;
2;8;458;1;P;1;pistachia;9,5;2,82;;;;;;;
2;8;459;1;P;1;pistachia;19,5;2,79;;;;;;;
2;8;460;0;P;1;pistachia;19,9;2,2;2;;;;;;
2;8;461;1;A;1;anthyllis;22,7;2,54;;;;;;;
2;8;462;0;A;1;anthyllis;16,6;1,78;;;;;;;
2;8;463;0;P;1;pistachia;22,5;3,06;1;;;;;;
2;8;464;1;P;1;pistachia;23,4;3,46;;;;;;;
2;8;465;0;M;1;pistachia;;;3;;;;;;
2;8;466;1;M;1;dorycnium;31,5;3,08;;;;;;;
2;8;467;1;M;1;dorycnium;27,6;4,2;;;;;;;
2;8;468;0;M;1;anthyllis;22,3;2,65;;1;;;;;
2;8;469;0;P;1;pistachia;16,5;1,9;2;;;;;;
2;8;470;0;A;1;anthyllis;33,7;2,99;;1;;;;;
2;8;471;1;A;1;anthyllis;25,2;2,09;;1;;;;;
2;8;472;1;P;1;pistachia;23,5;3,24;;;;;;;
2;8;473;0;D;1;dorycnium;28,3;3,23;;;;;;;
2;8;474;1;D;1;dorycnium;27,2;2,72;;;;;;;
2;8;477;1;M;1;dorycnium;28,5;2,22;;;;;;;
2;8;478;0;M;1;dorycnium;24,2;2,08;;;;;;;
2;8;479;0;A;1;anthyllis;19,7;3,21;;;;;;;
2;8;480;1;A;1;anthyllis;30,5;2,07;;;;;;;
3;9;881;0;A;1;anthyllis;21,4;3,08;;;;;;;
3;9;882;1;A;1;anthyllis;21,5;2,57;;;;;;;
3;9;885;0;A;1;anthyllis;;;3;;;;;;
3;9;886;1;A;1;anthyllis;;;3;;;;;;
3;9;887;0;M;1;pistachia;26,2;3,65;1;;;;;;
3;9;888;1;M;1;dorycnium;30;2,89;;;;;;;
3;9;889;1;P;1;pistachia;21;2,41;;;;;;;
3;9;890;0;P;1;pistachia;25,8;2,52;1;;;;;;
3;9;891;0;M;1;dorycnium;27,6;2,06;;;;;;;
3;9;892;1;M;1;dorycnium;31,2;3,41;;;;;;;
3;9;897;1;P;1;pistachia;15,5;2,77;;;;;;;
3;9;898;0;P;1;pistachia;19,5;3,71;;;;;;;
3;9;899;0;P;1;pistachia;20,3;3,08;;;;;;;
3;9;900;1;P;1;pistachia;14;2,31;;;;;;;
3;9;1329;1;M;1;anthyllis;35;1,58;;1;;;;;
3;9;901;0;M;1;dorycnium;22,5;2,06;;;;;;;
3;9;905;0;D;1;dorycnium;36,4;3,02;;;;;;;
3;9;906;1;D;1;dorycnium;36;2,25;;;;;;;
3;9;907;0;A;1;anthyllis;36,6;2,35;;;;;;;
3;9;908;1;A;1;anthyllis;28;2,75;;1;;;;;
3;9;912;1;M;1;dorycnium;23;2,1;;;;;;;
3;9;911;0;M;1;dorycnium;17,6;2,26;;;;;;;
3;9;914;1;D;1;dorycnium;32,5;2,16;;;;;;;
3;9;915;0;D;1;dorycnium;27,2;2,27;;;;;;;
3;9;916;1;D;1;dorycnium;25;2,48;;;;;;;
3;9;917;0;D;1;dorycnium;33,7;2,22;;;;;;;
3;9;918;0;A;1;anthyllis;16,5;2,22;1;;;;;;
3;9;919;1;A;1;anthyllis;17,2;2,1;;;;;;;
3;9;920;0;D;1;dorycnium;32,2;2,95;;;;;;;
3;9;921;1;D;1;dorycnium;36,5;1,49;;;;;;;
3;9;922;1;A;1;anthyllis;18,6;2,27;;;;;;;
3;9;923;0;A;1;anthyllis;27;2,86;;1;;;;;
3;9;924;0;P;1;pistachia;22,5;3,97;2;;;;;;
3;9;925;1;P;1;pistachia;9,5;2,35;;;;;;;
3;9;926;0;D;1;dorycnium;31;2,72;;;;;;;
3;9;927;1;D;1;dorycnium;31,4;2,16;;;;;;;
3;9;928;0;P;1;pistachia;22,2;3,17;;;;;;;
3;9;929;1;P;1;pistachia;21,5;2,9;;;;;;;
3;9;930;1;P;1;pistachia;25,1;3,5;;;;;;;
3;9;931;0;P;1;pistachia;14,5;2,64;1;;;;;;
3;9;932;1;D;1;dorycnium;35;2,28;;;;;;;
3;9;933;0;D;1;dorycnium;34,5;3,64;;;;;;;
3;9;934;0;D;1;dorycnium;32,7;4,78;;;;;;;
3;9;935;1;D;1;dorycnium;26,5;2,32;;;;;;;
3;9;936;0;P;1;pistachia;21,7;3,62;2;;;;;;
3;9;937;1;P;1;pistachia;27,5;4,92;2;;;;;;
3;9;938;0;M;1;;31,5;3,49;;;;;;;
3;9;939;1;M;1;;19,6;3,04;;;;;;;
3;9;941;0;A;1;anthyllis;24,5;2,18;;;;;;;
3;9;942;1;A;1;anthyllis;11;1,56;;;;;;;
3;9;943;0;P;1;pistachia;30,2;5,05;2;;;;;;
3;9;944;1;P;1;pistachia;10,1;3,3;;;;;;;
3;9;947;1;D;1;dorycnium;32;2,47;;;;;;;
3;9;948;0;D;1;dorycnium;35,7;2,5;;1;;;;;
3;9;952;0;A;1;anthyllis;10,5;2,53;;;;;;;
3;9;953;1;A;1;anthyllis;27;2,43;;1;;;;;
3;9;956;1;M;1;anthyllis;19,6;2,55;;;;;;;
3;9;957;0;M;1;dorycnium;29,2;1,85;;;;;;;
3;9;958;0;M;1;pistachia;26;2,86;1;;;;;;
3;9;959;1;M;1;dorycnium;40;2,83;;;;;;;
3;10;1103;0;A;1;anthyllis;28,3;2,18;;1;;;;;
3;10;1110;1;A;1;anthyllis;21,5;2,1;;;;;;;
3;10;1113;0;A;1;anthyllis;33,4;3,24;;1;;;;;
3;10;1114;1;A;1;anthyllis;23,4;2,48;;;;;;;
3;10;1117;1;D;1;dorycnium;31,7;2,49;;;;;;;
3;10;1118;0;D;1;dorycnium;27,8;3,05;;;;;;;
3;10;1120;0;P;1;pistachia;14,7;1,91;;;;;;;
3;10;1121;1;P;1;pistachia;27,5;3,49;;;;;;;
3;10;1131;0;P;1;pistachia;26,3;3,8;1;;;;;;
3;10;1077;1;P;1;pistachia;25,6;3,5;;;;;;;
3;10;1134;0;P;1;pistachia;30;3,71;2;;;;;;
3;10;1135;1;P;1;pistachia;28,4;3,02;;;;;;;
3;10;1137;0;M;1;pistachia;28,7;4,32;1;;;;;;
3;10;1138;1;M;1;pistachia;26,3;3,76;;;;;;;
3;10;1139;0;M;1;pistachia;30,6;4,63;2;;;;;;
3;10;1140;1;M;1;dorycnium;40,2;3,01;;;;;;;
3;10;1143;0;P;1;pistachia;18,8;3,2;;;;;;;
3;10;1144;1;P;1;pistachia;19,7;3,26;;;;;;;
3;10;1145;1;D;1;dorycnium;31;2,23;;;;;;;
3;10;1146;0;D;1;dorycnium;26,4;1,74;;;;;;;
3;10;1148;1;M;1;anthyllis;22,5;2,1;;;;;;;
3;10;1149;0;M;1;pistachia;23,7;3,42;;;;;;;
3;10;1051;0;A;1;anthyllis;18,2;2,48;;1;;;;;
3;10;1052;1;A;1;anthyllis;17,1;2,1;;;;;;;
3;10;1059;1;D;1;dorycnium;38,8;2,9;;;;;;;
3;10;1060;0;D;1;dorycnium;29,5;2,75;;;;;;;
3;10;1064;1;M;1;pistachia;22,4;3,22;1;;;;;;
3;10;1067;0;D;1;dorycnium;28;2,03;;;;;;;
3;10;1068;1;D;1;dorycnium;23;1,64;;;;;;;
3;10;1071;1;P;1;pistachia;25;4,05;;;;;;;
3;10;1072;0;P;1;pistachia;30,6;3,89;;;;;;;
3;11;1022;0;M;1;dorycnium;26,5;2,3;;;;;;;
3;11;1023;1;M;1;anthyllis;21;2,91;;1;;;;;
3;11;1026;0;P;1;pistachia;34,6;3,32;;;;;;;
3;11;1027;1;P;1;pistachia;29,4;3,8;;;;;;;
3;11;1029;1;D;1;dorycnium;34,2;3,45;;;;;;;
3;11;1030;0;D;1;dorycnium;27,7;2,04;;;;;;;
3;11;1031;0;P;1;pistachia;11,6;2,57;;;;;;;
3;11;1032;1;P;1;pistachia;22,4;3,72;;;;;;;
3;11;1033;0;D;1;dorycnium;21,6;2,69;;;;;;;
3;11;1034;1;D;1;dorycnium;29;1,84;;;;;;;
3;11;1035;0;D;1;dorycnium;36;2,74;;;;;;;
3;11;1037;0;P;1;pistachia;38;4,41;1;;;;;;
3;11;1038;1;D;1;dorycnium;35;1,99;;;;;;;
3;11;1039;1;P;1;pistachia;38,3;4,53;1;;;;;;
3;11;1040;0;M;1;dorycnium;29,4;1,13;;;;;;;
3;11;1041;0;P;1;pistachia;31,8;4,23;;;;;;;
3;11;1042;1;P;1;pistachia;19,5;3,78;;;;;;;
3;11;1043;0;M;1;pistachia;32,9;4,91;1;;;;;;
3;11;1044;1;M;1;pistachia;32,4;4,03;;;;;;;
3;11;1045;1;D;1;dorycnium;31,3;3,51;;;;;;;
3;11;1046;0;D;1;dorycnium;27,1;2,76;;;;;;;
3;11;1047;0;P;1;pistachia;28,2;4,52;1;;;;;;
3;11;1048;1;P;1;pistachia;25;3,47;;;;;;;
3;11;1049;0;A;1;anthyllis;18,6;3;;;;;;;
3;11;1050;0;A;1;anthyllis;25,5;2,38;;;;;;;
3;11;1151;1;A;1;anthyllis;22;2,37;;1;;;;;
3;11;1152;1;M;1;dorycnium;24,1;3,28;;;;;;;
3;11;1153;0;M;1;anthyllis;27;2,72;;;;;;;
3;11;1154;1;M;1;anthyllis;26,5;2,51;;1;;;;;
3;11;1155;0;M;1;anthyllis;21,4;2,42;;;;;;;
3;11;1080;1;M;1;dorycnium;28,4;2,13;;;;;;;
3;11;1065;0;M;1;anthyllis;19,1;2,19;;;;;;;
3;11;1156;0;A;1;anthyllis;35;2,05;;1;;;;;
3;11;1079;1;A;1;anthyllis;;;3;;;;;;
3;11;1081;1;A;1;anthyllis;19;2,64;;;;;;;
3;11;1084;0;A;1;anthyllis;18,8;2,18;;;;;;;
3;11;1085;1;A;1;anthyllis;24,8;2,57;;1;;;;;
3;11;1088;1;D;1;dorycnium;31,2;2,16;;;;;;;
3;11;1089;0;D;1;dorycnium;28,5;2,55;;;;;;;
3;11;1092;1;D;1;dorycnium;20;2,02;;;;;;;
3;11;1093;0;D;1;dorycnium;33,9;1,83;;;;;;;
3;11;1094;0;P;1;pistachia;30,5;3,82;1;;;;;;
3;11;1159;0;A;1;anthyllis;20;2,32;;;;;;;
3;11;1095;1;A;1;anthyllis;22,5;2,36;;;;;;;
3;11;1096;1;A;1;anthyllis;13,7;1,26;;;;;;;
3;11;1197;0;A;1;anthyllis;13,1;1,68;2;;;;;;
3;11;1099;1;P;1;pistachia;34,7;3,86;1;;;;;;
3;11;1100;0;P;1;pistachia;17,5;2,76;1;;;;;;
3;11;1001;0;D;1;dorycnium;30,5;3,36;;;;;;;
3;11;1002;1;D;1;dorycnium;31,6;2,05;;;;;;;
3;11;1003;1;P;1;pistachia;27;3,9;;;;;;;
3;11;1004;0;P;1;pistachia;33,5;4,04;1;;;;;;
3;11;1005;1;D;1;dorycnium;28,5;3,02;;;;;;;
3;11;1006;1;A;1;anthyllis;20,2;1,74;;;;;;;
3;11;1007;0;A;1;anthyllis;18,5;1,57;;;;;;;
3;11;1009;0;D;1;dorycnium;24,5;2,25;;;;;;;
3;11;1010;0;A;1;anthyllis;23,5;2,13;;;;;;;
3;11;1012;0;M;1;pistachia;37,3;4,18;2;;;;;;
3;11;1013;1;M;1;pistachia;28,4;2,55;;;;;;;
3;11;1014;0;M;1;dorycnium;32;2,71;1;;;;;;
3;11;1015;1;M;1;dorycnium;30,8;3;;;;;;;
3;11;1016;1;A;1;anthyllis;;;3;;;;;;
3;11;1018;1;P;1;pistachia;27,2;3,43;1;;;;;;
3;11;1019;1;D;1;dorycnium;31,4;1,83;;;;;;;
3;11;1021;0;D;1;dorycnium;35,5;3,11;;;;;;;
3;12;801;0;M;1;pistachia;25,1;2,83;1;;;;;;
3;12;802;1;M;1;dorycnium;18,5;3,81;;;;;;;
3;12;803;0;A;1;anthyllis;28;1,82;;1;;;;;
3;12;804;0;M;1;anthyllis;34,5;2,23;;1;;;;;
3;12;805;1;A;1;anthyllis;14,7;3,34;;;;;;;
3;12;806;1;M;1;dorycnium;32;3,85;;;;;;;
3;12;808;1;M;1;anthyllis;;;3;;;;;;
3;12;809;0;M;1;anthyllis;20,5;1,76;;;;;;;
3;12;810;1;D;1;dorycnium;20,4;2,7;;;;;;;
3;12;811;0;D;1;dorycnium;25,8;1,8;;;;;;;
3;12;814;0;P;1;pistachia;20,2;3,47;;;;;;;
3;12;815;1;P;1;pistachia;24,7;5,59;;;;;;;
3;12;816;0;D;1;dorycnium;38,8;3,01;;;;;;;
3;12;817;1;D;1;dorycnium;35,5;2,89;;;;;;;
3;12;818;0;M;1;anthyllis;15;1,39;;;;;;;
3;12;819;1;M;1;anthyllis;;;3;;;;;;
3;12;820;1;A;1;anthyllis;;;3;;;;;;
3;12;821;1;D;1;dorycnium;28,8;3,41;;;;;;;
3;12;822;0;A;1;anthyllis;17,1;1,5;;;;;;;
3;12;823;0;D;1;dorycnium;26,5;4,66;;;;;;;
3;12;824;1;P;1;pistachia;20,5;4,03;;;;;;;
3;12;825;0;P;1;pistachia;18,5;2,91;1;;;;;;
3;12;834;0;M;1;pistachia;12,5;3,64;1;;;;;;
3;12;835;1;M;1;anthyllis;22;1,84;;;;;;;
3;12;836;0;P;1;pistachia;23,6;3,44;2;;;;;;
3;12;833;1;P;1;pistachia;18;1,83;;;;;;;
3;12;837;0;P;1;pistachia;21,4;2,5;1;;;;;;
3;12;838;1;P;1;pistachia;21,5;3,9;;;;;;;
3;12;839;0;A;1;anthyllis;22,5;2,48;;1;;;;;
3;12;842;1;P;1;pistachia;12,4;2,41;;;;;;;
3;12;843;0;P;1;pistachia;15,5;2,91;;;;;;;
3;12;844;1;A;1;anthyllis;20,2;1,72;;;;;;;
3;12;845;0;A;1;anthyllis;24,6;1,79;2;;;;;;
3;12;846;1;A;1;anthyllis;;;3;;;;;;
3;12;847;0;D;1;dorycnium;21;1,66;;;;;;;
3;12;848;1;D;1;dorycnium;31,5;3,02;;;;;;;
3;12;849;0;D;1;dorycnium;35,6;2;;;;;;;
3;12;850;1;D;1;dorycnium;31,9;3,41;;;;;;;
3;12;851;1;M;1;pistachia;13,4;2,14;2;;;;;;
3;12;852;0;M;1;pistachia;15;2,14;;;;;;;
3;12;853;0;A;1;anthyllis;16,7;1,42;;;;;;;
3;12;854;0;A;1;anthyllis;20,5;2,88;;;;;;;
3;12;855;1;A;1;anthyllis;16;1,91;;;;;;;
3;12;856;0;D;1;dorycnium;35;3,53;;;;;;;
3;12;857;1;D;1;dorycnium;20,1;1,09;;;;;;;
3;12;858;0;M;1;anthyllis;15,6;1,94;;;;;;;
3;12;859;1;M;1;dorycnium;30,2;2,84;;;;;;;
3;12;860;1;A;1;anthyllis;26;2,58;;;;;;;
3;12;861;0;D;1;dorycnium;16,5;2,7;;;;;;;
3;12;862;1;D;1;dorycnium;16;1,96;2;;;;;;
3;12;863;0;A;1;anthyllis;17;1,42;;;;;;;
3;12;864;0;D;1;dorycnium;23,3;2,05;;;;;;;
3;12;865;1;A;1;anthyllis;26,5;1,85;;;;;;;
3;12;866;1;D;1;dorycnium;33;2,57;;;;;;;
3;12;867;0;M;1;anthyllis;22;1,15;;;;;;;
3;12;868;1;M;1;dorycnium;37;2,74;;;;;;;
3;12;869;0;P;1;pistachia;19,8;2,14;1;;;;;;
3;12;870;0;A;1;anthyllis;19,2;2,16;;;;;;;
3;12;871;1;A;1;anthyllis;;;3;;;;;;
3;12;874;1;P;1;pistachia;17,2;2,94;;;;;;;
3;12;875;0;P;1;pistachia;26;3,73;1;;;;;;
3;12;876;1;P;1;pistachia;23;3,49;;;;;;;
3;12;877;0;P;1;pistachia;21,8;3,12;2;;;;;;
4;13;360;1;A;1;anthyllis;18,6;2,98;;;;;;;
4;13;361;0;A;1;anthyllis;12,7;1,76;;;;;;;
4;13;362;0;A;1;anthyllis;23;1,64;;1;;;;;
4;13;363;1;P;1;pistachia;20,2;2,76;;;;;;;
4;13;364;0;P;1;pistachia;18,8;4,22;;;;;;;
4;13;365;0;P;1;pistachia;34,2;2,92;;;;;;;
4;13;366;1;D;1;dorycnium;30,8;2,52;;;;;;;
4;13;367;0;D;1;dorycnium;25,6;2,83;;;;;;;
4;13;368;1;D;1;dorycnium;36,6;3;;;;;;;
4;13;369;1;A;1;anthyllis;35,5;2,5;;1;;;;;
4;13;370;1;A;1;anthyllis;29,2;4,52;;;;;;;
4;13;371;0;A;1;anthyllis;18,4;2,65;;;;;;;
4;13;372;0;A;1;anthyllis;36;2,46;;1;;;;;
4;13;373;1;M;1;anthyllis;33;2,31;;;;;;;
4;13;374;1;P;1;pistachia;38;3,73;;;;;;;
4;13;375;1;M;1;anthyllis;22,6;1,61;;;;;;;
4;13;376;0;M;1;anthyllis;14;1,78;;1;;;;;
4;13;378;0;M;1;pistachia;31,5;4,11;;;;;;;
4;13;383;0;P;1;pistachia;19,6;2,7;;;;;;;
4;13;386;1;M;1;dorycnium;30,4;3,11;;;;;;;
4;13;387;1;P;1;pistachia;12,2;3,58;;;;;;;
4;13;388;0;M;1;anthyllis;26,6;2,55;;1;;;;;
4;13;389;0;D;1;dorycnium;27,2;1,89;;;;;;;
4;13;998;1;M;1;pistachia;27,4;4,34;;;;;;;
4;13;390;1;D;1;dorycnium;32,2;4,55;;;;;;;
4;13;391;0;D;1;dorycnium;26,1;2,39;;;;;;;
4;13;392;0;A;1;anthyllis;17;1,44;;;;;;;
4;13;393;1;A;1;anthyllis;17,1;1,73;;;;;;;
4;13;394;1;P;1;pistachia;26,1;3,31;;;;;;;
4;13;395;0;P;1;pistachia;24;2,82;1;;;;;;
4;13;398;0;P;1;pistachia;24;4,7;2;;;;;;
4;13;399;0;D;1;dorycnium;27,6;2,35;;;;;;;
4;13;400;1;D;1;dorycnium;30,5;3,08;;;;;;;
4;13;960;0;D;1;dorycnium;31,2;2,02;;;;;;;
4;13;961;1;P;1;pistachia;27,4;3,08;;;;;;;
4;13;963;1;M;1;dorycnium;25,9;2,69;;;;;;;
4;13;967;0;P;1;pistachia;16;3,37;;;;;;;
4;13;968;1;P;1;pistachia;29,5;3,81;;;;;;;2 pistachia proches
4;13;969;0;M;1;pistachia;24,3;4,74;1;;;;;;
4;13;970;0;P;1;pistachia;20,3;2,77;2;;;;;;
4;13;971;1;M;1;anthyllis;47,1;3,14;;;;;;;
4;13;972;0;M;1;anthyllis;17,3;2,45;;1;;;;;
4;13;975;1;A;1;anthyllis;26,2;2,29;;1;;;;;
4;13;976;0;A;1;anthyllis;29,5;2,69;;;;;;;
4;13;977;0;D;1;dorycnium;28;3,65;;;;;;;
4;13;978;1;M;1;dorycnium;32,3;2,74;;;;;;;
4;13;979;0;M;1;anthyllis;26,5;3,72;;1;;;;;
4;13;980;0;M;1;anthyllis;15,2;2,42;;;;;;;
4;13;981;1;A;1;anthyllis;18,4;2,17;;;;;;;
4;13;982;0;A;1;anthyllis;20,4;1,79;;;;;;;
4;13;983;0;M;1;dorycnium;26,7;1,89;;;;;;;
4;13;984;1;M;1;pistachia;23,9;3,6;;;;;;;
4;13;985;1;D;1;dorycnium;30,4;4,69;;;;;;;
4;13;986;1;A;1;anthyllis;20,2;2,64;;;;;;;
4;13;987;0;A;1;anthyllis;22;1,56;;;;;;;
4;13;988;0;A;1;anthyllis;16,7;2,77;;;;;;;
4;13;989;1;M;1;dorycnium;;;3;;;;;;
4;13;990;1;A;1;anthyllis;40,8;2,35;;1;;;;;
4;13;991;1;D;1;dorycnium;32,5;1,83;;;;;;;
4;13;993;0;D;1;dorycnium;9,5;1,68;2;;;;;;
4;13;994;1;D;1;dorycnium;28,7;2,71;;;;;;;
4;13;995;1;P;1;pistachia;29;3,64;1;;;;;;
4;13;996;0;D;1;dorycnium;30,5;2,39;;;;;;;
4;13;997;1;D;1;dorycnium;22,5;1,68;;;;;;;
4;14;281;0;A;1;anthyllis;13,4;2,34;;1;;;;;
4;14;282;1;A;1;anthyllis;32,2;2,24;;;;;;;
4;14;283;1;A;1;anthyllis;15,2;1,31;;;;;;;
4;14;284;0;A;1;anthyllis;23,5;2,66;;;;;;;
4;14;285;1;A;1;anthyllis;19,5;2,26;;;;;;;
4;14;288;0;M;1;pistachia;24;4,22;1;;;;;;
4;14;289;1;M;1;pistachia;28,1;4,29;;;;;;;
4;14;291;0;M;1;anthyllis;19,4;2,26;;;;;;;
4;14;292;1;M;1;anthyllis;26,5;2,15;;;;;;;
4;14;293;0;D;1;dorycnium;26;3,3;;;;;;;
4;14;294;1;D;1;dorycnium;30,5;3,54;;;;;;;
4;14;296;0;D;1;dorycnium;31,3;2,2;;;;;;;
4;14;297;1;D;1;dorycnium;28,6;2,96;;;;;;;
4;14;300;1;D;1;dorycnium;22;3,4;;;;;;;
4;14;301;0;D;1;dorycnium;27;3,15;;;;;;;
4;14;302;0;A;1;anthyllis;;;3;;;;;;
4;14;303;1;P;1;pistachia;21,5;3,86;2;;;;;;
4;14;304;0;P;1;pistachia;26,2;4,76;2;;;;;;un peu cut
4;14;308;1;D;1;dorycnium;26,3;2,52;;;;;;;
4;14;309;0;D;1;dorycnium;26,6;3,43;;;;;;;
4;14;310;0;A;1;anthyllis;30,5;2,16;;;;;;;
4;14;311;0;A;1;anthyllis;27,9;1,82;;;;;;;
4;14;312;0;D;1;dorycnium;30,8;1,74;;;;;;;
4;14;313;0;P;1;pistachia;28,6;3,34;2;;;;;;
4;14;314;1;D;1;dorycnium;33;3,31;;;;;;;
4;14;315;1;P;1;pistachia;21;3,87;1;;;;;;
4;14;316;1;M;1;anthyllis;17,3;2,88;;1;;;;;
4;14;317;0;M;1;anthyllis;19,1;1,96;;;;;;;
4;14;318;1;M;1;dorycnium;33,5;4,56;;;;;;;
4;14;319;0;M;1;dorycnium;28,7;2,38;;;;;;;
4;14;320;0;M;1;dorycnium;24,1;1,99;;;;;;;
4;14;321;1;M;1;dorycnium;26;2,05;;;;;;;
4;14;325;0;M;1;dorycnium;27,5;2,13;;;;;;;
4;14;326;1;M;1;pistachia;24,4;3,32;1;;;;;;
4;14;327;1;P;1;pistachia;12,5;2,77;;;;;;;
4;14;328;0;P;1;pistachia;28;2,5;2;;;;;;
4;14;330;0;A;1;anthyllis;16,7;2,56;;;;;;;
4;14;331;1;A;1;anthyllis;19,1;1,49;;;;;;;
4;14;332;0;P;1;pistachia;28,8;4,71;1;;;;;;
4;14;334;1;P;1;pistachia;30,4;3,87;2;;;;;;
4;14;335;0;A;1;anthyllis;27,6;3,29;;1;;;;;
4;14;336;1;A;1;anthyllis;21;2,12;;;;;;;
4;14;337;0;A;1;anthyllis;19,1;1,52;;;;;;;
4;14;338;1;A;1;anthyllis;26;3,14;;;;;;;
4;14;339;0;D;1;dorycnium;7,1;1,23;2;;;;;;
4;14;340;1;D;1;dorycnium;30;2,65;;;;;;;
4;14;341;0;D;1;dorycnium;30,5;3,31;;;;;;;
4;14;342;1;D;1;dorycnium;21,4;2,6;;;;;;;
4;14;344;0;M;1;anthyllis;18,1;1,21;1;;;;;;
4;14;345;1;M;1;anthyllis;19,9;1,91;;;;;;;
4;14;346;0;D;1;dorycnium;34,9;3,08;;;;;;;
4;14;347;0;A;1;anthyllis;19;2,12;;;;;;;
4;14;348;1;D;1;dorycnium;25;2,54;;;;;;;
4;14;349;1;A;1;anthyllis;14,8;0,99;;;;;;;
4;14;350;1;P;1;pistachia;24,2;4,51;;;;;;;
4;14;351;0;P;1;pistachia;22,6;2,25;1;;;;;;
4;14;352;1;P;1;pistachia;13,6;2,5;;;;;;;
4;14;353;0;P;1;pistachia;22,2;3,15;;;;;;;
4;14;354;1;M;1;pistachia;26,7;3,16;;;;;;;
4;14;355;0;M;1;dorycnium;21;2,71;;;;;;;
4;14;356;0;P;1;pistachia;29,1;4,69;1;;;;;;
4;14;357;1;P;1;pistachia;27,8;3,66;;;;;;;
4;14;358;1;A;1;anthyllis;17;1,05;;;;;;;
4;14;359;0;A;1;anthyllis;;;3;;;;;;
4;15;1452;0;D;1;dorycnium;29;3,7;;;;;;;
4;15;1453;1;D;1;dorycnium;28,6;2,41;;;;;;;
4;15;1455;0;D;1;dorycnium;33,2;3,33;;;;;;;
4;15;1457;0;D;1;dorycnium;26,6;4,37;;;;;;;
4;15;1458;1;D;1;dorycnium;27,3;3,2;;;;;;;
4;15;1459;0;D;1;dorycnium;25,2;2,41;;;;;;;
4;15;1460;0;M;1;dorycnium;37;2,75;;;;;;;
4;15;1462;1;M;1;pistachia;19;2,84;;;;;;;
4;15;1463;1;P;1;pistachia;24,8;4,05;;;;;;;
4;15;1464;0;P;1;pistachia;26,7;3,81;;;;;;;
4;15;1465;1;D;1;dorycnium;26,2;3,09;;;;;;;
4;15;1466;0;P;1;pistachia;27;2,81;1;;;;;;
4;15;1467;1;P;1;pistachia;30,7;3,58;;;;;;;
4;15;1468;0;M;1;dorycnium;26,2;1,57;;;;;;;
4;15;1469;0;M;1;anthyllis;16;2,02;;;;;;;
4;15;1470;1;M;1;dorycnium;25,5;3,7;;;;;;;
4;15;1471;0;P;1;pistachia;26,5;3,71;2;;;;;;
4;15;1472;1;P;1;pistachia;27,9;3,71;;;;;;;
4;15;1473;1;P;1;pistachia;26,5;4,01;;;;;;;
4;15;1474;0;P;1;pistachia;26;2,03;;;;;;;
4;15;1475;1;M;1;dorycnium;32,5;4,37;;;;;;;
4;15;1476;1;M;1;dorycnium;30,1;3,26;;;;;;;
4;15;1477;1;A;1;anthyllis;19,8;2,13;;;;;;;
4;15;1478;0;A;1;anthyllis;22,1;1,68;;;;;;;
4;15;1479;1;A;1;anthyllis;22,9;3,07;;;;;;;
4;15;1480;0;A;1;anthyllis;17,5;1,77;;;;;;;
4;15;1481;1;P;1;pistachia;29;3,18;2;;;;;;
4;15;1482;0;P;1;pistachia;22,5;4,08;;;;;;;
4;15;1483;0;D;1;dorycnium;28,7;2,8;;;;;;;
4;15;1484;1;D;1;dorycnium;33,5;2,83;;;;;;;
4;15;1485;0;D;1;dorycnium;29,1;2,68;;;;;;;
4;15;1486;1;D;1;dorycnium;29,6;2,8;;;;;;;
4;15;1488;0;M;1;pistachia;7,2;2,29;2;;;;;;
4;15;1490;0;P;1;pistachia;17,1;3,86;;;;;;;
4;15;1491;1;A;1;anthyllis;21,5;2,2;;;;;;;
4;15;1492;0;A;1;anthyllis;30;2,66;;;;;;;
4;15;1495;1;A;1;anthyllis;20,6;2,54;;;;;;;
4;15;1496;0;A;1;anthyllis;31;3,01;;1;;;;;
4;15;1497;1;M;1;anthyllis;20,1;2,43;;;;;;;
4;15;1498;0;M;1;dorycnium;23,3;4,44;;;;;;;
4;15;1499;0;A;1;anthyllis;;;3;;;;;;
4;15;1500;1;A;1;anthyllis;22,4;1,92;;;;;;;
4;15;1501;0;P;1;pistachia;34,6;4,45;1;;;;;;
4;15;1503;1;P;1;pistachia;27;3,54;;;;;;;
4;15;1504;0;P;1;pistachia;29,6;3,3;;;;;;;
4;15;1505;1;D;1;dorycnium;23,4;1,94;;;;;;;
4;15;1506;0;D;1;dorycnium;27,8;2,74;;;;;;;
4;15;1507;0;M;1;dorycnium;25,5;3,29;;;;;;;
4;15;1508;1;M;1;pistachia;25,5;4,24;;;;;;;
4;15;1509;0;M;1;pistachia;13;2,95;;;;;;;
4;15;1510;1;M;1;dorycnium;27,7;2,67;;;;;;;
4;15;1512;1;D;1;dorycnium;30,2;2,68;;;;;;;
4;15;1513;0;D;1;dorycnium;29,5;2,98;;;;;;;
4;15;1515;0;A;1;anthyllis;25,1;2,24;;1;;;;;
4;15;1516;1;A;1;anthyllis;;;3;;;;;;
4;15;1523;1;A;1;anthyllis;13,2;1,69;;;;;;;
4;15;1524;0;A;1;anthyllis;24;1,74;;;;;;;
4;15;1526;1;A;1;anthyllis;19,1;2,7;;;;;;;
4;15;1527;0;A;1;anthyllis;17,2;2,36;;;;;;;
4;15;1528;0;M;1;anthyllis;18,5;2,39;;;;;;;
4;15;1529;1;M;1;dorycnium;29,4;3,46;;;;;;;
4;15;1530;1;P;1;pistachia;23,3;3,69;;;;;;;
4;15;1531;1;D;1;dorycnium;35,2;4,28;;;;;;;
2;5;561;0;M;2;anthyllis;16;1,85;;;;;;;
2;5;562;1;M;2;anthyllis;18;1,49;;;;;;;
2;5;563;1;A;2;anthyllis;7,5;1,16;;;;;;;
2;5;564;1;D;2;dorycnium;29,5;2,96;;;;;;;
2;5;565;0;A;2;anthyllis;31;1,88;;;;;;;
2;5;566;1;D;2;dorycnium;25;2,4;;;;;;;
2;5;567;1;M;2;;26,2;2,58;;;;;;;
2;5;568;0;D;2;dorycnium;25,8;2,94;;;;;;;
2;5;569;0;M;2;dorycnium;26,8;1,64;;;;;;;
2;5;570;0;P;2;pistachia;20,3;3,65;2;;;;;;
2;5;571;1;P;2;pistachia;26,1;3,53;;;;;;;
2;5;578;0;P;2;pistachia;15;2,66;;;;;;;
2;5;579;0;M;2;anthyllis;22;2,45;;;;;;;
2;5;580;1;M;2;anthyllis;26;3,07;;;;;;;
2;5;581;1;P;2;pistachia;25,5;3,42;;;;;;;
2;5;582;0;D;2;dorycnium;30;3,07;;;;;;;
2;5;583;1;M;2;anthyllis;36;3,14;;1;;;;;
2;5;584;1;D;2;dorycnium;31;3,7;;;;;;;
2;5;585;1;P;2;pistachia;29,5;5,9;;;;;;;
2;5;586;1;A;2;anthyllis;15,9;3,17;;;;;;;
2;5;587;0;A;2;anthyllis;12;2,2;;;;;;;
2;5;588;1;M;2;dorycnium;25;2,21;;;;;;;
2;5;589;0;M;2;pistachia;22,2;2,58;2;;;;;;
2;5;590;0;P;2;pistachia;29,3;3,24;2;;;;;;
2;5;591;0;P;2;pistachia;26,5;4,44;1;;;;;;
2;5;592;0;P;2;pistachia;30,6;4,4;;;;;;;
2;5;593;0;D;2;dorycnium;28,8;2,36;;;;;;;
2;5;594;1;A;2;anthyllis;22,5;2,73;;1;;;;;
2;5;595;0;A;2;anthyllis;29,3;2,97;;;;;;;
2;5;596;1;M;2;anthyllis;22,9;2,72;;1;;;;;
2;5;597;0;M;2;dorycnium;29,5;3,81;;;;;;;
2;5;598;1;P;2;pistachia;27,3;3,3;2;;;;;;
2;5;599;0;P;2;pistachia;27,9;3,99;2;;;;;;
2;5;600;1;A;2;anthyllis;30;2,16;;;;;;;
2;5;601;0;P;2;pistachia;19,1;2,77;1;;;;;;
2;5;602;1;P;2;pistachia;21,2;3,6;;;;;;;
2;5;603;0;A;2;anthyllis;6,5;1,95;2;;;;;;
2;5;607;0;D;2;dorycnium;27,8;2,2;;;;;;;
2;5;611;0;D;2;dorycnium;18,3;2,08;;;;;;;
2;5;612;1;D;2;dorycnium;31;2,87;;;;;;;
2;5;613;1;A;2;anthyllis;16,4;1,95;;;;;;;
2;5;615;0;A;2;anthyllis;43,8;2,57;;1;;;;;
2;5;617;0;D;2;dorycnium;29;2,4;;;;;;;
2;5;618;1;D;2;dorycnium;31,5;2,83;;;;;;;
2;5;619;0;M;2;pistachia;13,4;3,15;1;;;;;;
2;5;620;1;M;2;dorycnium;21,2;1,64;;;;;;;
2;5;622;0;M;2;anthyllis;21,1;2,31;;;;;;;
2;5;623;1;M;2;anthyllis;19,6;3,46;;;;;;;
2;5;624;0;A;2;anthyllis;31,4;2,16;;1;;;;;
2;5;625;1;A;2;anthyllis;22,3;2,87;;;;;;;
2;5;626;1;P;2;pistachia;25;4,57;1;;;;;;
2;5;627;0;P;2;pistachia;25,4;5,03;2;;;;;;
2;5;628;0;D;2;dorycnium;34,6;2,9;;;;;;;
2;5;629;1;D;2;dorycnium;25;3,7;;;;;;;
2;5;630;1;D;2;dorycnium;27,4;2,01;;;;;;;
2;5;631;0;D;2;dorycnium;27,6;2,93;;;;;;;
2;5;632;1;A;2;anthyllis;18,6;2,66;;;;;;;
2;5;633;0;A;2;anthyllis;21,5;3,2;;;;;;;
2;5;634;0;A;2;anthyllis;19,5;2,62;;;;;;;
2;5;635;1;A;2;anthyllis;21,9;2,48;;;;;;;
2;5;636;0;D;2;dorycnium;24,4;2,17;;;;;;;
2;5;637;1;D;2;dorycnium;33,6;2,55;;;;;;;
2;5;638;1;P;2;pistachia;29;5,55;1;;;;;;
2;6;481;0;M;2;pistachia;23;3,41;2;;;;;;
2;6;482;1;D;2;dorycnium;16;2,43;;;;;;;
2;6;483;0;D;2;dorycnium;28,8;2,6;;;;;;;
2;6;484;1;M;2;dorycnium;28,8;2,31;;;;;;;
2;6;485;1;A;2;anthyllis;20,4;2,45;;;;;;;
2;6;486;0;M;2;;19,6;2,09;;;;;;;
2;6;487;0;A;2;anthyllis;15,5;1,51;;;;;;;
2;6;488;1;A;2;anthyllis;18,1;2,61;;;;;;;
2;6;489;0;A;2;anthyllis;27,2;3,16;;1;;;;;
2;6;490;0;D;2;dorycnium;31,4;2,64;;;;;;;
2;6;491;1;D;2;dorycnium;23,5;1,74;;;;;;;
2;6;494;0;A;2;anthyllis;19,8;2,4;;;;;;;
2;6;495;1;A;2;anthyllis;19,5;2,41;;;;;;;
2;6;502;1;P;2;pistachia;17,6;2,65;;;;;;;
2;6;503;0;P;2;pistachia;24,5;3,31;;;;;;;
2;6;504;1;P;2;pistachia;26;4,49;;;;;;;
2;6;505;0;P;2;pistachia;28,6;3,63;1;;;;;;
2;6;506;1;D;2;dorycnium;30,7;3,9;;;;;;;
2;6;507;1;D;2;dorycnium;25,4;2,45;;;;;;;
2;6;508;0;D;2;dorycnium;23,3;2,05;;;;;;;
2;6;509;0;M;2;pistachia;25,8;3,4;2;;;;;;
2;6;510;1;M;2;pistachia;24;3,61;1;;;;;;
2;6;511;0;M;2;anthyllis;28,5;3,76;;1;;;;;
2;6;512;1;M;2;dorycnium;24,2;2,73;;;;;;;
2;6;513;0;P;2;pistachia;13,9;2,05;;;;;;;
2;6;514;1;D;2;dorycnium;28,5;1,99;;;;;;;
2;6;515;0;D;2;dorycnium;34,9;3,53;;;;;;;
2;6;516;1;P;2;pistachia;25;4,88;;;;;;;
2;6;517;1;A;2;anthyllis;23;1,71;;;;;;;
2;6;518;0;A;2;anthyllis;22,7;1,78;;;;;;;
2;6;519;1;M;2;dorycnium;30,7;3,14;;;;;;;
2;6;520;0;D;2;dorycnium;29,2;2,52;;;;;;;
2;6;521;1;P;2;pistachia;25,4;4,63;1;;;;;;
2;6;522;0;P;2;pistachia;31;4,02;;;;;;;
2;6;523;1;P;2;pistachia;27,2;4,86;;;;;;;
2;6;524;0;P;2;pistachia;30,2;4,16;1;;;;;;
2;6;525;0;P;2;pistachia;25,5;3,89;1;;;;;;
2;6;528;1;P;2;pistachia;26;3,99;;;;;;;
2;6;535;0;P;2;pistachia;19,2;4,43;;;;;;;
2;6;536;1;P;2;pistachia;21,6;3,86;;;;;;;
2;6;537;1;A;2;anthyllis;20;2,31;1;;;;;;
2;6;538;0;A;2;anthyllis;13,2;2,85;;;;;;;
2;6;539;1;A;2;anthyllis;18,5;1,52;;;;;;;
2;6;540;0;A;2;anthyllis;18,4;1,92;;1;;;;;
2;6;541;1;D;2;dorycnium;21,4;2,13;;;;;;;
2;6;542;0;M;2;pistachia;14,7;1,7;1;;;;;;
2;6;543;0;D;2;dorycnium;32,4;3,19;;;;;;;
2;6;544;1;D;2;dorycnium;25,6;1,99;;;;;;;
2;6;549;1;D;2;dorycnium;11;2,47;;;;;;;
2;6;550;0;D;2;dorycnium;27;2,55;;;;;;;
2;6;551;0;M;2;dorycnium;28;2,64;2;;;;;;
2;6;552;1;M;2;dorycnium;21,5;2,48;;;;;;;
2;6;555;1;A;2;anthyllis;27;2,81;;1;;;;;
2;6;556;0;A;2;anthyllis;22;2,86;;1;;;;;
2;6;557;1;M;2;anthyllis;11,5;2,45;;;;;;;
2;6;558;0;M;2;pistachia;22;3,64;2;;;;;;
2;6;559;1;A;2;anthyllis;14,4;2;;;;;;;
2;6;560;0;A;2;anthyllis;17,7;2,04;;;;;;;
2;7;641;0;A;2;anthyllis;13,2;1,21;;;;;;;
2;7;642;1;A;2;anthyllis;18,1;1,88;;;;;;;
2;7;644;0;D;2;dorycnium;32,5;2,34;;;;;;;
2;7;646;1;D;2;dorycnium;26,4;2,55;;;;;;;
2;7;648;0;D;2;dorycnium;20,4;1,59;;;;;;;
2;7;649;1;D;2;dorycnium;32,5;2,19;;;;;;;
2;7;656;0;M;2;pistachia;22,2;4,2;;;;;;;
2;7;657;1;M;2;dorycnium;28,1;3,55;;;;;;;
2;7;658;0;A;2;anthyllis;22,7;2,13;;;;;;;
2;7;659;1;A;2;anthyllis;21,5;2,74;;;;;;;
2;7;660;1;M;2;pistachia;24;4,93;;;;;;;
2;7;661;0;M;2;anthyllis;17,1;2,28;;;;;;;
2;7;662;1;M;2;dorycnium;32;3,27;;;;;;;
2;7;663;0;M;2;anthyllis;20,4;3,09;;;;;;;
2;7;668;1;D;2;dorycnium;30,5;3,2;;;;;;;
2;7;669;0;D;2;dorycnium;27,5;2,06;;;;;;;
2;7;670;0;A;2;anthyllis;23,4;2,36;;;;;;;
2;7;671;1;A;2;anthyllis;14,7;2,17;;;;;;;
2;7;672;0;M;2;dorycnium;32,4;2,32;;;;;;;
2;7;673;1;M;2;dorycnium;28;2,82;;;;;;;
2;7;674;1;D;2;dorycnium;31,9;2,11;;;;;;;
2;7;675;0;D;2;dorycnium;31,1;2,26;;;;;;;
2;7;684;1;A;2;dorycnium;29,2;2,73;;;;;;;
2;7;685;0;A;2;dorycnium;29,4;2,19;;;;;;;
2;7;692;1;P;2;pistachia;25,5;3,42;;;;;;;
2;7;691;0;P;2;pistachia;29,1;3,62;;;;;;;
2;7;694;1;D;2;dorycnium;25,7;2,87;;;;;;;
2;7;698;0;D;2;dorycnium;28,4;2,61;;;;;;;
2;7;700;0;P;2;pistachia;25,2;4,24;1;;;;;;
2;7;701;1;P;2;pistachia;27;3,53;1;;;;;;
2;7;722;0;P;2;pistachia;16,2;3,17;1;;;;;;
2;7;723;1;P;2;pistachia;15,5;3,5;;;;;;;
2;8;401;0;P;2;pistachia;22,6;3,2;;;;;;;
2;8;402;1;P;2;pistachia;21,9;3,06;;;;;;;
2;8;403;0;D;2;dorycnium;29,2;2,07;;;;;;;
2;8;405;1;D;2;dorycnium;29,5;2,39;;;;;;;
2;8;407;1;P;2;pistachia;25;2,96;;;;;;;
2;8;408;1;D;2;dorycnium;29,4;2,58;;;;;;;
2;8;409;1;D;2;dorycnium;40,8;3,63;;;;;;;
2;8;410;0;D;2;dorycnium;23,4;1,79;;;;;;;
2;8;412;0;D;2;dorycnium;22,8;2,94;;;;;;;
2;8;413;0;D;2;dorycnium;31,4;3,44;;;;;;;
2;8;414;1;D;2;dorycnium;27,3;2,94;;;;;;;
2;8;415;0;M;2;pistachia;23,8;4,04;;;;;;;
2;8;416;1;M;2;anthyllis;17,3;1,12;;;;;;;
2;8;417;0;M;2;anthyllis;16,2;2,18;;;;;;;
2;8;418;1;M;2;dorycnium;29,2;2,88;;;;;;;
2;8;419;0;P;2;pistachia;27,3;4,28;;;;;;;
2;8;420;1;A;2;anthyllis;29,6;2,87;;1;;;;;
2;8;421;0;A;2;anthyllis;36,1;3,62;;1;;;;;
2;8;424;0;A;2;anthyllis;18,6;1,76;;;;;;;
2;8;425;1;A;2;anthyllis;21,8;2,37;;1;;;;;
2;8;427;0;A;2;anthyllis;14,5;2,1;;;;;;;
2;8;428;1;A;2;anthyllis;30;2,35;;1;;;;;
2;8;429;0;M;2;anthyllis;22,1;2,52;;;;;;;
2;8;430;1;M;2;pistachia;23,6;3,44;;;;;;;
2;8;431;0;A;2;anthyllis;16,6;3,19;;;;;;;
2;8;432;0;M;2;dorycnium;27;2,09;;;;;;;
2;8;433;1;M;2;dorycnium;28,2;2,38;;;;;;;
2;8;434;1;A;2;anthyllis;24,1;2,06;;1;;;;;
2;8;435;0;D;2;dorycnium;26,6;3,09;;;;;;;
2;8;436;1;D;2;dorycnium;28,6;2,31;;;;;;;
2;8;437;0;P;2;pistachia;25,4;3,58;1;;;;;;
2;8;438;1;P;2;pistachia;26,6;3,88;;;;;;;
2;8;443;0;M;2;anthyllis;24,5;2,6;;;;;;;
2;8;444;0;P;2;pistachia;13,7;2,56;1;;;;;;
2;8;445;1;P;2;pistachia;25,7;4,64;;;;;;;
2;8;446;1;M;2;anthyllis;28,9;2,24;;;;;;;
2;8;449;0;D;2;dorycnium;27;2,67;;;;;;;
2;8;450;1;D;2;dorycnium;20,9;2,53;;;;;;;
2;8;451;0;A;2;anthyllis;19,6;2,15;;;;;;;
2;8;452;1;A;2;anthyllis;24,3;2,26;;1;;;;;
2;8;453;0;D;2;dorycnium;30,2;2,75;;;;;;;
2;8;454;1;D;2;dorycnium;25,6;1,97;;;;;;;
2;8;457;0;P;2;pistachia;16,5;2,78;1;;;;;;
2;8;458;1;P;2;pistachia;18,9;2,89;;;;;;;
2;8;459;1;P;2;pistachia;18;3,77;1;;;;;;
2;8;460;0;P;2;pistachia;17,6;2,36;2;;;;;;
2;8;461;1;A;2;anthyllis;20,3;2,8;;;;;;;
2;8;462;0;A;2;anthyllis;30;3,13;;;;;;;
2;8;463;0;P;2;pistachia;26,4;3,09;2;;;;;;
2;8;464;1;P;2;pistachia;25,5;2,5;;;;;;;
2;8;465;0;M;2;anthyllis;19,1;1,93;;;;;;;
2;8;466;1;M;2;anthyllis;14;1,54;;;;;;;
2;8;467;1;M;2;anthyllis;28,8;2,57;;1;;;;;
2;8;468;0;M;2;pistachia;17;1,93;2;;;;;;
2;8;469;0;P;2;pistachia;18,4;1,93;1;;;;;;
2;8;470;0;A;2;anthyllis;19,2;2,72;;;;;;;
2;8;471;1;A;2;anthyllis;17,7;1,82;;;;;;;
2;8;472;1;P;2;pistachia;18,5;2,35;;;;;;;
2;8;473;0;D;2;dorycnium;30,5;2,62;;;;;;;
2;8;474;1;D;2;dorycnium;24;2,42;;;;;;;
2;8;477;1;M;2;pistachia;26,2;2,75;;;;;;;
2;8;478;0;M;2;pistachia;20,7;2,51;1;;;;;;
2;8;479;0;A;2;anthyllis;20,3;2,53;;;;;;;
2;8;480;1;A;2;anthyllis;29;2,37;;;;;;;
3;9;881;0;A;2;anthyllis;18,8;2,69;;;;;;;
3;9;882;1;A;2;anthyllis;13,5;1,55;;;;;;;
3;9;885;0;A;2;anthyllis;18,2;2,45;;;;;;;
3;9;886;1;A;2;anthyllis;39;3;;1;;;;;
3;9;887;0;M;2;anthyllis;16;2,48;;;;;;;
3;9;888;1;M;2;pistachia;28,7;3,11;;;;;;;
3;9;889;1;P;2;pistachia;27,9;2,62;;;;;;;
3;9;890;0;P;2;pistachia;22,7;2,85;1;;;;;;
3;9;891;0;M;2;pistachia;26;3,92;;;;;;;
3;9;892;1;M;2;pistachia;23;3,83;;;;;;;
3;9;897;1;P;2;pistachia;17,5;2,58;;;;;;;
3;9;898;0;P;2;pistachia;19;3,49;1;;;;;;
3;9;899;0;P;2;pistachia;17,3;3,06;;;;;;;
3;9;900;1;P;2;pistachia;18,5;2,58;;;;;;;
3;9;1329;1;M;2;dorycnium;22,8;1,55;;;;;;;
3;9;901;0;M;2;anthyllis;17;1,68;;;;;;;
3;9;905;0;D;2;dorycnium;17,3;3,34;;;;;;;
3;9;906;1;D;2;dorycnium;24;1,96;;;;;;;
3;9;907;0;A;2;anthyllis;17,8;1,74;;;;;;;
3;9;908;1;A;2;anthyllis;26,4;1,95;;;;;;;
3;9;912;1;M;2;pistachia;16,5;2,8;;;;;;;
3;9;911;0;M;2;pistachia;16,4;2,32;2;;;;;;
3;9;914;1;D;2;dorycnium;31,5;2,9;;;;;;;
3;9;915;0;D;2;dorycnium;37;2,59;;;;;;;
3;9;916;1;D;2;dorycnium;16,2;1,85;;;;;;;
3;9;917;0;D;2;dorycnium;34,3;2,21;;;;;;;
3;9;918;0;A;2;anthyllis;18,5;2,3;;;;;;;
3;9;919;1;A;2;anthyllis;18;2,04;;;;;;;
3;9;920;0;D;2;dorycnium;33,6;1,83;;;;;;;
3;9;921;1;D;2;dorycnium;37;2,49;;;;;;;
3;9;922;1;A;2;anthyllis;20,5;2,25;;;;;;;
3;9;923;0;A;2;anthyllis;18;3,63;;;;;;;
3;9;924;0;P;2;pistachia;13,6;1,79;1;;;;;;
3;9;925;1;P;2;pistachia;22,5;3,22;;;;;;;
3;9;926;0;D;2;dorycnium;30;2,34;;;;;;;
3;9;927;1;D;2;dorycnium;23,5;2,22;;;;;;;
3;9;928;0;P;2;pistachia;23,3;2,89;1;;;;;;
3;9;929;1;P;2;pistachia;19,3;3,3;;;;;;;
3;9;930;1;P;2;pistachia;14,5;2,91;;;;;;;
3;9;931;0;P;2;pistachia;25,5;2,48;1;;;;;;
3;9;932;1;D;2;dorycnium;29;1,98;;;;;;;
3;9;933;0;D;2;dorycnium;33;2;;;;;;;
3;9;934;0;D;2;dorycnium;25,3;2,02;;;;;;;
3;9;935;1;D;2;dorycnium;37,5;2,34;;;;;;;
3;9;936;0;P;2;pistachia;22;3,61;;;;;;;
3;9;937;1;P;2;pistachia;27,4;3,2;;;;;;;
3;9;938;0;M;2;;27,8;4,46;;;;;;;
3;9;939;1;M;2;;37;4,1;;;;;;;
3;9;941;0;A;2;anthyllis;25;2,14;;1;;;;;
3;9;942;1;A;2;anthyllis;14;2,32;;;;;;;
3;9;943;0;P;2;pistachia;14,7;3,95;2;;;;;;
3;9;944;1;P;2;pistachia;10,5;3,82;;;;;;;
3;9;947;1;D;2;dorycnium;28,5;2,18;;;;;;;
3;9;948;0;D;2;dorycnium;39,8;3,16;;;;;;;
3;9;952;0;A;2;anthyllis;14,2;1,72;;;;;;;
3;9;953;1;A;2;anthyllis;;;3;;;;;;
3;9;956;1;M;2;pistachia;20,9;3,65;;;;;;;
3;9;957;0;M;2;pistachia;21,2;2,75;1;;;;;;
3;9;958;0;M;2;dorycnium;28,5;2,19;;;;;;;
3;9;959;1;M;2;anthyllis;20,9;2,9;;;;;;;
3;10;1103;0;A;2;anthyllis;11,7;2,2;;;;;;;
3;10;1110;1;A;2;anthyllis;15,3;2,62;1;;;;;;
3;10;1113;0;A;2;anthyllis;30,3;2,54;;1;;;;;
3;10;1114;1;A;2;anthyllis;22,7;2,97;;;;;;;
3;10;1117;1;D;2;dorycnium;35,1;3,43;;;;;;;
3;10;1118;0;D;2;dorycnium;28;2,45;;;;;;;
3;10;1120;0;P;2;pistachia;23;3,79;;;;;;;
3;10;1121;1;P;2;pistachia;27;3,52;;;;;;;
3;10;1131;0;P;2;pistachia;9,3;2,37;;;;;;;
3;10;1077;1;P;2;pistachia;21,2;3,28;;;;;;;
3;10;1134;0;P;2;pistachia;19;3,2;;;;;;;
3;10;1135;1;P;2;pistachia;28,5;3,41;;;;;;;
3;10;1137;0;M;2;anthyllis;19,8;2,56;;;;;;;
3;10;1138;1;M;2;dorycnium;36;2,14;;;;;;;
3;10;1139;0;M;2;anthyllis;22,8;1,93;;;;;;;
3;10;1140;1;M;2;pistachia;27,3;2,98;;;;;;;
3;10;1143;0;P;2;pistachia;21,4;3,16;;;;;;;
3;10;1144;1;P;2;pistachia;19,9;3,42;;;;;;;
3;10;1145;1;D;2;dorycnium;30,7;3,26;;;;;;;
3;10;1146;0;D;2;dorycnium;28,5;1,5;;;;;;;
3;10;1148;1;M;2;dorycnium;31;1,84;;;;;;;
3;10;1149;0;M;2;dorycnium;30,8;3,03;;;;;;;
3;10;1051;0;A;2;anthyllis;19,7;2,4;;;;;;;
3;10;1052;1;A;2;anthyllis;20,4;1,7;;;;;;;
3;10;1059;1;D;2;dorycnium;36,6;2,12;;;;;;;
3;10;1060;0;D;2;dorycnium;34,5;3,04;;;;;;;
3;10;1064;1;M;2;dorycnium;27,7;2,11;;;;;;;
3;10;1067;0;D;2;dorycnium;16,4;2,03;;;;;;;
3;10;1068;1;D;2;dorycnium;27,6;2,37;;;;;;;
3;10;1071;1;P;2;pistachia;21,2;3,92;;;;;;;
3;10;1072;0;P;2;pistachia;22,5;3,23;;;;;;;
3;11;1022;0;M;2;anthyllis;24,5;1,92;;1;;;;;
3;11;1023;1;M;2;pistachia;31,2;3,09;;;;;;;
3;11;1026;0;P;2;pistachia;27,5;1,84;;;;;;;
3;11;1027;1;P;2;pistachia;24,2;3,04;;;;;;;
3;11;1029;1;D;2;dorycnium;34,9;1,9;;;;;;;
3;11;1030;0;D;2;dorycnium;36,6;2,5;;;;;;;
3;11;1031;0;P;2;pistachia;19,4;3,01;;;;;;;
3;11;1032;1;P;2;pistachia;17,7;2,54;;;;;;;
3;11;1033;0;D;2;dorycnium;27,8;3,19;;;;;;;
3;11;1034;1;D;2;dorycnium;34,3;1,48;;;;;;;
3;11;1035;0;D;2;dorycnium;40,5;3,25;;;;;;;
3;11;1037;0;P;2;pistachia;28,2;3,11;;;;;;;
3;11;1038;1;D;2;dorycnium;20,9;2,03;;;;;;;
3;11;1039;1;P;2;pistachia;29,5;3,4;1;;;;;;
3;11;1040;0;M;2;anthyllis;13;1,69;;;;;;;
3;11;1041;0;P;2;pistachia;15,8;2,72;;;;;;;
3;11;1042;1;P;2;pistachia;29,7;4,67;;;;;;;
3;11;1043;0;M;2;dorycnium;30,6;2,89;;;;;;;
3;11;1044;1;M;2;anthyllis;17,6;1,89;;1;;;;;
3;11;1045;1;D;2;dorycnium;21,3;2,14;;;;;;;
3;11;1046;0;D;2;dorycnium;27,6;1,96;;;;;;;
3;11;1047;0;P;2;pistachia;17,5;3,37;;;;;;;
3;11;1048;1;P;2;pistachia;22;3,57;;;;;;;
3;11;1049;0;A;2;anthyllis;18,1;2,63;;;;;;;
3;11;1050;0;A;2;anthyllis;19,5;2,36;;1;;;;;
3;11;1151;1;A;2;anthyllis;27,8;2,34;;1;;;;;
3;11;1152;1;M;2;pistachia;16,7;2,82;;;;;;;
3;11;1153;0;M;2;pistachia;19,7;2,84;1;;;;;;
3;11;1154;1;M;2;dorycnium;35,3;2,56;;;;;;;
3;11;1155;0;M;2;pistachia;18,7;2,66;1;;;;;;
3;11;1080;1;M;2;pistachia;38,5;3,23;1;;;;;;
3;11;1065;0;M;2;pistachia;19,8;2,04;1;;;;;;
3;11;1156;0;A;2;anthyllis;30,2;2,88;;1;;;;;
3;11;1079;1;A;2;anthyllis;20,8;2,72;;;;;;;
3;11;1081;1;A;2;anthyllis;19,2;2,2;;;;;;;
3;11;1084;0;A;2;anthyllis;18,4;2,34;;;;;;;
3;11;1085;1;A;2;anthyllis;;;3;;;;;;
3;11;1088;1;D;2;dorycnium;31,2;2,61;;;;;;;
3;11;1089;0;D;2;dorycnium;23;2,06;;;;;;;
3;11;1092;1;D;2;dorycnium;31;2,32;;;;;;;
3;11;1093;0;D;2;dorycnium;23,5;1,4;;;;;;;
3;11;1094;0;P;2;pistachia;24;4,04;;;;;;;
3;11;1159;0;A;2;anthyllis;17,2;1,17;;;;;;;
3;11;1095;1;A;2;anthyllis;24,8;1,94;;;;;;;
3;11;1096;1;A;2;anthyllis;16,4;1,81;;;;;;;
3;11;1197;0;A;2;anthyllis;;;3;;;;;;
3;11;1099;1;P;2;pistachia;16;2,33;;;;;;;
3;11;1100;0;P;2;pistachia;17,4;2,38;1;;;;;;
3;11;1001;0;D;2;dorycnium;27,6;1,9;;;;;;;
3;11;1002;1;D;2;dorycnium;29;2,56;;;;;;;
3;11;1003;1;P;2;pistachia;29,5;4,16;1;;;;;;
3;11;1004;0;P;2;pistachia;33;5,49;1;;;;;;
3;11;1005;1;D;2;dorycnium;30,1;2,43;;;;;;;
3;11;1006;1;A;2;anthyllis;21,5;2,41;;;;;;;
3;11;1007;0;A;2;anthyllis;29;1,96;;1;;;;;
3;11;1009;0;D;2;dorycnium;28,9;3,04;;;;;;;
3;11;1010;0;A;2;anthyllis;;;3;;;;;;
3;11;1012;0;M;2;dorycnium;33;2,33;;;;;;;
3;11;1013;1;M;2;dorycnium;31,5;2,68;;;;;;;
3;11;1014;0;M;2;anthyllis;34;1,98;1;1;;;;;
3;11;1015;1;M;2;anthyllis;33,2;3,86;;;;;;;
3;11;1016;1;A;2;anthyllis;21;1,9;;;;;;;
3;11;1018;1;P;2;pistachia;19;3,71;;;;;;;
3;11;1019;1;D;2;dorycnium;36,2;2,67;;;;;;;
3;11;1021;0;D;2;dorycnium;36;2,92;;;;;;;
3;12;801;0;M;2;anthyllis;20,4;2,37;;;;;;;
3;12;802;1;M;2;pistachia;24,8;3,94;;;;;;;
3;12;803;0;A;2;anthyllis;18,5;1,52;;;;;;;
3;12;804;0;M;2;pistachia;23;3,38;;;;;;;
3;12;805;1;A;2;anthyllis;15;1,01;;;;;;;
3;12;806;1;M;2;pistachia;17,6;2,42;;;;;;;
3;12;808;1;M;2;pistachia;27;4,05;;;;;;;
3;12;809;0;M;2;pistachia;26;3,48;1;;;;;;
3;12;810;1;D;2;dorycnium;27,3;1,53;;;;;;;
3;12;811;0;D;2;dorycnium;25,2;1,8;;;;;;;
3;12;814;0;P;2;pistachia;25,7;4,01;;;;;;;
3;12;815;1;P;2;pistachia;22,2;4,43;;;;;;;
3;12;816;0;D;2;dorycnium;35,2;2,35;;;;;;;
3;12;817;1;D;2;dorycnium;29,1;3,75;;;;;;;
3;12;818;0;M;2;dorycnium;30,1;3,32;;;;;;;
3;12;819;1;M;2;pistachia;36;5,72;;;;;;;
3;12;820;1;A;2;anthyllis;20,8;2,36;;;;;;;
3;12;821;1;D;2;dorycnium;30,7;2,74;;;;;;;
3;12;822;0;A;2;anthyllis;20,2;1,57;;;;;;;
3;12;823;0;D;2;dorycnium;27,5;4,05;;;;;;;
3;12;824;1;P;2;pistachia;21,3;2,87;;;;;;;
3;12;825;0;P;2;pistachia;17,7;2,35;1;;;;;;
3;12;834;0;M;2;dorycnium;24,2;2,49;;;;;;;
3;12;835;1;M;2;dorycnium;34,4;2,26;;;;;;;
3;12;836;0;P;2;pistachia;12,4;2,03;;;;;;;
3;12;833;1;P;2;pistachia;21,6;2,3;;;;;;;
3;12;837;0;P;2;pistachia;18,7;3,92;;;;;;;
3;12;838;1;P;2;pistachia;21,2;4,16;;;;;;;
3;12;839;0;A;2;anthyllis;11,5;1,86;2;;;;;;
3;12;842;1;P;2;pistachia;10,9;2,5;;;;;;;
3;12;843;0;P;2;pistachia;17;3,94;;;;;;;
3;12;844;1;A;2;anthyllis;15;2,21;;;;;;;
3;12;845;0;A;2;anthyllis;;;3;;;;;;
3;12;846;1;A;2;anthyllis;17,6;2,49;2;;;;;;
3;12;847;0;D;2;dorycnium;35;3,24;;;;;;;
3;12;848;1;D;2;dorycnium;28,6;2,06;;;;;;;
3;12;849;0;D;2;dorycnium;35,7;2,34;;;;;;;
3;12;850;1;D;2;dorycnium;40;3,07;;;;;;;
3;12;851;1;M;2;dorycnium;35;3,04;;;;;;;
3;12;852;0;M;2;anthyllis;29,1;1,52;;;;;;;
3;12;853;0;A;2;anthyllis;16,3;1,81;;;;;;;
3;12;854;0;A;2;anthyllis;12,2;1,02;;;;;;;
3;12;855;1;A;2;anthyllis;;;3;;;;;;
3;12;856;0;D;2;dorycnium;37,8;2,98;;;;;;;
3;12;857;1;D;2;dorycnium;27;1,65;;;;;;;
3;12;858;0;M;2;pistachia;29,5;3,38;1;;;;;;
3;12;859;1;M;2;pistachia;24,7;3,52;;;;;;;
3;12;860;1;A;2;anthyllis;18,8;1,55;;;;;;;
3;12;861;0;D;2;dorycnium;15;1,12;;;;;;;
3;12;862;1;D;2;dorycnium;14,7;1,29;;;;;;;
3;12;863;0;A;2;anthyllis;;;3;;;;;;
3;12;864;0;D;2;dorycnium;21,4;3,13;;;;;;;
3;12;865;1;A;2;anthyllis;4,2;0,88;;;;;;;
3;12;866;1;D;2;dorycnium;37,5;2,4;;;;;;;
3;12;867;0;M;2;pistachia;27,2;3,05;;;;;;;
3;12;868;1;M;2;pistachia;21,1;2,55;;;;;;;
3;12;869;0;P;2;pistachia;12,2;1,19;;;;;;;
3;12;870;0;A;2;anthyllis;31,9;2,62;;1;;;;;
3;12;871;1;A;2;anthyllis;;;3;;;;;;
3;12;874;1;P;2;pistachia;23,4;5,06;1;;;;;;
3;12;875;0;P;2;pistachia;22,4;2,7;;;;;;;
3;12;876;1;P;2;pistachia;23;3,2;;;;;;;
3;12;877;0;P;2;pistachia;30,8;3,24;1;;;;;;
4;13;360;1;A;2;anthyllis;18,2;1,9;;;;;;;
4;13;361;0;A;2;anthyllis;10,4;2,57;;;;;;;
4;13;362;0;A;2;anthyllis;28,7;2,09;;;;;;;
4;13;363;1;P;2;pistachia;30,1;4,61;;;;;;;
4;13;364;0;P;2;pistachia;18,2;2,11;2;;;;;;
4;13;365;0;P;2;pistachia;31,4;3,15;2;;;;;;
4;13;366;1;D;2;dorycnium;32,7;3,6;;;;;;;
4;13;367;0;D;2;dorycnium;24;2,87;;;;;;;
4;13;368;1;D;2;dorycnium;32;2,87;;;;;;;
4;13;369;1;A;2;anthyllis;18;3,03;;;;;;;
4;13;370;1;A;2;anthyllis;8,5;0,92;;;;;;;
4;13;371;0;A;2;anthyllis;32;2,35;2;;;;;;
4;13;372;0;A;2;anthyllis;32,3;2,4;;1;;;;;
4;13;373;1;M;2;pistachia;29;3,84;;;;;;;
4;13;374;1;P;2;pistachia;23,1;4,8;;;;;;;
4;13;375;1;M;2;dorycnium;29;2,79;;;;;;;
4;13;376;0;M;2;pistachia;21,6;3,33;1;;;;;;
4;13;378;0;M;2;dorycnium;27,3;2,71;;;;;;;
4;13;383;0;P;2;pistachia;20,6;4,42;1;;;;;;
4;13;386;1;M;2;anthyllis;19,5;1,91;;;;;;;
4;13;387;1;P;2;pistachia;16,3;3,3;;;;;;;
4;13;388;0;M;2;pistachia;27;4,34;1;;;;;;
4;13;389;0;D;2;dorycnium;22;2,81;;;;;;;
4;13;998;1;M;2;dorycnium;32;3,75;;;;;;;
4;13;390;1;D;2;dorycnium;31;4,4;;;;;;;
4;13;391;0;D;2;dorycnium;24,5;2,75;;;;;;;
4;13;392;0;A;2;anthyllis;16,5;1,57;;;;;;;
4;13;393;1;A;2;anthyllis;14,5;1,05;;;;;;;
4;13;394;1;P;2;pistachia;25,4;2,86;;;;;;;
4;13;395;0;P;2;pistachia;24,9;3,9;2;;;;;;
4;13;398;0;P;2;pistachia;24,5;3,74;2;;;;;;
4;13;399;0;D;2;dorycnium;27,5;2,6;;;;;;;
4;13;400;1;D;2;dorycnium;28,5;2,22;;;;;;;
4;13;960;0;D;2;dorycnium;26,5;2,14;;;;;;;
4;13;961;1;P;2;pistachia;28,1;4,39;1;;;;;;
4;13;963;1;M;2;pistachia;23,4;4,26;1;;;;;;
4;13;967;0;P;2;pistachia;16,5;3,06;;;;;;;
4;13;968;1;P;2;pistachia;30,3;5,7;1;;;;;;
4;13;969;0;M;2;anthyllis;44,3;2,75;;;;;;;
4;13;970;0;P;2;pistachia;19,4;3,84;2;;;;;;
4;13;971;1;M;2;pistachia;27,4;5,06;;;;;;;
4;13;972;0;M;2;pistachia;20,1;3,23;1;;;;;;
4;13;975;1;A;2;anthyllis;15,2;1,07;;1;;;;;
4;13;976;0;A;2;anthyllis;35,5;2,21;;1;;;;;
4;13;977;0;D;2;dorycnium;18,6;3,79;;;;;;;
4;13;978;1;M;2;anthyllis;24,5;1,57;;1;;;;;
4;13;979;0;M;2;pistachia;25,7;4,12;1;;;;;;
4;13;980;0;M;2;pistachia;13;1,75;1;;;;;;
4;13;981;1;A;2;anthyllis;22,9;2,19;;;;;;;
4;13;982;0;A;2;anthyllis;20,2;1,42;;;;;;;
4;13;983;0;M;2;anthyllis;33;2,44;;1;;;;;
4;13;984;1;M;2;dorycnium;28;2,78;;;;;;;
4;13;985;1;D;2;dorycnium;27,3;2,74;;;;;;;
4;13;986;1;A;2;anthyllis;21,6;1,22;;;;;;;
4;13;987;0;A;2;anthyllis;28,6;1,85;;;;;;;
4;13;988;0;A;2;anthyllis;31,5;2,29;;1;;;;;
4;13;989;1;M;2;anthyllis;25,5;1,85;;;;;;;
4;13;990;1;A;2;anthyllis;18,5;2,87;;;;;;;
4;13;991;1;D;2;dorycnium;38,7;3,27;;;;;;;
4;13;993;0;D;2;dorycnium;27,5;2,94;1;;;;;;
4;13;994;1;D;2;dorycnium;27,8;2,67;;;;;;;
4;13;995;1;P;2;pistachia;26,8;4,68;1;;;;;;
4;13;996;0;D;2;dorycnium;22,7;2,27;;;;;;;
4;13;997;1;D;2;dorycnium;18,7;1,83;;;;;;;
4;14;281;0;A;2;anthyllis;20,3;2,57;;;;;;;
4;14;282;1;A;2;anthyllis;17;2,22;;;;;;;
4;14;283;1;A;2;anthyllis;24,2;1,46;;1;;;;;
4;14;284;0;A;2;anthyllis;28,4;2,22;;;;;;;
4;14;285;1;A;2;anthyllis;23,1;1,87;;;;;;;
4;14;288;0;M;2;anthyllis;20,5;4,04;;;;;;;
4;14;289;1;M;2;anthyllis;19;2,43;;;;;;;
4;14;291;0;M;2;dorycnium;19,3;3,57;;;;;;;
4;14;292;1;M;2;pistachia;28,7;3,81;;;;;;;
4;14;293;0;D;2;dorycnium;24,2;3,05;;;;;;;
4;14;294;1;D;2;dorycnium;30,5;4,09;;;;;;;
4;14;296;0;D;2;dorycnium;22,6;2,67;;;;;;;
4;14;297;1;D;2;dorycnium;28,2;3,81;;;;;;;
4;14;300;1;D;2;dorycnium;21,4;2,43;;;;;;;
4;14;301;0;D;2;dorycnium;15,5;2,57;;;;;;;
4;14;302;0;A;2;anthyllis;14,2;1,85;;1;;;;;
4;14;303;1;P;2;pistachia;28,8;3,36;;;;;;;
4;14;304;0;P;2;pistachia;20;2,76;1;;;;;;
4;14;308;1;D;2;dorycnium;29,4;3,28;;;;;;;
4;14;309;0;D;2;dorycnium;23,5;3,6;;;;;;;
4;14;310;0;A;2;anthyllis;27,1;1,87;;;;;;;
4;14;311;0;A;2;anthyllis;28;2,1;;1;;;;;
4;14;312;0;D;2;dorycnium;29,5;2,65;;;;;;;
4;14;313;0;P;2;pistachia;25,1;3,58;2;;;;;;
4;14;314;1;D;2;dorycnium;36,4;3,12;;;;;;;
4;14;315;1;P;2;pistachia;21,2;3,85;;;;;;;
4;14;316;1;M;2;dorycnium;24,6;2,59;;;;;;;
4;14;317;0;M;2;dorycnium;30,1;4,8;;;;;;;
4;14;318;1;M;2;anthyllis;;;3;;;;;;
4;14;319;0;M;2;anthyllis;25,8;1,85;;;;;;;
4;14;320;0;M;2;pistachia;15,1;3,58;;;;;;;
4;14;321;1;M;2;anthyllis;25,5;1,46;;;;;;;
4;14;325;0;M;2;anthyllis;21,2;2,26;;;;;;;
4;14;326;1;M;2;anthyllis;32,5;2,05;;1;;;;;
4;14;327;1;P;2;pistachia;8;2,05;;;;;;;
4;14;328;0;P;2;pistachia;17,8;4,98;1;;;;;;
4;14;330;0;A;2;anthyllis;17,8;1,97;;1;;;;;
4;14;331;1;A;2;anthyllis;23,2;2,41;;;;;;;
4;14;332;0;P;2;pistachia;31,4;4,42;1;;;;;;
4;14;334;1;P;2;pistachia;23;5,56;;;;;;;
4;14;335;0;A;2;anthyllis;20,5;2,94;;;;;;;
4;14;336;1;A;2;anthyllis;24,3;1,66;;;;;;;
4;14;337;0;A;2;anthyllis;19,1;2,26;;;;;;;
4;14;338;1;A;2;anthyllis;14;1,81;;;;;;;
4;14;339;0;D;2;dorycnium;21,9;2,29;;;;;;;
4;14;340;1;D;2;dorycnium;31;2;;;;;;;
4;14;341;0;D;2;dorycnium;28,7;2,19;;;;;;;
4;14;342;1;D;2;dorycnium;27,2;2,67;;;;;;;
4;14;344;0;M;2;pistachia;24;4,15;2;;;;;;
4;14;345;1;M;2;pistachia;22,8;3,07;1;;;;;;
4;14;346;0;D;2;dorycnium;30;2,99;;;;;;;
4;14;347;0;A;2;anthyllis;20;1,43;;;;;;;
4;14;348;1;D;2;dorycnium;33;2,3;;;;;;;
4;14;349;1;A;2;anthyllis;40;2,66;;1;;;;;
4;14;350;1;P;2;pistachia;27,7;4,23;;;;;;;
4;14;351;0;P;2;pistachia;19;2,36;2;;;;;;
4;14;352;1;P;2;pistachia;33,2;3,37;2;;;;;;
4;14;353;0;P;2;pistachia;16,4;2,82;1;;;;;;
4;14;354;1;M;2;anthyllis;36,2;1,77;;1;;;;;
4;14;355;0;M;2;pistachia;29,2;3,74;2;;;;;;
4;14;356;0;P;2;pistachia;29;3,38;1;;;;;;
4;14;357;1;P;2;pistachia;27,4;3,29;1;;;;;;
4;14;358;1;A;2;anthyllis;26,4;2,07;;;;;;;
4;14;359;0;A;2;anthyllis;20;2,93;;;;;;;
4;15;1452;0;D;2;dorycnium;29,4;2,55;;;;;;;
4;15;1453;1;D;2;dorycnium;28,8;3,02;;;;;;;
4;15;1455;0;D;2;dorycnium;28,8;3,15;;;;;;;
4;15;1457;0;D;2;dorycnium;24;1,86;;;;;;;
4;15;1458;1;D;2;dorycnium;23,3;2;;;;;;;
4;15;1459;0;D;2;dorycnium;26,8;2,46;;;;;;;
4;15;1460;0;M;2;anthyllis;18;1,31;;;;;;;
4;15;1462;1;M;2;anthyllis;26,5;2,51;;1;;;;;
4;15;1463;1;P;2;pistachia;29;3,12;;;;;;;
4;15;1464;0;P;2;pistachia;27,5;3,8;1;;;;;;
4;15;1465;1;D;2;dorycnium;27,3;2,29;;;;;;;
4;15;1466;0;P;2;pistachia;21,5;2,95;1;;;;;;
4;15;1467;1;P;2;pistachia;25,5;3,9;;;;;;;
4;15;1468;0;M;2;pistachia;17,2;1,44;2;;;;;;
4;15;1469;0;M;2;dorycnium;30,6;2,54;;;;;;;
4;15;1470;1;M;2;pistachia;24,4;2,32;;;;;;;
4;15;1471;0;P;2;pistachia;23,1;3,08;1;;;;;;
4;15;1472;1;P;2;pistachia;17,2;3,16;;;;;;;
4;15;1473;1;P;2;pistachia;29,8;4,38;;;;;;;
4;15;1474;0;P;2;pistachia;17,8;3,34;;;;;;;
4;15;1475;1;M;2;anthyllis;36,5;4,7;;1;;;;;
4;15;1476;1;M;2;pistachia;20,7;2,16;;;;;;;
4;15;1477;1;A;2;anthyllis;16;1,86;;;;;;;
4;15;1478;0;A;2;anthyllis;29,9;3,03;;;;;;;
4;15;1479;1;A;2;anthyllis;19,9;1,7;;;;;;;
4;15;1480;0;A;2;anthyllis;21;1,73;;;;;;;
4;15;1481;1;P;2;pistachia;29,5;5,22;;;;;;;
4;15;1482;0;P;2;pistachia;24,2;4,8;;;;;;;
4;15;1483;0;D;2;dorycnium;24,9;2,09;;;;;;;
4;15;1484;1;D;2;dorycnium;32,5;2,06;;;;;;;
4;15;1485;0;D;2;dorycnium;29,2;2,83;;;;;;;
4;15;1486;1;D;2;dorycnium;30,2;2,59;;;;;;;
4;15;1488;0;M;2;anthyllis;17,5;2,91;;;;;;;
4;15;1490;0;P;2;pistachia;32,8;3,03;;;;;;;
4;15;1491;1;A;2;anthyllis;;;3;;;;;;
4;15;1492;0;A;2;anthyllis;34,4;2,31;;1;;;;;
4;15;1495;1;A;2;anthyllis;23,5;1,71;;;;;;;
4;15;1496;0;A;2;anthyllis;17;2,42;;;;;;;
4;15;1497;1;M;2;dorycnium;25,9;2,92;;;;;;;
4;15;1498;0;M;2;pistachia;8,2;2,62;;;;;;;
4;15;1499;0;A;2;anthyllis;;;3;;;;;;
4;15;1500;1;A;2;anthyllis;26,9;2,25;;1;;;;;
4;15;1501;0;P;2;pistachia;23,2;3,72;;;;;;;
4;15;1503;1;P;2;pistachia;28,5;4,3;;;;;;;
4;15;1504;0;P;2;pistachia;24,6;3,89;;;;;;;
4;15;1505;1;D;2;dorycnium;23;2,38;;;;;;;
4;15;1506;0;D;2;dorycnium;21,7;3,51;;;;;;;
4;15;1507;0;M;2;pistachia;26,2;5,2;1;;;;;;
4;15;1508;1;M;2;anthyllis;18,8;1,65;;;;;;;
4;15;1509;0;M;2;dorycnium;26,8;2,82;;;;;;;
4;15;1510;1;M;2;anthyllis;25;1,34;;;;;;;
4;15;1512;1;D;2;dorycnium;29;3,58;;;;;;;
4;15;1513;0;D;2;dorycnium;27,2;2,81;;;;;;;
4;15;1515;0;A;2;anthyllis;24,2;1,17;;1;;;;;
4;15;1516;1;A;2;anthyllis;18,3;1,62;2;;;;;;
4;15;1523;1;A;2;anthyllis;8,2;1,75;2;;;;;;
4;15;1524;0;A;2;anthyllis;17;1,35;;;;;;;
4;15;1526;1;A;2;anthyllis;24,5;2,38;;1;;;;;
4;15;1527;0;A;2;anthyllis;17,1;1,81;;;;;;;
4;15;1528;0;M;2;pistachia;20,5;2,37;;;;;;;
4;15;1529;1;M;2;pistachia;18,2;3,59;;;;;;;
4;15;1530;1;P;2;pistachia;25,3;3,83;;;;;;;
4;15;1531;1;D;2;dorycnium;32,2;2,65;;;;;;;
2;5;561;0;M;3;pistachia;21,3;3,62;1;;;;;;
2;5;562;1;M;3;dorycnium;27,7;2,05;;;;;;;
2;5;563;1;A;3;anthyllis;14,4;1,79;;;;;;;
2;5;564;1;D;3;dorycnium;29;2,97;;;;;;;
2;5;565;0;A;3;anthyllis;23,5;2,38;;;;;;;
2;5;566;1;D;3;dorycnium;29,3;2,6;;;;;;;
2;5;567;1;M;3;;28,5;4,24;;;;;;;
2;5;568;0;D;3;dorycnium;29,5;2,5;;;;;;;
2;5;569;0;M;3;anthyllis;12,9;2,18;;;;;;;
2;5;570;0;P;3;pistachia;25,9;4,54;2;;;;;;
2;5;571;1;P;3;pistachia;19,2;4;;;;;;;
2;5;578;0;P;3;pistachia;22,4;2,87;2;;;;;;
2;5;579;0;M;3;pistachia;24;2,84;2;;;;;;
2;5;580;1;M;3;dorycnium;31;2,97;;;;;;;
2;5;581;1;P;3;pistachia;24,5;4,07;2;;;;;;
2;5;582;0;D;3;dorycnium;28,6;3,91;;;;;;;
2;5;583;1;M;3;pistachia;15,8;3,79;1;;;;;;
2;5;584;1;D;3;dorycnium;31,9;4,62;;;;;;;
2;5;585;1;P;3;pistachia;23;3,24;;;;;;;
2;5;586;1;A;3;anthyllis;16,5;2,16;;;;;;;
2;5;587;0;A;3;anthyllis;17,2;2,39;;;;;;;
2;5;588;1;M;3;pistachia;29;4,48;2;;;;;;
2;5;589;0;M;3;dorycnium;21;3,05;;;;;;;
2;5;590;0;P;3;pistachia;24;2,81;1;;;;;;
2;5;591;0;P;3;pistachia;23,3;3,85;2;;;;;;
2;5;592;0;P;3;pistachia;25,7;4,68;;;;;;;
2;5;593;0;D;3;dorycnium;28,6;1,76;;;;;;;
2;5;594;1;A;3;anthyllis;19;2,41;;;;;;;
2;5;595;0;A;3;anthyllis;31,4;2,77;;1;;;;;
2;5;596;1;M;3;dorycnium;27,5;3,06;;;;;;;
2;5;597;0;M;3;anthyllis;29,8;2,53;;1;;;;;
2;5;598;1;P;3;pistachia;17;2,23;1;;;;;;
2;5;599;0;P;3;pistachia;23,2;4,7;2;;;;;;
2;5;600;1;A;3;anthyllis;22,5;2,99;;;;;;;
2;5;601;0;P;3;pistachia;24,3;2,16;1;;;;;;
2;5;602;1;P;3;pistachia;24;3,73;;;;;;;
2;5;603;0;A;3;anthyllis;26,5;2,53;;;;;;;
2;5;607;0;D;3;dorycnium;32,7;2,73;;;;;;;
2;5;611;0;D;3;dorycnium;25,5;2,42;;;;;;;
2;5;612;1;D;3;dorycnium;34,5;2,45;;;;;;;
2;5;613;1;A;3;anthyllis;33,8;2,71;;1;;;;;
2;5;615;0;A;3;anthyllis;26;2,4;;1;;;;;
2;5;617;0;D;3;dorycnium;28,5;2,86;;;;;;;
2;5;618;1;D;3;dorycnium;36,1;2,6;;;;;;;
2;5;619;0;M;3;anthyllis;14,3;1,87;;;;;;;
2;5;620;1;M;3;pistachia;23,8;3,26;1;;;;;;
2;5;622;0;M;3;dorycnium;21,4;2,59;;;;;;;
2;5;623;1;M;3;dorycnium;34,3;3,73;;;;;;;
2;5;624;0;A;3;anthyllis;18,8;3,09;;;;;;;
2;5;625;1;A;3;anthyllis;23,9;2,78;;1;;;;;
2;5;626;1;P;3;pistachia;24,7;4,48;2;;;;;;
2;5;627;0;P;3;pistachia;26,3;3,09;2;;;;;;
2;5;628;0;D;3;dorycnium;25,5;3,53;;;;;;;
2;5;629;1;D;3;dorycnium;27,2;2,59;;;;;;;
2;5;630;1;D;3;dorycnium;26,8;2,27;;;;;;;
2;5;631;0;D;3;dorycnium;24,9;1,96;;;;;;;
2;5;632;1;A;3;anthyllis;10;2,5;;;;;;;
2;5;633;0;A;3;anthyllis;26,6;2,24;;1;;;;;
2;5;634;0;A;3;anthyllis;21,5;3,24;;;;;;;
2;5;635;1;A;3;anthyllis;30,9;2,65;;1;;;;;
2;5;636;0;D;3;dorycnium;23,6;2,56;;;;;;;
2;5;637;1;D;3;dorycnium;37;2,62;;;;;;;
2;5;638;1;P;3;pistachia;23,5;4,38;;;;;;;
2;6;481;0;M;3;anthyllis;;;3;;;;;;
2;6;482;1;D;3;dorycnium;31,9;1,87;;;;;;;
2;6;483;0;D;3;dorycnium;30,5;4,88;;;;;;;
2;6;484;1;M;3;anthyllis;6,6;1,62;2;;;;;;
2;6;485;1;A;3;anthyllis;9,1;2,27;;;;;;;
2;6;486;0;M;3;;28,6;4,94;;;;;;;
2;6;487;0;A;3;anthyllis;;;3;;;;;;
2;6;488;1;A;3;anthyllis;17,5;2,18;;;;;;;
2;6;489;0;A;3;anthyllis;20,4;2,5;;;;;;;
2;6;490;0;D;3;dorycnium;29;2,65;;;;;;;
2;6;491;1;D;3;dorycnium;25,8;1,55;;;;;;;
2;6;494;0;A;3;anthyllis;19,9;3,6;;;;;;;
2;6;495;1;A;3;anthyllis;22;2,38;;1;;;;;
2;6;502;1;P;3;pistachia;22,6;2,98;2;;;;;;
2;6;503;0;P;3;pistachia;13,8;2,76;1;;;;;;
2;6;504;1;P;3;pistachia;21;3,77;;;;;;;
2;6;505;0;P;3;pistachia;25,8;5,28;2;;;;;;
2;6;506;1;D;3;dorycnium;28,1;4,03;;;;;;;
2;6;507;1;D;3;dorycnium;26,8;2,73;;;;;;;
2;6;508;0;D;3;dorycnium;27,8;3,27;;;;;;;
2;6;509;0;M;3;dorycnium;25,9;2,59;;;;;;;
2;6;510;1;M;3;dorycnium;29,2;2,82;;;;;;;
2;6;511;0;M;3;pistachia;22,5;3,3;1;;;;;;
2;6;512;1;M;3;pistachia;21,8;3,07;1;;;;;;
2;6;513;0;P;3;pistachia;;;3;;;;;;
2;6;514;1;D;3;dorycnium;25,8;1,4;;;;;;;
2;6;515;0;D;3;dorycnium;29,7;3,29;;;;;;;
2;6;516;1;P;3;pistachia;25,8;4;2;;;;;;
2;6;517;1;A;3;anthyllis;;;3;;;;;;
2;6;518;0;A;3;anthyllis;11;1,99;;;;;;;
2;6;519;1;M;3;pistachia;23,5;2,68;;;;;;;
2;6;520;0;D;3;dorycnium;29,5;2,35;;;;;;;
2;6;521;1;P;3;pistachia;17,6;3,87;;;;;;;
2;6;522;0;P;3;pistachia;16,4;4,2;;;;;;;
2;6;523;1;P;3;pistachia;27,3;3,62;1;;;;;;
2;6;524;0;P;3;pistachia;21;3,24;;;;;;;
2;6;525;0;P;3;pistachia;23,4;4,88;2;;;;;;
2;6;528;1;P;3;pistachia;24;3,98;;;;;;;
2;6;535;0;P;3;pistachia;21,5;3,81;1;;;;;;
2;6;536;1;P;3;pistachia;26,7;3,8;1;;;;;;
2;6;537;1;A;3;anthyllis;18,4;2,37;;;;;;;
2;6;538;0;A;3;anthyllis;14,5;2,26;;;;;;;
2;6;539;1;A;3;anthyllis;15,4;1,36;;;;;;;
2;6;540;0;A;3;anthyllis;13,6;3,39;;;;;;;
2;6;541;1;D;3;dorycnium;29;2,77;;;;;;;
2;6;542;0;M;3;dorycnium;28,5;2,71;;;;;;;
2;6;543;0;D;3;dorycnium;27,2;1,6;;;;;;;
2;6;544;1;D;3;dorycnium;26,6;3,65;;;;;;;
2;6;549;1;D;3;dorycnium;26,9;2,36;;;;;;;
2;6;550;0;D;3;dorycnium;24;1,36;;;;;;;
2;6;551;0;M;3;anthyllis;18,2;3,72;;;;;;;
2;6;552;1;M;3;pistachia;14;2,38;;;;;;;
2;6;555;1;A;3;anthyllis;18,7;2,93;;;;;;;
2;6;556;0;A;3;anthyllis;13,1;2;;;;;;;
2;6;557;1;M;3;dorycnium;32;2,76;;;;;;;
2;6;558;0;M;3;dorycnium;28,5;2,59;;;;;;;
2;6;559;1;A;3;anthyllis;21,5;2,16;;1;;;;;
2;6;560;0;A;3;anthyllis;7,6;1,68;;;;;;;
2;7;641;0;A;3;anthyllis;5,9;1,07;;;;;;;
2;7;642;1;A;3;anthyllis;14,4;2,41;;;;;;;
2;7;644;0;D;3;dorycnium;23,8;2,9;;;;;;;
2;7;646;1;D;3;dorycnium;30,1;2,31;;;;;;;
2;7;648;0;D;3;dorycnium;27,8;2,26;;;;;;;
2;7;649;1;D;3;dorycnium;27,4;3,28;;;;;;;
2;7;656;0;M;3;anthyllis;17,2;1,62;;;;;;;
2;7;657;1;M;3;pistachia;22,6;2,68;;;;;;;
2;7;658;0;A;3;anthyllis;21,8;3,01;;;;;;;
2;7;659;1;A;3;anthyllis;14,8;4,8;;;;;;;
2;7;660;1;M;3;dorycnium;30,6;2,57;;;;;;;
2;7;661;0;M;3;pistachia;27,7;5,73;;;;;;;
2;7;662;1;M;3;anthyllis;21,8;2,62;;1;;;;;
2;7;663;0;M;3;dorycnium;26,2;1,92;1;;;;;;
2;7;668;1;D;3;dorycnium;17,1;3;;;;;;;
2;7;669;0;D;3;dorycnium;18,9;1,5;;;;;;;
2;7;670;0;A;3;anthyllis;22,2;2,45;;;;;;;
2;7;671;1;A;3;anthyllis;24,2;2,32;;;;;;;
2;7;672;0;M;3;pistachia;17,5;3,34;;;;;;;
2;7;673;1;M;3;pistachia;18,4;3,9;;;;;;;
2;7;674;1;D;3;dorycnium;31,3;2,99;;;;;;;
2;7;675;0;D;3;dorycnium;23,9;2,22;;;;;;;
2;7;684;1;A;3;dorycnium;29,5;2,87;;;;;;;
2;7;685;0;A;3;dorycnium;31,6;2,94;;;;;;;
2;7;692;1;P;3;pistachia;20,8;5,25;;;;;;;
2;7;691;0;P;3;pistachia;26,2;2,98;1;;;;;;
2;7;694;1;D;3;dorycnium;24,5;3,01;;;;;;;
2;7;698;0;D;3;dorycnium;28,7;3,85;;;;;;;
2;7;700;0;P;3;pistachia;21,6;4,48;1;;;;;;
2;7;701;1;P;3;pistachia;13,1;4,05;1;;;;;;
2;7;722;0;P;3;pistachia;18,4;2,73;2;;;;;;
2;7;723;1;P;3;pistachia;24,2;2,92;1;;;;;;
2;8;401;0;P;3;pistachia;21;3;;;;;;;
2;8;402;1;P;3;pistachia;22,8;3,83;;;;;;;
2;8;403;0;D;3;dorycnium;21,6;2,87;;;;;;;
2;8;405;1;D;3;dorycnium;30,8;3,17;;;;;;;
2;8;407;1;P;3;pistachia;26,5;4,01;;;;;;;
2;8;408;1;D;3;dorycnium;30,3;2,56;;;;;;;
2;8;409;1;D;3;dorycnium;30,9;2,83;;;;;;;
2;8;410;0;D;3;dorycnium;18,9;2,83;;;;;;;
2;8;412;0;D;3;dorycnium;27;3,14;;;;;;;
2;8;413;0;D;3;dorycnium;27,2;2,57;;;;;;;
2;8;414;1;D;3;dorycnium;30,1;2,65;;;;;;;
2;8;415;0;M;3;anthyllis;25,7;2,08;;1;;;;;
2;8;416;1;M;3;pistachia;23,3;3,4;;;;;;;
2;8;417;0;M;3;pistachia;17,9;3,54;1;;;;;;
2;8;418;1;M;3;anthyllis;37;2,78;;1;;;;;
2;8;419;0;P;3;pistachia;26,8;3,68;;;;;;;
2;8;420;1;A;3;anthyllis;12;2,59;;1;;;;;
2;8;421;0;A;3;anthyllis;18,7;2,18;;;;;;;
2;8;424;0;A;3;anthyllis;19,5;2,38;;;;;;;
2;8;425;1;A;3;anthyllis;14,9;2,22;;;;;;;
2;8;427;0;A;3;anthyllis;18,5;2,45;;;;;;;
2;8;428;1;A;3;anthyllis;18;2,28;;1;;;;;
2;8;429;0;M;3;pistachia;12,3;2,92;1;;;;;;
2;8;430;1;M;3;anthyllis;22,7;2,6;;;;;;;
2;8;431;0;A;3;anthyllis;26,1;2,13;;;;;;;
2;8;432;0;M;3;anthyllis;17;1,33;;;;;;;
2;8;433;1;M;3;pistachia;18,7;2,51;;;;;;;
2;8;434;1;A;3;anthyllis;;;3;;;;;;
2;8;435;0;D;3;dorycnium;24,1;2,46;;;;;;;
2;8;436;1;D;3;dorycnium;31,5;3,26;;;;;;;
2;8;437;0;P;3;pistachia;21,5;2,55;1;;;;;;
2;8;438;1;P;3;pistachia;25,3;3,27;;;;;;;
2;8;443;0;M;3;dorycnium;30,6;3,13;;;;;;;
2;8;444;0;P;3;pistachia;14;1,78;2;;;;;;
2;8;445;1;P;3;pistachia;23,7;4,88;;;;;;;
2;8;446;1;M;3;pistachia;17,8;2,06;1;;;;;;
2;8;449;0;D;3;dorycnium;26,8;2,97;;;;;;;
2;8;450;1;D;3;dorycnium;25,7;1,95;;;;;;;
2;8;451;0;A;3;anthyllis;23;2,07;2;1;;;;;
2;8;452;1;A;3;anthyllis;17,9;2,31;;;;;;;
2;8;453;0;D;3;dorycnium;25,4;1,98;;;;;;;
2;8;454;1;D;3;dorycnium;24,3;2,8;;;;;;;
2;8;457;0;P;3;pistachia;;;3;;;;;;
2;8;458;1;P;3;pistachia;18,2;3,65;1;;;;;;
2;8;459;1;P;3;pistachia;26;2,94;2;;;;;;
2;8;460;0;P;3;pistachia;23;2,77;1;;;;;;
2;8;461;1;A;3;anthyllis;20,4;2,14;;1;;;;;
2;8;462;0;A;3;anthyllis;16;2,52;;1;;;;;
2;8;463;0;P;3;pistachia;22,3;3,3;;;;;;;
2;8;464;1;P;3;pistachia;23,5;3,86;;;;;;;
2;8;465;0;M;3;dorycnium;28;1,95;;;;;;;
2;8;466;1;M;3;pistachia;14,9;1,98;1;;;;;;
2;8;467;1;M;3;pistachia;19,4;3,45;2;;;;;;
2;8;468;0;M;3;dorycnium;25;3,72;;;;;;;
2;8;469;0;P;3;pistachia;;;3;;;;;;
2;8;470;0;A;3;anthyllis;9,5;1,79;;1;;;;;
2;8;471;1;A;3;anthyllis;23,6;1,77;;;;;;;
2;8;472;1;P;3;pistachia;17,1;2,01;;;;;;;
2;8;473;0;D;3;dorycnium;29;2,6;;;;;;;
2;8;474;1;D;3;dorycnium;25,5;2,01;;;;;;;
2;8;477;1;M;3;anthyllis;20,5;1,85;2;;;;;;
2;8;478;0;M;3;anthyllis;26;1,98;;1;;;;;
2;8;479;0;A;3;anthyllis;20,7;2,24;;;;;;;
2;8;480;1;A;3;anthyllis;25,8;3,03;;;;;;;
3;9;881;0;A;3;anthyllis;18,6;1,59;;;;;;;
3;9;882;1;A;3;anthyllis;33,5;2,48;;;;;;;
3;9;885;0;A;3;anthyllis;33,5;2,22;;1;;;;;
3;9;886;1;A;3;anthyllis;23,2;3,01;;1;;;;;
3;9;887;0;M;3;dorycnium;25;2,4;;;;;;;
3;9;888;1;M;3;anthyllis;40,6;2,81;;1;;;;;
3;9;889;1;P;3;pistachia;24,3;2,58;;;;;;;
3;9;890;0;P;3;pistachia;19,8;4,44;1;;;;;;
3;9;891;0;M;3;anthyllis;25,3;1,92;;1;;;;;
3;9;892;1;M;3;anthyllis;19,4;2,3;;;;;;;
3;9;897;1;P;3;pistachia;14,8;3,45;;;;;;;
3;9;898;0;P;3;pistachia;14,6;3,36;1;;;;;;
3;9;899;0;P;3;pistachia;22,1;3,34;;;;;;;
3;9;900;1;P;3;pistachia;18,4;2,56;;;;;;;
3;9;1329;1;M;3;pistachia;27,5;4,01;;;;;;;
3;9;901;0;M;3;pistachia;18,9;2,54;1;;;;;;
3;9;905;0;D;3;dorycnium;37,1;3,81;;;;;;;
3;9;906;1;D;3;dorycnium;25,3;2,05;;;;;;;
3;9;907;0;A;3;anthyllis;17,2;2,16;;;;;;;
3;9;908;1;A;3;anthyllis;27;3,77;;;;;;;
3;9;912;1;M;3;anthyllis;13,5;1,34;;;;;;;
3;9;911;0;M;3;anthyllis;16,7;2,19;;;;;;;
3;9;914;1;D;3;dorycnium;37;2,74;;;;;;;
3;9;915;0;D;3;dorycnium;29;2,1;;;;;;;
3;9;916;1;D;3;dorycnium;28,4;1,99;;;;;;;
3;9;917;0;D;3;dorycnium;39;3,18;;;;;;;
3;9;918;0;A;3;anthyllis;21,4;2,21;;;;;;;
3;9;919;1;A;3;anthyllis;19,8;2,2;;;;;;;
3;9;920;0;D;3;dorycnium;25,5;2,55;;;;;;;
3;9;921;1;D;3;dorycnium;35,6;1,43;;;;;;;
3;9;922;1;A;3;anthyllis;14,5;1,66;;;;;;;
3;9;923;0;A;3;anthyllis;27,5;4,11;;1;;;;;
3;9;924;0;P;3;pistachia;22,3;2,98;;;;;;;
3;9;925;1;P;3;pistachia;23;2,48;;;;;;;
3;9;926;0;D;3;dorycnium;29,1;2,77;;;;;;;
3;9;927;1;D;3;dorycnium;34,4;2,05;;;;;;;
3;9;928;0;P;3;pistachia;18,1;2,69;;;;;;;
3;9;929;1;P;3;pistachia;26,4;3,32;;;;;;;
3;9;930;1;P;3;pistachia;17,5;3,21;;;;;;;
3;9;931;0;P;3;pistachia;31;4,94;1;;;;;;
3;9;932;1;D;3;dorycnium;34;2,71;;;;;;;
3;9;933;0;D;3;dorycnium;27;2,45;;;;;;;
3;9;934;0;D;3;dorycnium;15,5;1,4;;;;;;;
3;9;935;1;D;3;dorycnium;36,7;2,25;;;;;;;
3;9;936;0;P;3;pistachia;25,9;4,88;2;;;;;;
3;9;937;1;P;3;pistachia;23,5;4,34;;;;;;;
3;9;938;0;M;3;;14;1,92;;;;;;;
3;9;939;1;M;3;;31;3,18;;;;;;;
3;9;941;0;A;3;anthyllis;14,5;1,88;;;;;;;
3;9;942;1;A;3;anthyllis;22,5;1,93;;1;;;;;
3;9;943;0;P;3;pistachia;16,4;3,01;1;;;;;;
3;9;944;1;P;3;pistachia;9;2,57;;;;;;;
3;9;947;1;D;3;dorycnium;32,5;3,33;;;;;;;
3;9;948;0;D;3;dorycnium;35,4;2,63;;;;;;;
3;9;952;0;A;3;anthyllis;24,3;2,13;;;;;;;
3;9;953;1;A;3;anthyllis;;;3;;;;;;
3;9;956;1;M;3;dorycnium;34;2,1;;;;;;;
3;9;957;0;M;3;anthyllis;29,4;2,81;;1;;;;;
3;9;958;0;M;3;anthyllis;18,5;2,8;;;;;;;
3;9;959;1;M;3;pistachia;33,8;4,18;;;;;;;
3;10;1103;0;A;3;anthyllis;14,3;1,27;;;;;;;
3;10;1110;1;A;3;anthyllis;19,5;2,32;2;;;;;;
3;10;1113;0;A;3;anthyllis;;;3;;;;;;
3;10;1114;1;A;3;anthyllis;30,6;1,93;;;;;;;
3;10;1117;1;D;3;dorycnium;24,6;2,83;;;;;;;
3;10;1118;0;D;3;dorycnium;25,2;2,54;;;;;;;
3;10;1120;0;P;3;pistachia;17,5;3,41;;;;;;;
3;10;1121;1;P;3;pistachia;19,2;2,8;;;;;;;
3;10;1131;0;P;3;pistachia;17;3,51;;;;;;;
3;10;1077;1;P;3;pistachia;9,4;2,27;;;;;;;
3;10;1134;0;P;3;pistachia;30;4,01;1;;;;;;
3;10;1135;1;P;3;pistachia;30,5;4,44;;;;;;;
3;10;1137;0;M;3;dorycnium;25,3;2,82;;;;;;;
3;10;1138;1;M;3;anthyllis;17,8;2,21;;;;;;;
3;10;1139;0;M;3;dorycnium;29;2,35;;;;;;;
3;10;1140;1;M;3;anthyllis;20,8;1,72;;;;;;;
3;10;1143;0;P;3;pistachia;23,6;3,26;2;;;;;;
3;10;1144;1;P;3;pistachia;18,2;3,01;1;;;;;;
3;10;1145;1;D;3;dorycnium;31;3,11;;;;;;;
3;10;1146;0;D;3;dorycnium;29,6;3,55;;;;;;;
3;10;1148;1;M;3;pistachia;18;2,47;;;;;;;
3;10;1149;0;M;3;anthyllis;17,5;2,39;;;;;;;
3;10;1051;0;A;3;anthyllis;17;2,34;;;;;;;
3;10;1052;1;A;3;anthyllis;19;2,18;;;;;;;
3;10;1059;1;D;3;dorycnium;33,5;2,34;;;;;;;
3;10;1060;0;D;3;dorycnium;31,7;2,64;;;;;;;
3;10;1064;1;M;3;anthyllis;18,5;1,71;;;;;;;
3;10;1067;0;D;3;dorycnium;30,6;2,01;;;;;;;
3;10;1068;1;D;3;dorycnium;20,2;1,45;;;;;;;
3;10;1071;1;P;3;pistachia;10,4;2,91;;;;;;;
3;10;1072;0;P;3;pistachia;24,4;3,11;;;;;;;
3;11;1022;0;M;3;pistachia;35,9;4,33;;;;;;;
3;11;1023;1;M;3;dorycnium;27,3;1,9;;;;;;;
3;11;1026;0;P;3;pistachia;32,5;4,34;;;;;;;
3;11;1027;1;P;3;pistachia;22,5;3,13;;;;;;;
3;11;1029;1;D;3;dorycnium;40,1;4,42;;;;;;;
3;11;1030;0;D;3;dorycnium;34;3,24;;;;;;;
3;11;1031;0;P;3;pistachia;14,6;3,07;;;;;;;
3;11;1032;1;P;3;pistachia;23,6;3,44;1;;;;;;
3;11;1033;0;D;3;dorycnium;32,6;3,01;;;;;;;
3;11;1034;1;D;3;dorycnium;40,1;2,33;;;;;;;
3;11;1035;0;D;3;dorycnium;33,9;2,54;;;;;;;
3;11;1037;0;P;3;pistachia;37;3,59;;;;;;;
3;11;1038;1;D;3;dorycnium;34,5;3,95;;;;;;;
3;11;1039;1;P;3;pistachia;39,3;3,87;1;;;;;;
3;11;1040;0;M;3;pistachia;18,4;3,04;1;;;;;;
3;11;1041;0;P;3;pistachia;24,4;3,92;;;;;;;
3;11;1042;1;P;3;pistachia;17,5;3,58;;;;;;;
3;11;1043;0;M;3;anthyllis;20;2,19;;;;;;;
3;11;1044;1;M;3;dorycnium;32,2;2,96;1;;;;;;
3;11;1045;1;D;3;dorycnium;25,5;2,4;;;;;;;
3;11;1046;0;D;3;dorycnium;16;3,04;2;;;;;;
3;11;1047;0;P;3;pistachia;24,5;4,1;;;;;;;
3;11;1048;1;P;3;pistachia;23,4;4,23;;;;;;;
3;11;1049;0;A;3;anthyllis;21,1;2,65;;;;;;;
3;11;1050;0;A;3;anthyllis;23,7;2,33;;;;;;;
3;11;1151;1;A;3;anthyllis;20,5;1,81;;;;;;;
3;11;1152;1;M;3;anthyllis;20,2;1,53;;;;;;;
3;11;1153;0;M;3;dorycnium;10;2,01;1;;;;;;
3;11;1154;1;M;3;pistachia;43,3;2,88;;;;;;;
3;11;1155;0;M;3;dorycnium;26;2,77;;;;;;;
3;11;1080;1;M;3;anthyllis;14,3;2,1;;;;;;;
3;11;1065;0;M;3;dorycnium;24,5;2,28;;;;;;;
3;11;1156;0;A;3;anthyllis;17,8;2,18;;;;;;;
3;11;1079;1;A;3;anthyllis;21,3;2,03;;;;;;;
3;11;1081;1;A;3;anthyllis;17,8;2,91;;;;;;;
3;11;1084;0;A;3;anthyllis;21,3;3,39;;1;;;;;
3;11;1085;1;A;3;anthyllis;25,8;2,11;;1;;;;;
3;11;1088;1;D;3;dorycnium;30,8;3,17;;;;;;;
3;11;1089;0;D;3;dorycnium;33,5;3,07;;;;;;;
3;11;1092;1;D;3;dorycnium;28,2;2,38;;;;;;;
3;11;1093;0;D;3;dorycnium;37,7;2,91;;;;;;;
3;11;1094;0;P;3;pistachia;32,4;3,97;1;;;;;;
3;11;1159;0;A;3;anthyllis;19;2,16;;;;;;;
3;11;1095;1;A;3;anthyllis;21,5;1,46;;;;;;;
3;11;1096;1;A;3;anthyllis;15,3;1,47;;;;;;;
3;11;1197;0;A;3;anthyllis;11,4;1,57;;;;;;;
3;11;1099;1;P;3;pistachia;21,2;2,36;;;;;;;
3;11;1100;0;P;3;pistachia;16,5;2,33;1;;;;;;
3;11;1001;0;D;3;dorycnium;29,5;3,94;;;;;;;
3;11;1002;1;D;3;dorycnium;27,5;2,54;;;;;;;
3;11;1003;1;P;3;pistachia;26,5;2,89;;;;;;;
3;11;1004;0;P;3;pistachia;26,2;3,56;;;;;;;
3;11;1005;1;D;3;dorycnium;24,2;1,14;;;;;;;
3;11;1006;1;A;3;anthyllis;19,3;2,01;;;;;;;
3;11;1007;0;A;3;anthyllis;20,2;1,76;;;;;;;
3;11;1009;0;D;3;dorycnium;28,7;2,51;;;;;;;
3;11;1010;0;A;3;anthyllis;16;2,51;;;;;;;
3;11;1012;0;M;3;anthyllis;28,4;2,55;;;;;;;
3;11;1013;1;M;3;anthyllis;17,9;1,6;;;;;;;
3;11;1014;0;M;3;pistachia;20,4;2,74;;;;;;;
3;11;1015;1;M;3;pistachia;29,1;1,75;;;;;;;
3;11;1016;1;A;3;anthyllis;;;3;;;;;;
3;11;1018;1;P;3;pistachia;21,6;3,2;;;;;;;
3;11;1019;1;D;3;dorycnium;29;2,48;;;;;;;
3;11;1021;0;D;3;dorycnium;28,7;2,71;;;;;;;
3;12;801;0;M;3;dorycnium;23,8;1,98;;;;;;;
3;12;802;1;M;3;anthyllis;37,8;3,04;;;;;;;
3;12;803;0;A;3;anthyllis;;;3;;;;;;
3;12;804;0;M;3;dorycnium;18,5;1,56;;;;;;;
3;12;805;1;A;3;anthyllis;28,7;1,55;;;;;;;
3;12;806;1;M;3;anthyllis;17;1,52;;;;;;;
3;12;808;1;M;3;dorycnium;32,5;3,55;;;;;;;
3;12;809;0;M;3;dorycnium;32;2,68;;;;;;;
3;12;810;1;D;3;dorycnium;25,5;1,94;;;;;;;
3;12;811;0;D;3;dorycnium;23,1;3,13;;;;;;;
3;12;814;0;P;3;pistachia;35,7;4,07;;;;;;;
3;12;815;1;P;3;pistachia;28,2;4,63;;;;;;;
3;12;816;0;D;3;dorycnium;32,7;2,48;;;;;;;
3;12;817;1;D;3;dorycnium;32,3;3,88;;;;;;;
3;12;818;0;M;3;pistachia;19,5;2,6;1;;;;;;
3;12;819;1;M;3;dorycnium;26,7;3,85;;;;;;;
3;12;820;1;A;3;anthyllis;19,5;1,75;;1;;;;;
3;12;821;1;D;3;dorycnium;29,3;2,63;;;;;;;
3;12;822;0;A;3;anthyllis;14,5;1,65;;;;;;;
3;12;823;0;D;3;dorycnium;31,5;3,76;;;;;;;
3;12;824;1;P;3;pistachia;18,8;3,28;;;;;;;
3;12;825;0;P;3;pistachia;13,5;2,28;2;;;;;;
3;12;834;0;M;3;anthyllis;19,9;1,38;;;;;;;
3;12;835;1;M;3;pistachia;17,5;2,52;;;;;;;
3;12;836;0;P;3;pistachia;25,9;4,5;2;;;;;;
3;12;833;1;P;3;pistachia;18,2;2,76;1;;;;;;
3;12;837;0;P;3;pistachia;18,9;2,25;;;;;;;
3;12;838;1;P;3;pistachia;23,2;3,57;;;;;;;
3;12;839;0;A;3;anthyllis;15,2;1,58;2;;;;;;
3;12;842;1;P;3;pistachia;24,2;3,55;;;;;;;
3;12;843;0;P;3;pistachia;21;1,81;1;;;;;;
3;12;844;1;A;3;anthyllis;18,3;2,15;;;;;;;
3;12;845;0;A;3;anthyllis;19,5;1,29;2;;;;;;
3;12;846;1;A;3;anthyllis;7,7;0,99;2;;;;;;
3;12;847;0;D;3;dorycnium;31,5;3,46;;;;;;;
3;12;848;1;D;3;dorycnium;33,9;2,9;;;;;;;
3;12;849;0;D;3;dorycnium;30,9;2,23;;;;;;;
3;12;850;1;D;3;dorycnium;32,8;2,8;;;;;;;
3;12;851;1;M;3;anthyllis;12,5;1,8;2;;;;;;
3;12;852;0;M;3;dorycnium;34;3,64;;;;;;;
3;12;853;0;A;3;anthyllis;17;1,78;;;;;;;
3;12;854;0;A;3;anthyllis;;;3;;;;;;
3;12;855;1;A;3;anthyllis;13,7;1,7;2;;;;;;
3;12;856;0;D;3;dorycnium;35,8;2,55;;;;;;;
3;12;857;1;D;3;dorycnium;;;3;;;;;;
3;12;858;0;M;3;dorycnium;29,7;3,22;;;;;;;
3;12;859;1;M;3;anthyllis;29,8;2,68;;1;;;;;
3;12;860;1;A;3;anthyllis;11,7;1,28;;;;;;;
3;12;861;0;D;3;dorycnium;26,6;1,6;;;;;;;
3;12;862;1;D;3;dorycnium;26,6;3,59;;;;;;;
3;12;863;0;A;3;anthyllis;22,6;1,73;;;;;;;
3;12;864;0;D;3;dorycnium;30,3;3,14;;;;;;;
3;12;865;1;A;3;anthyllis;25;1,94;;;;;;;
3;12;866;1;D;3;dorycnium;31;2,69;;;;;;;
3;12;867;0;M;3;dorycnium;28,7;2,94;;;;;;;
3;12;868;1;M;3;anthyllis;23,5;2,56;;;;;;;
3;12;869;0;P;3;pistachia;23,5;4,32;1;;;;;;
3;12;870;0;A;3;anthyllis;20,5;2,27;;1;;;;;
3;12;871;1;A;3;anthyllis;;;3;;;;;;
3;12;874;1;P;3;pistachia;25,9;4,8;;;;;;;
3;12;875;0;P;3;pistachia;8,2;1,18;1;;;;;;
3;12;876;1;P;3;pistachia;22,6;3,67;;;;;;;
3;12;877;0;P;3;pistachia;31,8;4,75;2;;;;;;
4;13;360;1;A;3;anthyllis;14,2;2,02;;;;;;;
4;13;361;0;A;3;anthyllis;8,6;1,3;;;;;;;
4;13;362;0;A;3;anthyllis;18,2;1,8;;1;;;;;
4;13;363;1;P;3;pistachia;31,2;4,74;;;;;;;
4;13;364;0;P;3;pistachia;19,9;3,3;1;;;;;;
4;13;365;0;P;3;pistachia;27,4;3,02;2;;;;;;
4;13;366;1;D;3;dorycnium;27;3,14;;;;;;;
4;13;367;0;D;3;dorycnium;27,6;2,52;;;;;;;
4;13;368;1;D;3;dorycnium;30,8;2,37;;;;;;;
4;13;369;1;A;3;anthyllis;19;4,22;;1;;;;;
4;13;370;1;A;3;anthyllis;25,4;1,85;;;;;;;
4;13;371;0;A;3;anthyllis;26;2,52;;1;;;;;
4;13;372;0;A;3;anthyllis;22,5;1,53;;;;;;;
4;13;373;1;M;3;dorycnium;38;2,48;;;;;;;
4;13;374;1;P;3;pistachia;23,8;4,78;;;;;;;
4;13;375;1;M;3;pistachia;29,2;4,88;2;;;;;;
4;13;376;0;M;3;dorycnium;20;2,84;;;;;;;
4;13;378;0;M;3;anthyllis;20,9;1,65;1;;;;;;
4;13;383;0;P;3;pistachia;36,7;3,95;;;;;;;
4;13;386;1;M;3;pistachia;24,1;3,42;;;;;;;
4;13;387;1;P;3;pistachia;14,3;2,5;;;;;;;
4;13;388;0;M;3;dorycnium;28;2,43;;;;;;;
4;13;389;0;D;3;dorycnium;;;3;;;;;;
4;13;998;1;M;3;anthyllis;22,2;2,69;;;;;;;
4;13;390;1;D;3;dorycnium;27;3,56;;;;;;;
4;13;391;0;D;3;dorycnium;23,5;2,75;;;;;;;
4;13;392;0;A;3;anthyllis;27,5;2,18;;;;;;;
4;13;393;1;A;3;anthyllis;11,5;0,85;;;;;;;
4;13;394;1;P;3;pistachia;23,5;2,83;2;;;;;;
4;13;395;0;P;3;pistachia;25,8;4,2;2;;;;;;
4;13;398;0;P;3;pistachia;28,4;4,04;1;;;;;;
4;13;399;0;D;3;dorycnium;27;4,08;;;;;;;
4;13;400;1;D;3;dorycnium;21,5;2,53;;;;;;;
4;13;960;0;D;3;dorycnium;24,7;4,03;;;;;;;
4;13;961;1;P;3;pistachia;24,3;3,88;;;;;;;
4;13;963;1;M;3;anthyllis;38,8;2,85;1;;;;;;
4;13;967;0;P;3;pistachia;14,1;2,9;;;;;;;
4;13;968;1;P;3;pistachia;33,4;5,06;;;;;;;
4;13;969;0;M;3;dorycnium;28,4;2,82;;;;;;;
4;13;970;0;P;3;pistachia;25;3,67;2;;;;;;
4;13;971;1;M;3;dorycnium;31,5;3,45;;;;;;;
4;13;972;0;M;3;dorycnium;24,9;1,99;;;;;;;
4;13;975;1;A;3;anthyllis;33;2;;1;;;;;
4;13;976;0;A;3;anthyllis;30,5;2,76;;1;;;;;
4;13;977;0;D;3;dorycnium;21,2;4,53;;;;;;;
4;13;978;1;M;3;pistachia;20;2,35;;;;;;;
4;13;979;0;M;3;dorycnium;24,6;2,72;;;;;;;
4;13;980;0;M;3;dorycnium;17,4;1,33;;;;;;;
4;13;981;1;A;3;anthyllis;20,3;2,96;;;;;;;
4;13;982;0;A;3;anthyllis;27,8;3,81;;1;;;;;
4;13;983;0;M;3;pistachia;20;2,6;1;;;;;;
4;13;984;1;M;3;anthyllis;26,9;1,95;;;;;;;
4;13;985;1;D;3;dorycnium;26,5;2,07;;;;;;;
4;13;986;1;A;3;anthyllis;22,3;1,69;;;;;;;
4;13;987;0;A;3;anthyllis;22,4;2,58;;;;;;;
4;13;988;0;A;3;anthyllis;25;2,94;;;;;;;
4;13;989;1;M;3;pistachia;26,1;2,78;1;;;;;;
4;13;990;1;A;3;anthyllis;30,5;2,21;;;;;;;
4;13;991;1;D;3;dorycnium;23;2,54;;;;;;;
4;13;993;0;D;3;dorycnium;30,3;2,2;;;;;;;
4;13;994;1;D;3;dorycnium;26,5;2,54;;;;;;;
4;13;995;1;P;3;pistachia;26,6;3,9;2;;;;;;
4;13;996;0;D;3;dorycnium;24,8;3,12;;;;;;;
4;13;997;1;D;3;dorycnium;27;;;;;;;;
4;14;281;0;A;3;anthyllis;14,4;2,52;;1;;;;;
4;14;282;1;A;3;anthyllis;27,5;1,56;;;;;;;
4;14;283;1;A;3;anthyllis;;;3;;;;;;
4;14;284;0;A;3;anthyllis;37;3,07;;1;;;;;
4;14;285;1;A;3;anthyllis;19,2;1,88;;;;;;;
4;14;288;0;M;3;dorycnium;27;2,39;;;;;;;
4;14;289;1;M;3;dorycnium;27,7;3,55;;;;;;;
4;14;291;0;M;3;pistachia;25,3;4,66;;;;;;;
4;14;292;1;M;3;dorycnium;26,5;2,2;;;;;;;
4;14;293;0;D;3;dorycnium;26,2;1,83;;;;;;;
4;14;294;1;D;3;dorycnium;31,2;3,42;;;;;;;
4;14;296;0;D;3;dorycnium;29;2,7;;;;;;;
4;14;297;1;D;3;dorycnium;27,5;2,72;;;;;;;
4;14;300;1;D;3;dorycnium;27,5;3,74;;;;;;;
4;14;301;0;D;3;dorycnium;24;3,15;;;;;;;
4;14;302;0;A;3;anthyllis;15,5;2,51;;1;;;;;
4;14;303;1;P;3;pistachia;29,2;4;1;;;;;;
4;14;304;0;P;3;pistachia;13,4;4,14;2;;;;;;
4;14;308;1;D;3;dorycnium;25;3,26;;;;;;;
4;14;309;0;D;3;dorycnium;23,4;2,59;;;;;;;
4;14;310;0;A;3;anthyllis;22,9;3,12;;1;;;;;
4;14;311;0;A;3;anthyllis;25,8;2,69;;1;;;;;
4;14;312;0;D;3;dorycnium;26;2,57;;;;;;;
4;14;313;0;P;3;pistachia;26,2;3,38;2;;;;;;
4;14;314;1;D;3;dorycnium;32,9;3,29;;;;;;;
4;14;315;1;P;3;pistachia;24;3,61;;;;;;;
4;14;316;1;M;3;pistachia;28,1;3,87;2;;;;;;
4;14;317;0;M;3;pistachia;26,2;4,01;2;;;;;;
4;14;318;1;M;3;pistachia;31,5;3,1;1;;;;;;
4;14;319;0;M;3;pistachia;18;2,57;;;;;;;
4;14;320;0;M;3;anthyllis;27,2;2,58;;1;;;;;
4;14;321;1;M;3;pistachia;26,2;2,86;;;;;;;
4;14;325;0;M;3;pistachia;21,6;2,86;1;;;;;;
4;14;326;1;M;3;dorycnium;23,5;2,34;;;;;;;
4;14;327;1;P;3;pistachia;17,2;2,78;;;;;;;
4;14;328;0;P;3;pistachia;27,5;4,34;1;;;;;;
4;14;330;0;A;3;anthyllis;22,4;1,64;;;;;;;
4;14;331;1;A;3;anthyllis;23,7;2,14;;;;;;;
4;14;332;0;P;3;pistachia;24,6;4,67;2;;;;;;
4;14;334;1;P;3;pistachia;9,5;2,07;;;;;;;
4;14;335;0;A;3;anthyllis;28,6;2,72;;1;;;;;
4;14;336;1;A;3;anthyllis;27;1,48;;;;;;;
4;14;337;0;A;3;anthyllis;20,2;2,22;;;;;;;
4;14;338;1;A;3;anthyllis;12,4;1,83;2;;;;;;
4;14;339;0;D;3;dorycnium;31;2,8;;;;;;;
4;14;340;1;D;3;dorycnium;27;1,98;;;;;;;
4;14;341;0;D;3;dorycnium;27,2;1,69;;;;;;;
4;14;342;1;D;3;dorycnium;28,1;3,08;;;;;;;
4;14;344;0;M;3;dorycnium;27,2;2,29;;;;;;;
4;14;345;1;M;3;dorycnium;32,5;2,79;;;;;;;
4;14;346;0;D;3;dorycnium;31,3;1,73;;;;;;;
4;14;347;0;A;3;anthyllis;12;1,45;;;;;;;
4;14;348;1;D;3;dorycnium;28,5;2,68;;;;;;;
4;14;349;1;A;3;anthyllis;16,1;1,75;;;;;;;
4;14;350;1;P;3;pistachia;23,1;3,54;;;;;;;
4;14;351;0;P;3;pistachia;19,4;2,09;2;;;;;;
4;14;352;1;P;3;pistachia;15,5;2,24;;;;;;;
4;14;353;0;P;3;pistachia;23,9;3,33;2;;;;;;
4;14;354;1;M;3;dorycnium;22,4;2,44;;;;;;;
4;14;355;0;M;3;anthyllis;;;3;;;;;;
4;14;356;0;P;3;pistachia;36,2;5,01;1;;;;;;
4;14;357;1;P;3;pistachia;29,9;3,39;;;;;;;
4;14;358;1;A;3;anthyllis;;;3;;;;;;
4;14;359;0;A;3;anthyllis;35;2,17;;1;;;;;
4;15;1452;0;D;3;dorycnium;30;3,3;;;;;;;
4;15;1453;1;D;3;dorycnium;31;1,9;;;;;;;
4;15;1455;0;D;3;dorycnium;32,5;4,03;;;;;;;
4;15;1457;0;D;3;dorycnium;23,8;2,83;;;;;;;
4;15;1458;1;D;3;dorycnium;26,1;1,96;;;;;;;
4;15;1459;0;D;3;dorycnium;25,9;2,83;;;;;;;
4;15;1460;0;M;3;pistachia;16;2,87;2;;;;;;
4;15;1462;1;M;3;dorycnium;25;3,12;;;;;;;
4;15;1463;1;P;3;pistachia;34,6;3,99;1;;;;;;
4;15;1464;0;P;3;pistachia;25,6;3,69;2;;;;;;
4;15;1465;1;D;3;dorycnium;35;3,49;;;;;;;
4;15;1466;0;P;3;pistachia;21,6;2,36;1;;;;;;
4;15;1467;1;P;3;pistachia;30,9;4,22;1;;;;;;
4;15;1468;0;M;3;anthyllis;22,3;1,54;;1;;;;;
4;15;1469;0;M;3;pistachia;25,2;3,34;2;;;;;;
4;15;1470;1;M;3;anthyllis;18,6;2,46;;;;;;;
4;15;1471;0;P;3;pistachia;17,5;2,18;2;;;;;;
4;15;1472;1;P;3;pistachia;23,2;2,74;;;;;;;
4;15;1473;1;P;3;pistachia;27;5,45;;;;;;;
4;15;1474;0;P;3;pistachia;24,1;3,88;;;;;;;
4;15;1475;1;M;3;pistachia;20,8;2,61;;;;;;;
4;15;1476;1;M;3;anthyllis;29,2;2,56;;;;;;;
4;15;1477;1;A;3;anthyllis;23,4;2,4;;;;;;;
4;15;1478;0;A;3;anthyllis;11,8;1,93;;;;;;;
4;15;1479;1;A;3;anthyllis;;;3;;;;;;
4;15;1480;0;A;3;anthyllis;;;3;;;;;;
4;15;1481;1;P;3;pistachia;19;3,42;;;;;;;
4;15;1482;0;P;3;pistachia;33,5;3,57;2;;;;;;
4;15;1483;0;D;3;dorycnium;26;1,2;;;;;;;
4;15;1484;1;D;3;dorycnium;28,6;1,73;;;;;;;
4;15;1485;0;D;3;dorycnium;31,5;2,52;;;;;;;
4;15;1486;1;D;3;dorycnium;32,3;2,73;;;;;;;
4;15;1488;0;M;3;dorycnium;28,2;2,45;;;;;;;
4;15;1490;0;P;3;pistachia;26,2;3,52;1;;;;;;
4;15;1491;1;A;3;anthyllis;;;3;;;;;;
4;15;1492;0;A;3;anthyllis;20,1;2,13;;;;;;;
4;15;1495;1;A;3;anthyllis;24,7;1,51;;;;;;;
4;15;1496;0;A;3;anthyllis;15,2;1,5;;;;;;;
4;15;1497;1;M;3;pistachia;19,2;4,39;;;;;;;
4;15;1498;0;M;3;anthyllis;14,5;1,75;;;;;;;
4;15;1499;0;A;3;anthyllis;32,7;3,19;;1;;;;;
4;15;1500;1;A;3;anthyllis;38;3,25;;;;;;;
4;15;1501;0;P;3;pistachia;20;2,57;2;;;;;;
4;15;1503;1;P;3;pistachia;21;3,76;;;;;;;
4;15;1504;0;P;3;pistachia;31,7;4,16;;;;;;;
4;15;1505;1;D;3;dorycnium;29,4;2,98;;;;;;;
4;15;1506;0;D;3;dorycnium;22,3;3,35;;;;;;;
4;15;1507;0;M;3;anthyllis;24,7;2,23;;1;;;;;
4;15;1508;1;M;3;dorycnium;22,5;5;;;;;;;
4;15;1509;0;M;3;anthyllis;33,8;2,22;;1;;;;;
4;15;1510;1;M;3;pistachia;18,5;5,05;;;;;;;
4;15;1512;1;D;3;dorycnium;26,5;1,84;;;;;;;
4;15;1513;0;D;3;dorycnium;27,6;2,42;;;;;;;
4;15;1515;0;A;3;anthyllis;24,1;2,69;;1;;;;;
4;15;1516;1;A;3;anthyllis;;;3;;;;;;
4;15;1523;1;A;3;anthyllis;20,6;1,56;;;;;;;
4;15;1524;0;A;3;anthyllis;5,7;0,84;2;;;;;;
4;15;1526;1;A;3;anthyllis;27,5;2,65;;1;;;;;
4;15;1527;0;A;3;anthyllis;20,9;1,66;1;;;;;;
4;15;1528;0;M;3;dorycnium;25,5;1,76;;;;;;;
4;15;1529;1;M;3;anthyllis;22,7;1,48;;;;;;;
4;15;1530;1;P;3;pistachia;24;3,31;;;;;;;
4;15;1531;1;D;3;dorycnium;34,1;2,45;;;;;;;
