terrace;treatment;watering;rabbit;plot;label;microsite;lengthoct15;dia;survival;Artemisia;NA label;NA stick;Notes;
2;2;0;0;5;561;0;;;0;;;;;
2;2;0;0;5;562;1;;;0;;;;;
2;2;0;0;5;563;1;;;0;;;;;
2;2;0;0;5;564;1;;;0;;;;;
2;2;1;0;5;565;0;;;0;;;;;
2;2;0;0;5;566;1;;;0;;;;;
2;2;1;0;5;567;1;;;0;;;;;
2;2;1;0;5;568;0;24,5;4,49;1;;;;;
2;2;1;0;5;569;0;;;0;;;;;
2;2;1;0;5;570;0;;;0;;;;;
2;2;0;0;5;571;1;;;0;;;;;
2;2;1;0;5;572;0;;;0;;;;;
2;2;1;0;5;573;0;;;0;;;;;
2;2;1;0;5;574;1;;;0;1;;;;
2;2;0;0;5;575;1;;;0;1;1;;;
2;2;1;0;5;576;0;;;0;;;;;
2;2;1;0;5;577;0;;;0;;;;;
2;2;0;0;5;578;1;;;0;1;;;;
2;2;1;0;5;579;0;;;0;;;;;
2;2;1;0;5;580;1;;;0;;;;;
2;2;1;0;5;581;1;;;0;;;;;
2;2;0;0;5;582;0;;;0;;;;;
2;2;0;0;5;583;1;;;0;;;;;
2;2;0;0;5;584;1;24,5;4,49;1;;;;;
2;2;0;0;5;585;1;;;0;;;;;
2;2;1;0;5;586;1;;;0;;;;;
2;2;1;0;5;587;0;;;0;;;;;
2;2;0;0;5;588;1;;;0;;;;;
2;2;0;0;5;589;0;;;0;;;;;
2;2;0;0;5;590;0;29;4,03;1;;;;;
2;2;0;0;5;591;0;;;0;;;;;
2;2;1;0;5;592;0;5,5;3,56;1;;;;Resprout;
2;2;0;0;5;593;0;18;3,26;1;;;;;
2;2;1;0;5;594;1;14,5;3,66;1;;;;;
2;2;0;0;5;595;0;;;0;;;;;
2;2;1;0;5;596;1;15;2,89;1;;;;;
2;2;1;0;5;597;0;3;3,43;1;;;;Resprout;
2;2;1;0;5;598;1;21;2,21;1;;;;;
2;2;0;0;5;599;0;;;0;;;;;
2;2;1;0;5;600;1;;;0;;;;;
2;2;0;0;5;601;0;;;0;;;;;
2;2;0;0;5;602;1;;;0;;;;;
2;2;0;0;5;603;0;;;0;;;;;
2;2;1;0;5;604;0;19;3,28;1;;;;;
2;2;1;0;5;605;1;41;4,03;1;1;;;;
2;2;1;0;5;606;1;;;0;1;;;;
2;2;0;0;5;607;0;;;0;;;;;
2;2;1;0;5;608;0;;;0;;;;;
2;2;1;0;5;609;1;;;0;1;;;;
2;2;0;0;5;610;1;;;0;1;;;;
2;2;0;0;5;611;0;;;0;;;;;
2;2;1;0;5;612;1;;;0;;;;;
2;2;0;0;5;613;1;;;0;;;;;
2;2;0;0;5;614;1;;;0;1;;;;
2;2;0;0;5;615;0;;;0;;;;;
2;2;0;0;5;616;0;;;0;;;;;
2;2;0;0;5;617;0;28,5;4,21;1;;;;;
2;2;0;0;5;618;1;39,5;3,36;1;;;;;
2;2;0;0;5;619;0;32;5,08;1;;;;;
2;2;1;0;5;620;1;35,5;4,82;1;;;;;
2;2;1;0;5;621;0;24;4,08;1;;;;;
2;2;1;0;5;622;0;;;0;;;;;
2;2;1;0;5;623;1;;;0;;;;;
2;2;1;0;5;624;0;;;0;;;;;
2;2;0;0;5;625;1;;;0;;;;;
2;2;1;0;5;626;1;;;0;;;;;
2;2;1;0;5;627;0;14;3,43;1;;;;;
2;2;0;0;5;628;0;;;0;;;;;
2;2;0;0;5;629;1;13,5;2,1;1;;;;;
2;2;0;0;5;630;1;;;0;;;;;
2;2;1;0;5;631;0;;;0;;;;;
2;2;1;0;5;632;1;;;0;;;;;
2;2;0;0;5;633;0;;;0;;;;;
2;2;0;0;5;634;0;19;3,18;1;;;;;
2;2;1;0;5;635;1;26,5;3,37;1;;;;;
2;2;1;0;5;636;0;;;0;;;;;
2;2;0;0;5;637;1;;;0;;;;;
2;2;0;0;5;638;1;30;4,15;1;;;;;
2;0;1;0;6;481;0;14,5;3,4;1;;;;;
2;0;1;0;6;482;1;22,8;3,94;1;;;;;
2;0;0;0;6;483;0;;;0;;;;;
2;0;0;0;6;484;1;;;0;;;;;
2;0;0;0;6;485;1;;;0;;;;;
2;0;0;0;6;486;0;28;5,18;1;;;;;
2;0;1;0;6;487;0;29;9,23;1;;;;;
2;0;0;0;6;488;1;32,4;7,93;1;;;;;
2;0;1;0;6;489;0;19,6;3,9;1;;;;;
2;0;1;0;6;490;0;;;0;;;;;
2;0;1;0;6;491;1;;;0;;;;;
2;0;0;0;6;492;0;;;0;;;;;
2;0;0;0;6;493;1;;;0;1;;;;
2;0;0;0;6;494;0;;;0;;;;;
2;0;1;0;6;495;1;32,7;3,73;1;;;;;
2;0;1;0;6;496;0;;;0;;;;;
2;0;0;0;6;497;1;;;0;;;;;
2;0;0;0;6;498;1;;;0;;;;;
2;0;1;0;6;499;0;;;0;;;;;
2;0;1;0;6;500;1;;;0;1;;;;
2;0;0;0;6;501;0;;;0;;;;;
2;0;1;0;6;502;1;;;0;;;;;
2;0;1;0;6;503;1;;;0;;;;;
2;0;0;0;6;504;1;;;0;;;;;
2;0;0;0;6;505;0;;;0;;;;;
2;0;1;0;6;506;1;;;0;;;;;
2;0;1;0;6;507;1;19,6;2,5;1;;;;;
2;0;1;0;6;508;0;;;0;;;;;
2;0;0;0;6;509;0;;;0;;;;;
2;0;0;0;6;510;1;;;0;;;;;
2;0;0;0;6;511;0;15,6;3,35;1;;;;;
2;0;0;0;6;512;1;;;0;;;;;
2;0;1;0;6;513;0;;;0;;;;;
2;0;0;0;6;514;1;34,9;2,9;1;;;;;
2;0;1;0;6;515;0;14;2,86;1;;;;;
2;0;1;0;6;516;1;27,2;3,48;1;;;;;
2;0;0;0;6;517;1;27,3;5,99;1;;;;;
2;0;0;0;6;518;0;32,3;3,8;1;;;;;
2;0;0;0;6;519;1;;;0;;;;;
2;0;1;0;6;520;0;;;0;;;;;
2;0;1;0;6;521;1;;;0;;;;;
2;0;1;0;6;522;0;;;0;;;;;
2;0;0;0;6;523;1;18,8;3,38;1;;;;;
2;0;1;0;6;524;0;;;0;;;;;
2;0;0;0;6;525;0;;;0;;;;;
2;0;0;0;6;526;1;;;0;;;;;
2;0;1;0;6;527;0;;;0;;;;;
2;0;1;0;6;528;1;;;0;;;;;
2;0;1;0;6;529;0;;;0;;;;;
2;0;1;0;6;530;1;;;0;1;;;;
2;0;0;0;6;531;1;;;0;;;;;
2;0;0;0;6;532;0;;;0;1;;;;
2;0;1;0;6;533;0;;;0;;;;;
2;0;1;0;6;534;1;;;0;1;;;;
2;0;0;0;6;535;0;;;0;;;;;
2;0;0;0;6;536;1;;;0;0,5;;;;
2;0;0;0;6;537;1;;;0;;;;'Strange values of diameter in Mart''s datasheets';
2;0;0;0;6;538;0;;;0;;;;;
2;0;1;0;6;539;1;;;0;;;;;
2;0;1;0;6;540;0;;;0;;;;;
2;0;0;0;6;541;1;;;0;;;;;
2;0;0;0;6;542;0;17,3;3,2;1;;;;;
2;0;0;0;6;543;0;;;0;;;;;
2;0;1;0;6;544;1;;;0;;;;;
2;0;1;0;6;545;0;;;0;;;;;
2;0;1;0;6;546;1;;;0;;;;;
2;0;1;0;6;547;0;;;0;;;;;
2;0;1;0;6;548;1;;;0;;;;;
2;0;0;0;6;549;1;;;0;;;;;
2;0;1;0;6;550;0;;;0;;;;;
2;0;1;0;6;551;0;27,9;4,14;1;;;;;
2;0;0;0;6;552;1;;;0;1;;;;
2;0;1;0;6;553;1;;;0;1;;;;
2;0;1;0;6;554;0;;;0;;;;;
2;0;0;0;6;555;1;;;0;;;;;
2;0;0;0;6;556;0;;;0;;;;;
2;0;0;0;6;557;1;;;0;;;;;
2;0;0;0;6;558;0;;;0;;;;;
2;0;0;0;6;559;1;;;0;;;;;
2;0;1;0;6;560;0;;;0;;;;;
2;1;1;0;7;641;0;;;0;;;;;
2;1;1;0;7;642;1;;;0;;;;;
2;1;0;0;7;643;1;;;0;;;;;
2;1;0;0;7;644;0;;;0;;;;;
2;1;0;0;7;645;0;;;0;;;;;
2;1;1;0;7;646;1;;;0;;;;;
2;1;1;0;7;647;1;23,5;4,1;1;;;;;
2;1;1;0;7;648;0;;;0;;;;;
2;1;1;0;7;649;1;21,2;3,9;1;;;;;
2;1;0;0;7;650;1;;;0;1;;;;
2;1;0;0;7;651;0;;;0;;;;;
2;1;0;0;7;652;1;;;0;1;;;;
2;1;0;0;7;653;0;;;0;;;;;
2;1;0;0;7;654;1;;;0;;;;;
2;1;1;0;7;655;0;;;0;;;;;
2;1;1;0;7;656;0;;;0;;;;;
2;1;1;0;7;657;1;17,2;2,95;1;;;;;
2;1;1;0;7;658;0;2,5;2,13;1;;;;Resprout;
2;1;0;0;7;659;1;29;3,31;1;;;;;
2;1;1;0;7;660;1;23,3;2,5;1;;;;;
2;1;1;0;7;661;0;;;0;;;;;
2;1;0;0;7;662;1;;;0;1;;;;
2;1;0;0;7;663;0;;;0;;;;;
2;1;0;0;7;664;0;;;0;;;;;
2;1;0;0;7;665;1;46;3,52;1;1;;;;
2;1;1;0;7;666;0;;;0;;;;;
2;1;0;0;7;667;1;17,1;4,26;1;;;;;
2;1;0;0;7;668;1;21;3,63;1;;;;;
2;1;0;0;7;669;0;18,2;3,64;1;;;;;
2;1;1;0;7;670;0;12,5;3,68;1;;;;;
2;1;0;0;7;671;1;19,7;2,5;1;;;;;
2;1;1;0;7;672;0;14;3,98;1;;;;;
2;1;1;0;7;673;1;;;0;;;;;
2;1;0;0;7;674;1;;;0;;;;;
2;1;1;0;7;675;0;21;3,65;1;;;;;
2;1;1;0;7;676;1;;;0;;1;;;
2;1;1;0;7;677;1;;;0;1;;;;
2;1;1;0;7;678;0;;;0;;;;;
2;1;0;0;7;679;0;;;0;;1;;Hole missing;Part where Mart samples some Anthyllis, so some labels and wood sticks were missing
2;1;0;0;7;680;0;;;0;;;;;
2;1;0;0;7;681;1;;;0;;;;;
2;1;1;0;7;682;1;;;0;;;;;
2;1;1;0;7;683;0;;;0;;1;;Hole missing;
2;1;0;0;7;684;1;;;0;;;;;
2;1;1;0;7;685;0;16,2;2,79;1;;;;;
2;1;1;0;7;686;1;;;0;;;;;
2;1;0;0;7;687;0;16;2,25;1;;;;;
2;1;1;0;7;688;1;;;0;;1;;Hole missing;
2;1;0;0;7;689;0;22,2;2,49;1;;;;;
2;1;1;0;7;690;0;;;0;;1;;Hole missing;
2;1;0;0;7;691;0;;;0;;;;;
2;1;0;0;7;692;1;;;0;;;;;
2;1;1;0;7;693;1;;;0;;1;;Hole missing;
2;1;0;0;7;694;1;12,4;2,47;1;;;;;
2;1;0;0;7;696;1;;;0;;1;;Hole missing;
2;1;1;0;7;697;1;17,3;2,99;1;;;;;
2;1;1;0;7;698;0;;;0;;;;;
2;1;0;0;7;699;0;25;2,93;1;;;;;
2;1;1;0;7;700;0;26;7,49;1;;;;;
2;1;0;0;7;701;1;;;0;;;;;
2;1;1;0;7;702;0;;;0;;1;;Hole missing;
2;1;1;0;7;703;1;;;0;;;;;
2;1;0;0;7;704;0;30,4;4,25;1;;;;;
2;1;0;0;7;705;0;;;0;;1;;Hole missing;
2;1;1;0;7;706;1;;;0;;;;;
2;1;1;0;7;707;0;17,6;9,44;1;;;;;
2;1;1;0;7;708;1;;;0;;;;;
2;1;0;0;7;709;0;;;0;;;;;
2;1;1;0;7;710;1;;;0;1;;;;
2;1;1;0;7;711;1;;;0;;1;;Hole missing;
2;1;1;0;7;712;1;;;0;;1;;Hole missing;
2;1;0;0;7;713;0;;;0;;1;;Hole missing;
2;1;0;0;7;714;1;;;0;;1;;Hole missing;
2;1;1;0;7;715;0;;;0;;1;;Hole missing;
2;1;0;0;7;716;1;;;0;;1;;Hole missing;
2;1;0;0;7;717;0;;;0;;1;;Hole missing;
2;1;1;0;7;718;0;;;0;;1;;Hole missing;
2;1;1;0;7;719;1;;;0;;1;;Hole missing;
2;1;0;0;7;720;0;22;6,93;1;;;;;
2;1;0;0;7;721;1;;;0;;1;;Hole missing;
2;1;0;0;7;722;0;24,5;4,9;1;;;;;
2;1;0;0;7;723;1;6,5;2,91;1;;;;;
2;1;1;0;7;724;1;;;0;;1;;Hole missing;
2;1;1;0;7;725;0;36;6,76;1;;;;;
2;1;0;0;7;726;1;;;0;;1;;Hole missing;
2;1;0;0;7;727;0;;;0;;1;;Hole missing;
3;2;1;0;9;881;0;;;0;;;;;
3;2;0;1;9;882;1;;;0;1;;;;
3;2;0;0;9;883;1;;;0;1;;;;
3;2;1;1;9;884;0;9,8;2,36;1;;;;Resprout;
3;2;0;0;9;885;0;;;0;;;;;
3;2;1;1;9;886;1;;;0;;1;;;
3;2;0;0;9;887;0;22,5;3,23;1;;;;;
3;2;0;0;9;888;1;;;0;;;;;
3;2;0;1;9;889;1;;;0;;;;;
3;2;0;1;9;890;0;;;0;;;;;
3;2;0;0;9;891;0;;;0;;;;;
3;2;1;0;9;892;1;;;0;;;;;
3;2;0;0;9;893;1;;;0;;;1;;
3;2;1;0;9;894;0;;;0;;;;;
3;2;0;1;9;895;1;;;0;;;;;
3;2;1;0;9;896;0;;;0;;;;;
3;2;1;0;9;897;1;;;0;;;;;
3;2;1;0;9;898;0;;;0;;;;;
3;2;1;0;9;899;0;;;0;;;;;
3;2;0;0;9;900;1;6,5;2,85;1;;;;;
3;2;0;0;9;1329;1;;;0;;;;;
3;2;0;0;9;901;0;;;0;;;;;
3;2;1;0;9;902;0;15;1,09;1;;;;;
3;2;0;1;9;903;1;13;2,34;1;;;;;
3;2;0;0;9;904;0;;;0;;;;;
3;2;0;0;9;905;0;;;0;;;;;
3;2;1;0;9;906;1;7;4,39;1;;;;;
3;2;0;0;9;907;0;;;0;;;;;
3;2;1;1;9;908;1;19;3,17;1;;;;;
3;2;0;0;9;909;1;;;0;;;;;
3;2;1;0;9;910;0;4,5;0,94;1;;;;;
3;2;1;1;9;911;1;;;0;;;;;
3;2;1;0;9;912;1;;;0;;;;;
3;2;0;1;9;913;0;;;0;;;;;
3;2;0;0;9;914;1;;;0;;;;;
3;2;1;0;9;915;0;;;0;;;;;
3;2;1;1;9;916;1;;;0;;;;;
3;2;0;1;9;917;0;;;0;;;;;
3;2;0;1;9;918;0;;;0;;;;;
3;2;0;1;9;919;1;;;0;0,5;;;Plot 3a 34 sticks available;
3;2;0;0;9;920;0;;;0;;;;;
3;2;1;0;9;921;1;13,4;1,81;1;;;;;
3;2;0;0;9;922;1;;;0;;;;;
3;2;0;0;9;923;0;;;0;;;;;
3;2;1;1;9;924;0;;;0;;;;;
3;2;0;1;9;925;1;;;0;;;;;
3;2;0;0;9;926;0;;;0;;;;;
3;2;0;1;9;927;1;;;0;;;;;
3;2;1;1;9;928;0;;;0;;;;;
3;2;0;0;9;929;1;;;0;;;;;
3;2;0;1;9;930;1;;;0;;;;;
3;2;1;1;9;931;0;8;2,12;1;;;;;
3;2;1;0;9;932;1;;;0;;;;;
3;2;0;0;9;933;0;;;0;;;;;
3;2;1;0;9;934;0;;;0;;;;;
3;2;1;0;9;935;1;7,7;2,62;1;;;;Resprout;
3;2;0;1;9;936;0;;;0;;;;;
3;2;1;1;9;937;1;;;0;;;;;
3;2;1;0;9;938;1;;;0;;;;;
3;2;1;0;9;939;1;7,3;2,1;1;;;;;
3;2;1;0;9;940;0;;;0;;;;;
3;2;1;0;9;941;0;1,2;0,49;1;;;;;
3;2;0;0;9;942;1;;;0;;;;;
3;2;1;0;9;943;0;;;0;;;;;
3;2;1;1;9;944;1;;;0;;;;;
3;2;1;0;9;945;1;;;0;1;;;;
3;2;1;0;9;946;0;;;0;;;;;
3;2;0;1;9;947;1;;;0;;;;;
3;2;0;1;9;948;0;;;0;;;;;
3;2;1;0;9;949;1;;;0;;;;;
3;2;1;0;9;950;1;;;0;;;;;
3;2;1;0;9;951;1;10,3;3,23;1;;;;;
3;2;;;9;952;;;;0;;;;this label and hole was missing in the datasheet;
3;2;0;1;9;953;1;6,5;1,83;1;;;;No fences against rabbit in the terrace 3, missing 2 sides of the 3a and 1 side of the 3b;
3;2;0;0;9;954;1;;;0;;;;No metal rods for the labels;
3;2;1;0;9;955;0;;;0;;;;;
3;2;0;1;9;956;1;5,3;2,53;1;;;;;
3;2;1;1;9;957;0;;;0;;;;;
3;2;0;0;9;958;0;;;0;;;;;
3;2;1;1;9;959;1;;;0;;;;;
3;0;0;1;10;1101;0;;;0;;;;;
3;0;0;1;10;1102;1;;;0;1;;;;
3;0;1;1;10;1103;0;;;0;;;;;
3;0;1;0;10;1104;0;;;0;;1;;;
3;0;1;0;10;1105;0;;;0;;1;;;
3;0;1;1;10;1106;1;;;0;;;;;
3;0;1;1;10;1107;1;;;0;;;;;
3;0;0;1;10;1108;0;;;0;;;;;
3;0;1;1;10;1109;1;;;0;1;;;;
3;0;1;1;10;1110;0;;;0;;;;;
3;0;0;1;10;1111;0;;;0;;;;;
3;0;0;1;10;1112;1;;;0;;;;;
3;0;0;1;10;1113;0;;;0;;;;;
3;0;1;1;10;1114;1;;;0;;;;;
3;0;0;1;10;1115;0;;;0;;1;;;
3;0;1;1;10;1116;1;;;0;1;1;;;
3;0;0;0;10;1117;1;;;0;;;;;
3;0;1;1;10;1118;0;;;0;;;;;
3;0;1;0;10;1119;1;;;0;;;;;
3;0;1;1;10;1120;0;;;0;;;;;
3;0;1;1;10;1121;1;33,2;6,56;1;;;;;
3;0;0;0;10;1122;1;;;0;;;;;
3;0;1;0;10;1123;0;;;0;;;;;
3;0;0;0;10;1124;1;;;0;;;;;
3;0;0;1;10;1125;1;;;0;1;;;;
3;0;0;1;10;1126;1;;;0;;;;;
3;0;1;1;10;1127;0;;;0;;;;;
3;0;0;1;10;1128;1;;;0;1;;;;
3;0;1;0;10;1078;0;;;0;;;;;
3;0;0;1;10;1129;0;;;0;;;;;
3;0;1;1;10;1130;1;;;0;;;;;
3;0;0;1;10;1131;0;;;0;;;;;
3;0;1;1;10;1077;1;;;0;;;;;
3;0;0;0;10;1132;0;;;0;;;;;
3;0;0;1;10;1133;0;;;0;;;;;
3;0;1;0;10;1134;0;22,7;3,41;1;;;;;
3;0;1;0;10;1135;1;;;0;;;;;
3;0;1;1;10;1136;1;;;0;1;;;;
3;0;1;1;10;1137;0;;;0;;;;;
3;0;1;1;10;1138;1;;;0;;;;;
3;0;0;0;10;1139;0;;;0;;;;;
3;0;0;1;10;1140;1;;;0;;;;;
3;0;0;0;10;1141;0;8,7;1,74;1;;;;;
3;0;0;0;10;1142;1;;;0;;;;;
3;0;0;1;10;1143;0;;;0;;;;;
3;0;0;1;10;1144;1;;;0;;;;;
3;0;0;1;10;1145;1;18,3;2,61;1;;;;;
3;0;1;0;10;1146;0;;;0;;;;;
3;0;1;1;10;1147;0;;;0;;;;;
3;0;1;1;10;1148;1;;;0;;;;;
3;0;0;1;10;1149;0;;;0;1;;;;
3;0;0;0;10;1150;1;;;0;;;;;
3;0;0;1;10;1051;0;;;0;;;;;
3;0;0;1;10;1052;1;;;0;;;;;
3;0;0;1;10;1053;0;7,8;3,07;1;;;;;
3;0;1;1;10;1054;1;;;0;;;;;
3;0;0;1;10;1055;0;4,5;1,34;1;;;;Resprout;
3;0;1;0;10;1056;1;;;0;;;;;
3;0;1;1;10;1057;1;;;0;;;;;
3;0;0;0;10;1058;0;;;0;;;;;
3;0;0;1;10;1059;1;;;0;;;;;
3;0;1;1;10;1060;0;;;0;;;;;
3;0;0;1;10;1061;0;;;0;;;;;
3;0;0;1;10;1062;1;;;0;1;;;;
3;0;0;1;10;1063;0;;;0;;;;;
3;0;0;1;10;1064;1;;;0;1;;;;
3;0;1;1;10;1065;0;;;0;;;;;
3;0;1;1;10;1066;1;;;0;;;;;
3;0;1;1;10;1067;0;;;0;;;;;
3;0;0;0;10;1068;1;;;0;;;;;
3;0;1;1;10;1069;0;;;0;;;;;
;;;;;1160;1;;;0;;;;;
3;0;1;1;10;1070;0;;;0;;;;;
3;0;1;0;10;1071;1;31,6;4,34;1;;;;;
3;0;1;1;10;1072;0;;;0;;;;;
3;0;0;1;10;1073;1;;;0;;;;;
3;0;1;1;10;1074;0;;;0;;;;;
3;0;0;0;10;1075;1;;;0;;;;;
3;0;1;0;10;1076;1;;;0;;;;;
3;1;0;0;11;1021;0;28,8;2,34;1;;;;;
3;1;1;0;11;1022;0;33,3;4,98;1;;;;;
3;1;1;0;11;1023;1;29;2,18;1;;;;;
3;1;1;0;11;1024;1;17,5;3,01;1;;;;;
3;1;1;0;11;1025;0;37,9;3,93;1;;;;;
3;1;0;0;11;1026;0;35;3,35;1;;;;;
3;1;0;0;11;1027;1;48,9;3;1;;;;;
3;1;0;0;11;1028;0;42,5;3,69;1;;;;;
3;1;0;0;11;1029;1;33,4;4,43;1;;;;;
3;1;1;0;11;1030;0;29,9;3,83;1;;;;;
3;1;1;0;11;1031;0;28,6;3,65;1;;;;;
3;1;0;0;11;1032;1;21;2,82;1;;;;;
3;1;1;0;11;1033;0;28,1;2,56;1;;;;;
3;1;0;0;11;1034;1;28,5;2,48;1;;;;;
3;1;1;0;11;1035;0;;;0;;;;;
3;1;0;0;11;1036;0;4,7;0,77;1;;;;;
3;1;1;0;11;1037;0;;;0;;;;;
3;1;0;0;11;1038;1;;;0;;;;;
3;1;1;0;11;1039;1;;;0;;;;;
3;1;0;0;11;1040;0;13;3,65;1;;;;;
3;1;0;0;11;1041;0;;;0;;;;;
3;1;1;0;11;1042;1;11,4;3,08;1;;;;;
3;1;0;0;11;1043;0;;;0;;;;;
3;1;1;0;11;1044;1;10,5;3,06;1;;;;Resprout;
3;1;1;0;11;1045;1;17,2;2,9;1;;;;;
3;1;0;0;11;1046;0;;;0;;;;;
3;1;0;0;11;1047;0;15,6;2,7;1;;;;;
3;1;1;0;11;1048;1;;;0;;;;;
3;1;0;0;11;1049;0;24;5,03;1;;;;;
3;1;1;0;11;1050;0;;;0;;;;;
3;1;0;0;11;1151;1;23,2;2,5;1;;;;;
3;1;0;0;11;1152;1;18;4,69;1;;;;;
3;1;0;0;11;1153;0;;;0;;;;;
3;1;0;0;11;1154;1;31,2;4,79;1;;;;;
3;1;0;0;11;1155;0;;;0;;;;;
3;1;1;0;11;1080;1;25,3;2,42;1;;;;;
3;1;1;0;11;1156;0;37,7;4,37;1;;;;;
3;1;0;0;11;1079;1;;;0;;;;;
3;1;0;0;11;1057;0;;;0;;;;Hole missing;
3;1;0;0;11;1058;1;;;0;;;;Hole missing;
3;1;1;0;11;1081;1;;;0;;;;;
3;1;1;0;11;1082;0;26,4;2,53;1;;;;;
3;1;1;0;11;1083;1;21,6;2,59;1;;;;;
3;1;0;0;11;1084;0;17,1;2,64;1;;;;;
3;1;0;0;11;1085;1;;;0;;;;;
3;1;0;0;11;1086;0;;;0;;;;;
3;1;1;0;11;1087;0;23,4;2,87;1;;;;;
3;1;0;0;11;1088;1;27;2,41;1;;;;;
3;1;1;0;11;1089;0;11,5;3,12;1;;;;;
3;1;1;0;11;1090;1;;;0;;;;;
3;1;0;0;11;1091;0;;;0;;;;;
3;1;1;0;11;1092;1;15;4,76;1;;;;;
3;1;1;0;11;1093;0;22,9;4,57;1;;;;;
3;1;0;0;11;1094;0;;;0;;;;;
3;1;1;0;11;1095;1;14,7;2,89;1;;;;;
3;1;0;0;11;1096;1;21,9;2,35;1;;;;;
3;1;1;0;11;1097;1;;;0;;;;;
3;1;0;0;11;1098;0;28;3,05;1;;1;;;
3;1;1;0;11;1099;1;;;0;0,5;;;;
3;1;1;0;11;1100;0;17,6;3,21;1;;;;;
3;1;0;0;11;1001;0;;;0;;;;;
3;1;0;0;11;1002;1;;;0;;;;;
3;1;1;0;11;1003;1;19,7;2,73;1;;;;;
3;1;1;0;11;1004;0;;;0;;;;;
3;1;0;0;11;1005;1;;;0;;;;;
3;1;1;0;11;1006;1;28,6;3,93;1;;;;;
3;1;1;0;11;1007;0;;;0;;;;;
3;1;1;0;11;1008;1;;;0;;;;;
3;1;1;0;11;1009;0;;;0;;;;;
3;1;1;0;11;1010;0;29,7;3,24;1;;;;;
3;1;0;0;11;1011;1;;;0;;;;;
3;1;1;0;11;1012;0;;;0;;;;;
3;1;0;0;11;1013;1;;;0;;;;;
3;1;0;0;11;1014;0;;;0;;;;;
3;1;0;0;11;1015;1;;;0;;;;;
3;1;1;0;11;1016;1;16,6;1,98;1;0,5;;;;
3;1;0;0;11;1017;1;;;0;;;;;
3;1;0;0;11;1018;1;28,6;3,06;1;;;;;
3;1;1;0;11;1019;1;;;0;;;;;
3;1;0;0;11;1020;1;;;0;;;;;
3;1;0;0;11;1159;0;13,6;3,11;1;;;;;
;;;;11;1157;0;36,8;3,64;1;;;;;
4;2;1;0;13;360;1;;;0;;;;;
4;2;0;0;13;361;0;;;0;;;;;
4;2;0;0;13;362;0;24,9;2,45;1;;;;;
4;2;0;0;13;363;1;;;0;;;;;
4;2;0;0;13;364;0;;;0;;;;Hole missing;
4;2;1;0;13;365;0;;;0;;;;Hole missing;
4;2;0;0;13;366;1;;;0;0,5;;;;
4;2;0;0;13;367;0;;;0;;1;;;
4;2;1;0;13;368;1;;;0;;;;;
4;2;1;0;13;369;1;38,4;2,23;1;;;;;
4;2;1;0;13;370;1;;;0;;;;;
4;2;1;0;13;371;0;;;0;;;;;
4;2;1;0;13;372;0;50,5;4,09;1;;;;;
4;2;1;0;13;373;1;35;4,17;1;;;;;
4;2;1;0;13;374;1;;;0;;;;;
4;2;0;0;13;375;1;;;0;;;;;
4;2;1;0;13;376;0;;;0;;;;;
4;2;0;0;13;377;1;;;0;;;;;
4;2;1;0;13;378;0;;;0;;;;;
4;2;0;0;13;379;1;;;0;;;;Hole missing;
4;2;1;0;13;380;0;;;0;;;;;
4;2;1;0;13;381;0;;;0;;;;Hole missing;
4;2;0;0;13;382;1;;;0;;;;Hole missing;
4;2;0;0;13;383;1;;;0;;;;;
4;2;1;0;13;384;0;32,7;2,16;1;;;;;
4;2;1;0;13;385;0;;;0;;;;Hole missing;
4;2;1;0;13;386;1;;;0;;;;;
4;2;0;0;13;387;1;;;0;;;;;
4;2;0;0;13;388;1;;;0;;;;;
4;2;0;0;13;389;0;32,1;3,08;1;;;;;
;;;;;988;1;;;0;;;;;
4;2;1;0;13;390;1;;;0;;;;;
4;2;0;0;13;391;0;;;0;;;;;
4;2;1;0;13;392;0;;;0;;;;;
4;2;0;0;13;393;1;;;0;;;;;
4;2;1;0;13;394;1;;;0;;;;;
4;2;0;0;13;395;0;;;0;;;;;
4;2;0;0;13;396;0;;;0;;;;;
4;2;0;0;13;397;0;37;3,44;1;;;;;
4;2;0;0;13;398;0;;;0;;;;;
4;2;1;0;13;399;0;22,6;3,87;1;;;;;
4;2;1;0;13;400;1;;;0;;;;;
4;2;0;0;13;960;0;32,5;2,53;1;;;;;
4;2;0;0;13;961;1;;;0;;;;;
4;2;1;0;13;962;0;28,3;3,52;1;;;;;
4;2;0;0;13;963;1;;;0;;;;;
4;2;1;0;13;964;1;39,6;4,89;1;;;;;
4;2;0;0;13;965;0;46,8;3,06;1;;;;;
4;2;0;0;13;966;0;;;0;;;;Hole missing;
4;2;1;0;13;967;0;;;0;;;;;
4;2;0;0;13;968;1;;;0;;;;;
4;2;0;0;13;969;0;;;0;;;;;
4;2;1;0;13;970;0;;;0;;;;;
4;2;0;0;13;971;1;;;0;;;;;
4;2;0;0;13;972;0;;;0;;;;;
4;2;1;0;13;973;1;;;0;;;;;
4;2;1;0;13;974;0;;;0;;;;;
4;2;1;0;13;975;1;24,5;2,17;1;;;;;
4;2;0;0;13;976;0;39,6;3,94;1;;;;;
4;2;1;0;13;977;0;24,5;2,9;1;;;;;
4;2;0;0;13;978;1;;;0;;;;;
4;2;1;0;13;979;0;;;0;;;;;
4;2;0;0;13;980;0;;;0;;;;;
4;2;0;0;13;981;1;;;0;;;;;
4;2;1;0;13;982;0;;;0;;;;;
4;2;0;0;13;983;0;;;0;;;;;
4;2;1;0;13;984;1;;;0;;;;;
4;2;1;0;13;985;1;;;0;;;;;
4;2;0;0;13;986;1;27,5;5;1;;;;;
4;2;0;0;13;987;0;;;0;;;;;
4;2;0;0;13;988;0;;;0;;;;;
4;2;1;0;13;989;1;;;0;;;;No metal rods for the labels;
4;2;0;0;13;990;1;;;0;;;;;
4;2;1;0;13;991;1;;;1;;;;;
4;2;1;0;13;992;1;;;0;;;;Hole missing;
4;2;1;0;13;993;0;;;0;;;;;
4;2;1;0;13;994;1;;;0;;;;;
4;2;0;0;13;995;1;;;0;;;;;
4;2;1;0;13;996;0;;;0;;;;;
4;2;0;0;13;997;1;;;0;;;;;
4;0;1;0;14;281;0;;;0;;;;;
4;0;0;0;14;282;1;44,5;3,64;1;;;;;
4;0;1;0;14;283;1;;;0;;;;;
4;0;0;0;14;284;1;;;0;;;;;
4;0;0;0;14;285;1;;;0;;;;;
4;0;0;0;14;286;0;50;5,54;1;;;;;
4;0;0;0;14;287;0;;;0;;;;;
4;0;0;0;14;288;0;47,8;5,36;1;;;;;
4;0;0;0;14;289;1;27,4;2,7;1;;;;;
4;0;0;0;14;290;0;33,5;2,69;1;;;;;
4;0;1;0;14;291;0;;;0;;;0,5;;
4;0;0;0;14;292;1;;;0;;;;;
4;0;0;0;14;293;0;38,5;5,85;1;;;0,5;;
4;0;0;0;14;294;1;;;0;;;;;
4;0;1;0;14;295;0;;;0;;;;;
4;0;0;0;14;296;0;;;0;;;;;
4;0;1;0;14;297;1;;;0;;;;;
4;0;0;0;14;298;0;;;0;;;;;
4;0;0;0;14;299;1;;;0;;;;;
4;0;0;0;14;300;1;;;0;;;;;
4;0;1;0;14;301;0;30;NA;1;;;;;
4;0;1;0;14;302;0;;;0;;;;;
4;0;1;0;14;303;1;;;0;;;;;
4;0;1;0;14;304;0;;;0;;;;;
4;0;1;0;14;305;0;;;0;;;;;
4;0;0;0;14;306;0;22,5;4,18;1;;;0,5;;
4;0;1;0;14;307;0;;;0;;;0,5;;
4;0;1;0;14;308;1;;;0;;;;;
4;0;0;0;14;309;0;31,2;3,56;1;;;;;
4;0;1;0;14;310;1;;;0;;;;;
4;0;0;0;14;311;0;37;4,7;1;;;;;
4;0;0;0;14;312;0;47,5;5,49;1;;;0,5;;
4;0;0;0;14;313;0;;;0;;;;;
4;0;1;0;14;314;1;;;0;;;;;
4;0;0;0;14;315;1;24,8;NA;1;;;;;
4;0;0;0;14;316;1;;;0;;;;;
4;0;0;0;14;317;0;;;0;;;;;
4;0;1;0;14;318;1;;;0;;;;;
4;0;1;0;14;319;0;24;3,57;1;;;;;
4;0;0;0;14;320;0;6;1,18;1;;;;Resprout;
4;0;0;0;14;321;1;22;2,5;1;;;;;
4;0;1;0;14;322;0;;;0;;;;;
4;0;1;0;14;323;0;22;3,84;1;;;;;
4;0;1;0;14;324;0;26;3,69;1;;;;;
4;0;0;0;14;325;0;32,5;3,94;1;;;;;
4;0;0;0;14;326;1;39,3;4;1;;;;;
4;0;1;0;14;327;1;45;3;1;;;;;
4;0;1;0;14;328;0;49;5,66;1;;;;;
4;0;1;0;14;329;1;27,5;4,25;1;;;;;
4;0;0;0;14;330;0;27,5;2,66;1;;;;Resprout;
4;0;0;0;14;331;1;;;0;;;;;
4;0;1;0;14;332;0;30;5,64;1;;;;;
4;0;1;0;14;333;0;25,5;4,59;1;;;;;
4;0;0;0;14;334;1;33,5;4,42;1;;;;;
4;0;1;0;14;335;0;27,9;6,44;1;;;;;
4;0;1;0;14;336;1;;;0;;;;;
4;0;1;0;14;337;0;;;0;;;;;
4;0;1;0;14;338;1;;;0;;;;;
4;0;1;0;14;339;0;15,5;3,2;1;;;;;
4;0;0;0;14;340;1;;;0;;;;;
4;0;0;0;14;341;0;;;0;;;;;
4;0;0;0;14;342;1;;;0;;;;;
4;0;0;0;14;343;0;;;0;;;;;
4;0;0;0;14;344;0;;;0;;;;;
4;0;1;0;14;345;1;;;0;;;;;
4;0;1;0;14;346;0;;;0;;;;;
4;0;1;0;14;347;0;20,5;3,21;1;;;;;
4;0;0;0;14;348;1;;;0;;;;;
4;0;1;0;14;349;1;;;0;;;;;
4;0;1;0;14;350;1;14;3,21;1;;;;;
4;0;0;0;14;351;0;22;3,65;1;;;;;
4;0;0;0;14;352;1;;;0;;;;;
4;0;1;0;14;353;0;21,5;6,42;1;;;;;
4;0;0;0;14;354;1;37;3,37;1;;;0,5;;
4;0;1;0;14;355;0;26;4,71;1;;;;;
4;0;0;0;14;356;0;31,5;2,97;1;;;;;
4;0;1;0;14;357;1;;;0;;;;;
4;0;1;0;14;358;1;;;0;;;;;
4;0;1;0;14;359;0;31;4,76;1;;;;;
4;1;1;0;15;1451;1;;;0;;;;;
4;1;0;0;15;1452;0;;;0;;;;;
4;1;0;0;15;1453;1;;;0;;;;;
4;1;0;0;15;1454;0;;;0;;;;;
4;1;1;0;15;1455;0;29;2,42;1;;;;;
4;1;0;0;15;1456;1;33,5;2,88;1;;;;;
4;1;0;0;15;1457;0;;;0;;;;;
4;1;0;0;15;1458;1;;;0;;;;;
4;1;1;0;15;1459;0;4,5;1,67;1;;;;Resprout;
4;1;1;0;15;1460;0;;;0;;;;;
4;1;0;0;15;1461;1;;;0;;;;;
4;1;0;0;15;1462;1;;;0;;;;No metal rods for the labels;
4;1;0;0;15;1463;1;;;1;;;;;
4;1;1;0;15;1464;0;14,5;2,48;1;;;;;
4;1;0;0;15;1465;1;5,5;2,32;1;;;;;
4;1;1;0;15;1466;0;16,2;4,2;1;;;;;
4;1;1;0;15;1467;1;;;0;;;;;
4;1;1;0;15;1468;0;20,5;4,5;1;;;;;
4;1;0;0;15;1469;0;22;3,68;1;;;;;
4;1;0;0;15;1470;1;17,6;5,57;1;;;;;
4;1;0;0;15;1471;0;;;0;;;;;
4;1;1;0;15;1472;1;18,5;2,98;1;;;;;
4;1;1;0;15;1473;1;33,3;'3;2';1;;;;;
4;1;1;0;15;1474;0;40,5;5,82;1;;;;;
4;1;1;0;15;1475;1;13;1,13;1;;;;;
4;1;0;0;15;1476;1;;;0;;;;;
4;1;1;0;15;1477;1;5;1,05;1;;;;Resprout;
4;1;1;0;15;1478;0;6,8;2,5;1;;;;;
4;1;1;0;15;1479;1;16,5;2,33;1;;;;;
4;1;0;0;15;1480;0;15;3,06;1;;;;;
4;1;0;0;15;1481;1;11,4;2,26;1;;;;;
4;1;0;0;15;1482;0;;;0;;;;;
4;1;1;0;15;1483;0;;;0;;;;;
4;1;0;0;15;1484;1;;;0;;;;;
4;1;0;0;15;1485;0;21,3;5,39;1;;;;;
4;1;1;0;15;1486;1;23,4;3,52;1;;;;;
4;1;0;0;15;1487;1;;;0;;;;;
4;1;1;0;15;1488;0;12,4;1,7;1;;;;;
4;1;0;0;15;1489;1;;;0;;;;;
4;1;1;0;15;1490;0;13,2;1,2;1;;;;;
4;1;0;0;15;1491;1;;;0;;;;;
4;1;0;0;15;1492;0;14;2,11;1;;;;;
4;1;1;0;15;1493;1;;;0;;;;;
4;1;0;0;15;1494;0;;;0;;;;;
4;1;1;0;15;1495;1;;;0;;;;;
4;1;0;0;15;1496;0;;;0;;;;;
4;1;1;0;15;1497;1;25,5;3,16;1;;;;;
4;1;0;0;15;1498;0;;;0;;;;;
4;1;1;0;15;1499;0;;;0;;;;;
4;1;1;0;15;1500;1;;;0;;;;;
4;1;0;0;15;1501;0;;;0;;1;;Hole missing;
4;1;0;0;15;1502;1;25,1;2,3;1;;1;;Hole missing/ Not sure about this hole but it seems logical;
4;1;1;0;15;1503;1;28,1;3,28;1;;;;;
4;1;0;0;15;1504;0;23;4,87;1;;;;;
4;1;0;0;15;1505;1;24,9;3,4;1;;;;;
4;1;0;0;15;1506;0;;;0;;;;;
4;1;0;0;15;1507;0;;;0;;;;;
4;1;1;0;15;1508;1;21,2;3,26;1;;;;;
4;1;1;0;15;1509;0;27,2;4,7;1;;;;;
4;1;1;0;15;1510;1;;;0;;;;;
4;1;0;0;15;1511;0;20,5;2,78;1;;;;;
4;1;1;0;15;1512;1;23,8;3,07;1;;1;;;
4;1;1;0;15;1513;0;17,6;2,9;1;;;;;
4;1;0;0;15;1514;0;;;0;;;;;
4;1;1;0;15;1515;0;18;4,22;1;;;;;
4;1;0;0;15;1516;1;;;0;;;;;
4;1;0;0;15;1517;0;15,7;2,81;1;;;;;
4;1;1;0;15;1518;1;;;0;;;;;
4;1;1;0;15;1519;0;33,3;3,98;1;;;;;
4;1;1;0;15;1520;1;;;0;;;;;
4;1;1;0;15;1521;0;;;NA;;;;Missing holes;
4;1;0;0;15;1522;1;;;0;;;;;
4;1;0;0;15;1523;1;;;0;;;;;
4;1;1;0;15;1524;0;14;NA;1;;;;;
4;1;0;0;15;1525;1;25;NA;0;;;;;
4;1;1;0;15;1526;1;;;0;;;;;
4;1;0;0;15;1527;0;;;0;;;;;
4;1;1;0;15;1528;0;;;0;;;;;
4;1;0;0;15;1529;1;;;0;;;;;
4;1;0;0;15;1530;1;;;0;;;;;
4;1;1;0;15;1531;1;15,5;NA;1;;;;;
4;1;1;0;15;1532;0;;;0;;;;;
2;3;1;0;8;401;0;57,5;10,9;1;;;;In this rabbit plot, quite a lot Anthyllis moved from dead to alive;
2;3;1;0;8;402;1;;;0;;;;;
2;3;0;0;8;403;0;;;0;;;;;
2;3;1;0;8;404;1;;;0;;;;;
2;3;0;0;8;405;0;;;0;;;;;
2;3;0;0;8;406;0;26;7,64;1;;;;;
2;3;1;0;8;407;0;;;0;;;;;
2;3;1;0;8;408;1;51;5,87;1;;;;;
2;3;1;0;8;409;1;;;0;;;;;
2;3;1;0;8;410;0;;;0;;;;;
2;3;1;0;8;411;0;;;0;;1;;;
2;3;0;0;8;412;1;;;0;;;;;
2;3;0;0;8;413;0;;;0;;;;;
2;3;0;0;8;414;1;;;0;;;;;
2;3;0;0;8;415;0;;;0;;;;;
2;3;1;0;8;416;1;;;0;;;;;
2;3;1;0;8;417;0;38,5;5,21;1;;;;;
2;3;1;0;8;418;1;;;0;;;;;
2;3;1;0;8;419;0;38,7;5,41;1;;;;;
2;3;1;0;8;420;1;55,5;7,16;1;;;;;
2;3;1;0;8;421;0;18,7;2,41;1;;;;;
2;3;0;0;8;422;1;28,6;2,75;1;;;;;
2;3;1;0;8;423;0;13,4;1,66;1;;;;;
2;3;0;0;8;424;0;;;0;;;;;
2;3;0;0;8;425;1;;;0;1;;;;
2;3;0;0;8;426;1;;;0;;1;;;
2;3;1;0;8;427;0;;;0;;;;;
2;3;0;0;8;428;1;44,1;3,8;1;;;;;
2;3;1;0;8;429;0;41;7,25;1;;;;;
2;3;1;0;8;430;1;;;0;0,5;;;;
2;3;0;0;8;431;0;26,4;3,94;1;;;;;
2;3;0;0;8;432;0;;;0;;;;;
2;3;1;0;8;433;1;;;0;;;;;
2;3;0;0;8;434;1;25,5;3,44;1;;;;;
2;3;0;0;8;435;0;;;0;;;;;
2;3;0;0;8;436;1;;;0;;;;;
2;3;1;0;8;437;0;;;0;;;;;
2;3;0;0;8;438;1;;;0;;;;;
2;3;1;0;8;439;1;;;0;;;;;
2;3;0;0;8;440;0;;;0;;;;;
2;3;0;0;8;441;1;21,5;2,5;1;;1;;;
2;3;0;0;8;442;0;30,1;5,01;1;;;;;
2;3;0;0;8;443;0;18,1;3,09;1;;;;;
2;3;1;0;8;444;0;;;0;;;;;
2;3;1;0;8;445;1;33,3;2,42;1;;;;;
2;3;0;0;8;446;1;29,3;4,2;1;;;;;
2;3;0;0;8;447;1;;;0;;;;;
2;3;1;0;8;448;0;39,5;4,6;1;;;;;
2;3;0;0;8;449;0;38,6;5,31;1;;;;;
2;3;0;0;8;450;1;;;0;;;;;
2;3;0;0;8;451;0;;;0;;;;;
2;3;1;0;8;452;1;;;0;;;;;
2;3;0;0;8;453;0;;;0;;;;;
2;3;1;0;8;454;1;;;0;;;;;
2;3;1;0;8;455;0;31,4;6,8;1;;;;;
2;3;1;0;8;456;1;26,6;6,28;1;0,5;;;;
2;3;0;0;8;457;0;;;0;;;;;
2;3;0;0;8;458;1;20,4;3,45;1;;;;;
2;3;0;0;8;459;1;;;0;;;;;
2;3;0;0;8;460;0;;;0;;;;;
2;3;1;0;8;461;1;32,7;2,77;1;;;;;
2;3;1;0;8;462;0;;;0;;;;;
2;3;0;0;8;463;0;10,7;1,48;1;;;;;
2;3;0;0;8;464;1;15,4;3,55;0;;;;;
2;3;1;0;8;465;0;;;0;;;;;
2;3;1;0;8;466;1;;;0;;;;;
2;3;0;0;8;467;1;;;0;;;;;
2;3;0;0;8;468;0;;;0;;;;;
2;3;1;0;8;469;0;;;0;;;;;
2;3;1;0;8;470;0;;;0;;;;;
2;3;1;0;8;471;1;20;2,43;1;;;;;
2;3;0;0;8;472;1;12,7;2,05;1;;;;;
2;3;1;0;8;473;0;17,5;4,27;1;;;;;
2;3;1;0;8;474;1;35,5;3,84;1;;;;;
2;3;0;0;8;475;1;47,4;5,08;1;;;;;
2;3;0;0;8;476;0;19,5;2,78;1;;;;;
2;3;1;0;8;477;1;16;2,29;1;;;;;
2;3;1;0;8;478;0;24,4;2,79;1;;;;;
2;3;0;0;8;479;0;17,5;3,86;1;;;;;
2;3;0;0;8;480;1;33,2;2,98;1;;;;;
3;3;0;0;12;801;0;;;0;;;;;
3;3;1;0;12;802;1;;;0;;;;;
3;3;0;0;12;803;0;;;0;;;;;
3;3;1;0;12;804;0;;;0;;;;;
3;3;1;0;12;805;1;;;0;;;;;
3;3;0;0;12;806;1;;;0;;;;;
3;3;0;0;12;807;0;;;0;;;;;
3;3;1;0;12;808;1;;;0;;;;;
3;3;1;0;12;809;0;;;0;;;;;
3;3;0;0;12;810;0;;;0;;;;;
3;3;1;0;12;811;0;;;0;;;;;
3;3;0;0;12;812;1;;;0;;;;;
3;3;0;0;12;813;0;;;0;;;;;
3;3;0;0;12;814;0;;;0;;;;;
3;3;0;0;12;815;1;;;0;;;;;
3;3;1;0;12;816;0;;;0;;;;;
3;3;1;0;12;817;1;;;0;;;;;
3;3;0;0;12;818;0;;;0;;;;;
3;3;0;0;12;819;1;;;0;;;;;
3;3;0;0;12;820;1;;;0;;;;;
3;3;1;0;12;821;1;;;0;;;;;
3;3;1;0;12;822;0;;;0;;;;;
3;3;0;0;12;823;0;;;0;;;;;
3;3;0;0;12;824;1;;;0;;;;;
3;3;0;0;12;825;0;;;0;;;;;
3;3;0;0;12;826;1;;;0;1;;;;
3;3;0;0;12;827;0;;;0;;;;;
3;3;1;0;12;828;1;;;0;1;;;;
3;3;1;0;12;829;0;;;0;;1;;;
3;3;1;0;12;830;1;;;0;1;;;;
3;3;1;0;12;831;0;;;0;;;;;
3;3;0;0;12;832;0;;;0;;;;;
3;3;1;0;12;833;1;;;0;1;;;;
3;3;1;0;12;834;0;;;0;;;;;
3;3;0;0;12;835;1;;;0;;;;;
3;3;1;0;12;836;0;;;0;;;;;
3;3;NA;0;12;836bis;1;;;0;;;;;
3;3;0;0;12;837;0;;;0;;;;;
3;3;0;0;12;838;1;;;0;;;;;
3;3;1;0;12;839;0;;;0;;;;;
3;3;1;0;12;840;0;;;0;;1;;;
3;3;0;0;12;841;1;;;0;;;;;
3;3;1;0;12;842;1;;;0;;;;;
3;3;0;0;12;843;0;;;0;;;;;
3;3;1;0;12;844;1;;;0;;;;;
3;3;0;0;12;845;0;;;0;;;;;
3;3;1;0;12;846;1;;;0;;;;;
3;3;0;0;12;847;0;;;0;;;;;
3;3;1;0;12;848;1;;;0;;;;;
3;3;1;0;12;849;0;;;0;;;;;
3;3;0;0;12;850;1;;;0;;;;;
3;3;0;0;12;851;1;;;0;;;;;
3;3;1;0;12;852;0;;;0;;;;;
3;3;1;0;12;853;0;;;0;;;;;
3;3;0;0;12;854;0;;;0;;;;;
3;3;0;0;12;855;1;;;0;;;;;
3;3;0;0;12;856;0;;;0;;;;;
3;3;0;0;12;857;1;;;0;;;;;
3;3;1;0;12;858;0;;;0;;;;;
3;3;0;0;12;859;1;;;0;;;;;
3;3;1;0;12;860;1;;;0;;;;;
3;3;0;0;12;861;0;;;0;;;;;
3;3;0;0;12;862;1;;;0;;;;;
3;3;0;0;12;863;0;;;0;;;;;
3;3;0;0;12;864;0;;;0;;;;;
3;3;1;0;12;865;1;;;0;;;;;
3;3;0;0;12;866;1;;;0;;;;;
3;3;1;0;12;867;0;;;0;;;;;
3;3;0;0;12;868;1;;;0;;;;;
3;3;1;0;12;869;0;;;0;;;;;
3;3;1;0;12;870;0;;;0;;;;;
3;3;1;0;12;871;1;;;0;;;;;
3;3;1;0;12;872;1;;;0;;;;;
3;3;1;0;12;873;0;;;0;;;;;
3;3;1;0;12;874;1;;;0;;;;;
3;3;0;0;12;875;0;;;0;;;;;
3;3;0;0;12;876;1;;;0;;;;;
3;3;0;0;12;877;0;;;0;;;;;
3;3;0;0;12;878;1;;;0;;;;;
4;3;0;0;16;201;0;;;0;;;;;
4;3;0;0;16;202;1;10,5;2,69;1;;;;;
4;3;1;0;16;203;1;;;0;;;;;
4;3;1;0;16;204;0;;;0;;;;;
4;3;1;0;16;205;1;;;0;;;;;
4;3;0;0;16;206;0;;;0;;;;;
4;3;1;0;16;207;0;10,6;4,27;1;;;;Resprout;
4;3;1;0;16;208;1;;;0;;;;;
4;3;1;0;16;209;1;1,9;1,28;1;;;;Resprout;
4;3;1;0;16;210;0;;;0;;;;;
4;3;1;0;16;211;0;;;0;;;;;
4;3;1;0;16;212;1;;;0;;;;;
4;3;0;0;16;213;0;;;0;;;;;
4;3;1;0;16;214;1;;;0;;;;;
4;3;1;0;16;215;0;4,5;3,23;1;;;;;
4;3;1;0;16;216;0;;;0;;;;;
4;3;0;0;16;217;1;;;0;;;;;
4;3;1;0;16;218;0;;;0;;;;;
4;3;0;0;16;219;1;;;0;;;;;
4;3;0;0;16;220;0;;;0;;;;;
4;3;1;0;16;221;1;;;0;;;;;
4;3;1;0;16;222;0;;;0;;;;;
4;3;0;0;16;223;0;;;0;;;;;
4;3;1;0;16;224;1;17,4;2,9;1;;;;;
4;3;1;0;16;225;0;;;0;;;;;
4;3;0;0;16;226;1;;;0;;;;;
4;3;0;0;16;227;1;;;0;;;;;
4;3;1;0;16;228;0;;;0;;;;;
4;3;0;0;16;229;0;;;0;;;;;
4;3;0;0;16;230;1;;;0;;;;;
4;3;1;0;16;231;0;;;0;;;;;
4;3;1;0;16;232;1;;;0;;;;;
4;3;1;0;16;233;1;;;0;;;;;
4;3;0;0;16;234;0;;;0;;;;;
4;3;1;0;16;235;0;;;0;;;;;
4;3;0;0;16;236;1;;;0;;;;;
4;3;1;0;16;237;0;;;0;;;;;
4;3;1;0;16;238;1;;;0;;;;;
4;3;0;0;16;239;1;;;0;;;;;
4;3;1;0;16;280;0;;;0;;;;;
4;3;1;0;16;240;1;;;0;;;;;
4;3;1;0;16;241;0;;;0;;;;;
4;3;0;0;16;242;1;;;0;;;;;
4;3;0;0;16;243;0;;;0;;;;;
4;3;1;0;16;244;1;;;0;;;;;
4;3;1;0;16;245;1;;;0;;;;;
4;3;0;0;16;246;1;;;0;;;;;
4;3;1;0;16;247;0;;;0;;;;;
4;3;0;0;16;248;0;;;0;;;;;
4;3;0;0;16;249;0;;;0;;;;;
4;3;1;0;16;250;1;;;0;;;;;
4;3;0;0;16;251;0;;;0;;;;;
4;3;0;0;16;252;1;;;0;;;;;
4;3;0;0;16;253;0;;;0;;;;;
4;3;0;0;16;254;1;;;0;;;;;
4;3;1;0;16;255;1;;;0;;;;;
4;3;0;0;16;256;1;;;0;;;;;
4;3;0;0;16;257;0;;;0;;;;;
4;3;0;0;16;258;0;;;0;;;;;
4;3;0;0;16;259;1;;;0;;;;;
4;3;1;0;16;260;0;;;0;;;;;
4;3;1;0;16;261;1;;;0;;;;;
4;3;0;0;16;262;0;4,8;2,35;1;;;;Resprout;
4;3;0;0;16;263;0;;;0;;;;;
4;3;1;0;16;264;1;9,2;2,4;1;;;;;
4;3;0;0;16;265;0;;;0;;;;;
4;3;0;0;16;266;1;;;0;;;;;
4;3;1;0;16;267;0;;;0;;;;;
4;3;0;0;16;268;1;;;0;;;;;
4;3;1;0;16;269;0;;;0;;;;;
4;3;0;0;16;270;1;7,2;2,32;1;;;;;
4;3;0;0;16;271;1;;;0;;;;;
4;3;0;0;16;272;0;;;0;;;;;
4;3;0;0;16;273;0;;;0;;;;;
4;3;0;0;16;274;1;;;0;;;;;
4;3;1;0;16;275;1;;;0;;1;;Hole missing;
4;3;1;0;16;276;0;;;0;;1;;;
4;3;1;0;16;277;1;15,6;2,94;1;;;;;
4;3;0;0;16;278;0;;;0;;;;;
4;3;0;0;16;279;1;;;0;;;;;
;;;;;;;;;;;;;0,2535748332;
