ter;plot;label;ms;com;watering;sp1;sp2;sp3;h1;h2;h3;d1;d2;d3;hm1;hm2;hm3;e1;e2;e3
2;5;561;0;M;1;dorycnium;pistachia;anthyllis;17,2;13,2;27;3,34;1,91;3,82;21,2;13,5;23;;;
2;5;562;1;M;1;pistachia;anthyllis;dorycnium;18,2;20,9;34,7;2,89;2,15;2,73;19,7;22,5;35,1;;;
2;5;563;1;A;1;anthyllis;anthyllis;anthyllis;24,5;10;16,2;1,92;1,37;2,02;25,5;9;16,9;;;
2;5;564;1;D;1;dorycnium;dorycnium;dorycnium;21,5;32;24;3,15;3,02;3,24;29;36;34,5;;;
2;5;565;0;A;0;anthyllis;anthyllis;anthyllis;26;7,5;23,2;2,87;1,85;2,71;26,8;7;20,5;;;
2;5;566;1;D;1;dorycnium;dorycnium;dorycnium;D;D;D;2,36;2,22;2,63;D;D;D;;;
2;5;567;1;M;1;pistachia;anthyllis;dorycnium;21,7;31,5;24;3,73;2,93;4,06;25,2;33;23,5;;;
2;5;568;0;D;0;dorycnium;dorycnium;dorycnium;24;33,4;D;2,78;3,13;2,44;37,5;37,5;D;;;
2;5;569;0;M;0;pistachia;dorycnium;anthyllis;D;D;14;3,5;D;2,76;D;D;17,9;;;
2;5;570;0;P;0;pistachia;pistachia;pistachia;D;D;D;4,23;3,63;3,89;D;D;D;;;
2;5;571;1;P;1;pistachia;pistachia;pistachia;13,5;26;19;3,82;4,22;4,2;18,5;27;20,7;;;
2;5;577;0;P;0;pistachia;pistachia;pistachia;D;D;D;2,37;2,5;2,59;D;D;D;;;
2;5;579;0;M;1;dorycnium;anthyllis;pistachia;;;;;;;;;;;;
2;5;580;1;M;1;pistachia;anthyllis;dorycnium;D;30,5;D;3,45;3,42;3,72;D;31,2;D;;;
2;5;581;1;P;0;pistachia;pistachia;pistachia;D;D;23;3,25;3,08;4,06;D;D;23,4;;;
2;5;582;0;D;1;dorycnium;dorycnium;dorycnium;37;31,5;D;4,75;3,96;4,31;37;38,2;D;;;
2;5;583;1;M;1;dorycnium;pistachia;anthyllis;25,5;12;29,5;2,53;4,17;2,68;27;11,5;31,5;;;
2;5;584;1;D;0;dorycnium;dorycnium;dorycnium;D;D;D;3,21;3,34;4,41;D;D;D;;;
2;5;585;1;P;1;pistachia;pistachia;pistachia;D;D;16,5;5,5;5,15;3,54;D;D;17;;;
2;5;586;1;A;0;anthyllis;anthyllis;anthyllis;21;17;18;3,9;2,91;2,58;29,5;27,2;20;;;
2;5;587;0;A;1;anthyllis;anthyllis;anthyllis;13;23,5;D;2,19;3,54;2,01;13,5;24;D;;;
2;5;589;0;M;0;anthyllis;pistachia;dorycnium;8;19;24,5;1,5;2,89;3,57;8;20;29;;;
2;5;590;0;P;1;pistachia;pistachia;pistachia;18;30;25;2,94;3,55;2,79;22;30,5;25;;;
2;5;591;0;P;0;pistachia;pistachia;pistachia;28;D;D;3;4,15;4,07;28;D;D;;;
2;5;592;0;P;0;pistachia;pistachia;pistachia;D;25,5;26;3,45;4,02;4,36;D;28;26;;;
2;5;593;0;D;0;dorycnium;dorycnium;dorycnium;28;30,5;28,5;3,01;2,24;2,24;29,5;31;29;;;
2;5;594;1;A;1;anthyllis;anthyllis;anthyllis;28,5;21;25;2,76;3,37;3,64;29,5;21;25;;;
2;5;595;0;A;0;anthyllis;anthyllis;anthyllis;38;30;27,5;3,19;2,11;2,73;38;32,5;35,5;;;
2;5;596;1;M;1;pistachia;anthyllis;dorycnium;D;24;28,5;3,8;2,33;3,04;D;23;30,5;;;
2;5;597;0;M;0;pistachia;dorycnium;anthyllis;D;34,5;25,5;4,05;3,75;2,21;D;35;32;;;
2;5;598;1;P;0;pistachia;pistachia;pistachia;D;D;15,5;5,01;2,91;2,76;D;D;18,5;;;
2;5;599;0;P;0;pistachia;pistachia;pistachia;D;D;D;D;3,41;4,61;D;D;D;;;
2;5;600;1;A;1;anthyllis;anthyllis;anthyllis;19,5;24,5;31;2,09;2,09;2,8;19;25;29,5;;;
2;5;601;0;P;1;pistachia;pistachia;pistachia;D;D;D;2,57;3,24;3,2;D;D;D;;;
2;5;602;1;P;0;pistachia;pistachia;pistachia;D;D;D;3,02;2,89;3,96;D;D;D;;;
2;5;603;0;A;1;anthyllis;anthyllis;anthyllis;D;22;13,5;3,12;2,22;2,48;D;23,5;23,5;;;
2;5;607;0;D;1;dorycnium;dorycnium;dorycnium;8;32;33;1,49;2,54;3,75;8;32,5;35,6;;;
2;5;611;0;D;0;dorycnium;dorycnium;dorycnium;D;D;D;1,94;2,3;2,34;D;D;D;;;
2;5;612;1;D;1;dorycnium;dorycnium;dorycnium;38,5;40,5;33;3,29;2,87;2,97;40,5;42;37,5;;;
2;5;613;1;A;0;anthyllis;anthyllis;anthyllis;19,5;27;22,6;2,73;2,45;2,03;20;20,9;20,8;;;
2;5;615;0;A;0;anthyllis;anthyllis;anthyllis;23;44;28,5;1,98;2,78;2,7;24,4;49,2;29,5;;;
2;5;617;0;D;0;dorycnium;dorycnium;dorycnium;D;D;19;2,28;2,98;2,9;D;D;21;;;
2;5;618;1;D;0;dorycnium;dorycnium;dorycnium;D;D;D;1,91;2,59;2,3;D;D;D;;;
2;5;619;0;M;0;dorycnium;pistachia;anthyllis;29;13;23;1,93;3,05;2,75;31;13,2;25,5;;;
2;5;620;1;M;1;anthyllis;dorycnium;pistachia;20,5;30,5;23,5;3,43;3,03;3,5;26;32;23,6;;;
2;5;622;0;M;0;pistachia;anthyllis;dorycnium;20;29;26;3,15;3,24;2,39;23,2;33;29;;;
2;5;623;1;M;0;anthyllis;pistachia;dorycnium;23;24,5;34,5;2,91;4,32;2,94;23;25,7;37;;;
2;5;624;0;A;0;anthyllis;anthyllis;anthyllis;23;33;26,5;3,25;3,71;3,73;21;31;28;;;
2;5;625;1;A;0;anthyllis;anthyllis;anthyllis;30,5;33;21;3,39;3,01;3,22;30;34;23;;;
2;5;626;1;P;1;pistachia;pistachia;pistachia;26;25;25,5;4,02;4,94;4,45;27;25,5;24;;;
2;5;627;0;P;1;pistachia;pistachia;pistachia;27;26,5;26;4,46;3,32;4,22;28;26;25;;;
2;5;628;0;D;0;dorycnium;dorycnium;dorycnium;21,5;37;35,5;2,93;2,45;3,92;21;39,5;45,5;;;
2;5;629;1;D;0;dorycnium;dorycnium;dorycnium;D;28,5;23;3,48;3,94;3,1;D;31;23;;;
2;5;630;1;D;0;dorycnium;dorycnium;dorycnium;D;D;D;3,03;2,16;1,79;D;D;D;;;
2;5;631;0;D;0;dorycnium;dorycnium;dorycnium;23;29,5;17,5;3,12;2,73;2,02;24;29,5;26;;;
2;5;632;1;A;1;anthyllis;anthyllis;anthyllis;23;21,5;14,5;2,22;2,87;2,45;26;31,7;17,2;;;
2;5;633;0;A;1;anthyllis;anthyllis;anthyllis;20;35;24,5;3,28;3,77;2,63;18,5;36;24,5;;;
2;5;634;0;A;0;anthyllis;anthyllis;anthyllis;24;31;24,5;1,96;3,49;3,24;26,2;30,5;28;;;
2;5;635;1;A;1;anthyllis;anthyllis;anthyllis;16;30,5;19;2,6;2,89;2,22;28;30;22,7;;;
2;5;636;0;D;1;dorycnium;dorycnium;dorycnium;D;26;31;2,83;1,93;2,94;D;32;34;;;
2;5;637;1;D;0;dorycnium;dorycnium;dorycnium;27;D;39,2;2,51;2,15;2,88;31;D;39,6;;;
2;5;638;1;P;1;pistachia;pistachia;pistachia;19;29,5;25;3;5,71;3,53;19;29,5;26,5;;;
2;6;482;1;D;1;dorycnium;dorycnium;dorycnium;43,5;D;43;3,62;1,73;2,94;46,5;D;45,5;;;
2;6;483;0;D;0;dorycnium;dorycnium;dorycnium;D;34;32,5;3,23;2,77;3,94;D;39,5;33;;;
2;6;484;1;M;1;pistachia;dorycnium;anthyllis;D;D;D;3,26;2,26;1,12;D;D;D;;;
2;6;485;1;A;0;anthyllis;anthyllis;anthyllis;26;20,5;16;3,77;2,38;2,43;28;22;16;;;
2;6;486;0;M;0;dorycnium;anthyllis;pistachia;D;16;D;2,53;2,68;4,5;D;16;D;;;
2;6;488;1;A;1;anthyllis;anthyllis;anthyllis;21;25,5;20;3,07;2,61;2,41;25,5;26;21,5;;;
2;6;489;0;A;1;anthyllis;anthyllis;anthyllis;25;42,2;20,5;3,12;3,58;3,46;44,5;42;21;;;
2;6;490;0;D;1;dorycnium;dorycnium;dorycnium;27;25,5;31;2,62;2,72;2,72;32,5;35;32;;;
2;6;491;1;D;0;dorycnium;dorycnium;dorycnium;D;24;24,5;2,04;1,67;2,01;D;24,5;25;;;
2;6;494;0;A;1;anthyllis;anthyllis;anthyllis;17,5;26;25;2,42;3,03;4,37;19;27,5;21,5;;;
2;6;495;1;A;0;anthyllis;anthyllis;anthyllis;25;18;19,5;3,18;2,4;3,29;26;21;26,5;;;
2;6;502;1;P;0;pistachia;pistachia;pistachia;D;D;D;4,89;3,46;3,33;D;D;D;;;
2;6;503;0;P;0;pistachia;pistachia;pistachia;D;D;D;3,7;2,95;4,58;D;D;D;;;
2;6;504;1;P;1;pistachia;pistachia;pistachia;D;D;D;4,14;3,46;3,79;D;D;D;;;
2;6;505;0;P;1;pistachia;pistachia;pistachia;22;25;D;3,68;4,69;3,67;24;25;D;;;
2;6;506;1;D;1;dorycnium;dorycnium;dorycnium;D;32,5;31,5;2,32;4,49;2,91;D;35;32;;;
2;6;507;1;D;1;dorycnium;dorycnium;dorycnium;33;34;26;2,85;2,89;2,64;34,5;35;28;;;
2;6;508;0;D;1;dorycnium;dorycnium;dorycnium;D;26;D;2,42;2,13;2,82;D;27;D;;;
2;6;509;0;M;1;pistachia;anthyllis;dorycnium;26;26,5;32,5;3,57;3,18;2,79;25,5;27;34;;;
2;6;510;1;M;0;anthyllis;dorycnium;pistachia;D;30,5;21,5;1,31;2,85;3,73;D;31,5;24;;;
2;6;511;0;M;0;dorycnium;anthyllis;pistachia;35,5;29,5;18,5;3,49;4,16;3,66;38;30,5;23;;;
2;6;512;1;M;0;anthyllis;dorycnium;pistachia;22;30;25,5;2,7;3,33;2,84;27;30,5;29,5;;;
2;6;514;1;D;1;dorycnium;dorycnium;dorycnium;34,5;33,5;29;2,06;2,58;2,38;35,5;39;32,5;;;
2;6;515;0;D;1;dorycnium;dorycnium;dorycnium;38;40;33;4;4,29;3,46;39,5;42;33,5;;;
2;6;516;1;P;1;pistachia;pistachia;pistachia;23,5;25,5;24,5;3,58;4,93;4,22;25;27;29;;;
2;6;518;0;A;0;anthyllis;anthyllis;anthyllis;32,5;33,5;33;3,55;3,21;2,67;31;33;32;;;
2;6;519;1;M;0;anthyllis;dorycnium;pistachia;35,5;31;22;3,67;3,22;2,9;35;33;22;;;
2;6;520;0;D;1;dorycnium;dorycnium;dorycnium;25;35;28,5;3,59;3,02;3,57;27,5;34,5;33;;;
2;6;521;1;P;1;pistachia;pistachia;pistachia;22;D;18,5;3,35;4,71;3,75;23;D;17,5;;;
2;6;522;0;P;0;pistachia;pistachia;pistachia;D;D;D;4,2;4,14;4,26;D;D;D;;;
2;6;523;1;P;0;pistachia;pistachia;pistachia;D;D;D;3,34;4,57;3,42;D;D;D;;;
2;6;524;0;P;1;pistachia;pistachia;pistachia;19,5;30;22;4,83;4,47;3,37;21;31;21,5;;;
2;6;525;0;P;1;pistachia;pistachia;pistachia;20;27;25,5;3,45;4,32;4,8;22,5;27,5;27,5;;;
2;6;528;1;P;1;pistachia;pistachia;pistachia;19,5;27,5;24,5;2,99;3,99;4,42;20;28;24;;;
2;6;535;0;P;1;pistachia;pistachia;pistachia;27;20;21;4,93;5,22;4,06;32;23;24,5;;;
2;6;536;1;P;0;pistachia;pistachia;pistachia;D;D;D;3,61;3,97;3,7;D;D;D;;;
2;6;537;1;A;0;anthyllis;anthyllis;anthyllis;32;18;14,5;3,92;2,75;2,72;33;19,5;14,5;;;
2;6;538;0;A;1;anthyllis;anthyllis;anthyllis;24;25,5;23,5;3,92;2,75;2,91;26,05;31;23,5;;;
2;6;539;1;A;0;anthyllis;anthyllis;anthyllis;32;16;28;3,73;2,15;2,29;29;20;27,5;;;
2;6;540;0;A;0;anthyllis;anthyllis;anthyllis;21;30;19;2,8;4,95;4,46;21,5;29,5;19;;;
2;6;541;1;D;1;dorycnium;dorycnium;dorycnium;36;25,5;44;3,35;2,9;3,89;42;31;44;;;
2;6;542;0;M;1;anthyllis;dorycnium;pistachia;22;12;40,5;2,64;2,27;3,24;23;14;42;;;
2;6;543;0;D;1;dorycnium;dorycnium;dorycnium;32;30,5;D;3,51;4,6;1,84;33;32,5;D;;;
2;6;544;1;D;1;dorycnium;dorycnium;dorycnium;24,5;23,5;D;2,55;2,12;4,79;22,5;23;D;;;
2;6;549;1;D;1;dorycnium;dorycnium;dorycnium;37,5;16,5;34,5;4,33;2,14;3,04;37;16,5;38;;;
2;6;550;0;D;1;dorycnium;dorycnium;dorycnium;30;32,5;27;1,95;2,39;1,66;37;36,5;28,5;;;
2;6;551;0;M;0;pistachia;dorycnium;anthyllis;D;31;D;3,01;3,01;2,68;D;34;D;;;
2;6;552;1;M;1;anthyllis;dorycnium;pistachia;22,5;23;16;1,91;2,62;2,49;19;21,5;16;;;
2;6;555;1;A;1;anthyllis;anthyllis;anthyllis;28;15;19;2,77;2,89;3,06;31;17;19,5;;;
2;6;556;0;A;0;anthyllis;anthyllis;anthyllis;15,5;22;D;2,65;2,91;1,9;15,5;23;D;;;
2;6;557;1;M;1;pistachia;anthyllis;dorycnium;22;D;D;2,94;2,27;3,13;21;D;D;;;
2;6;558;0;M;0;anthyllis;pistachia;dorycnium;18;D;30;2,66;3,79;2,83;18,5;D;34;;;
2;6;559;1;A;0;anthyllis;anthyllis;anthyllis;15,5;26,5;19;1,78;2,58;3,05;15,5;27;19;;;
2;6;560;0;A;0;anthyllis;anthyllis;anthyllis;18;25;19;1,78;2,75;2,96;22,5;24;19,5;;;
2;7;641;0;A;1;anthyllis;anthyllis;anthyllis;22;17,5;12;4,94;3,2;1,64;22,5;17;12;;;
2;7;642;1;A;0;anthyllis;anthyllis;anthyllis;26,5;17,5;14,5;3,13;2,08;4,48;25,5;18;15;;;
2;7;644;0;D;1;dorycnium;dorycnium;dorycnium;19,5;29;26;2,04;2,75;2,43;17;31;22,5;;;
2;7;646;1;D;1;dorycnium;dorycnium;dorycnium;33;27,5;33;3,33;2,29;4,72;33,5;43,5;32;;;
2;7;648;0;D;0;dorycnium;dorycnium;dorycnium;D;D;D;3,59;1,66;2,48;D;D;D;;;
2;7;649;1;D;1;dorycnium;dorycnium;dorycnium;32;33,5;19;3,22;3,84;4,23;35;49;28;;;
2;7;656;0;M;0;dorycnium;pistachia;anthyllis;D;D;D;5,37;4,02;3,46;D;D;D;;;
2;7;657;1;M;1;anthyllis;dorycnium;pistachia;8;D;D;2,65;2,64;3,07;8;D;D;;;
2;7;658;0;A;0;anthyllis;anthyllis;anthyllis;18,5;19,5;21,5;2,37;2,4;3,01;18,5;21;21,5;;;
2;7;659;1;A;1;anthyllis;anthyllis;anthyllis;19,5;26;20,5;2,35;2,85;2,97;22,9;26,7;20,6;;;
2;7;660;1;M;1;anthyllis;pistachia;dorycnium;23;24,8;34,5;2,32;5,2;2,54;24,5;28,2;37,5;;;
2;7;661;0;M;1;dorycnium;anthyllis;pistachia;30,5;19;27;2,83;1,77;5,09;50;18,5;32,5;;;
2;7;662;1;M;0;pistachia;dorycnium;anthyllis;D;D;16,5;4,29;2,43;2,4;D;D;17;;;
2;7;663;0;M;1;pistachia;anthyllis;dorycnium;D;22,5;D;2,57;3,09;1,77;D;23,5;D;;;
2;7;668;1;D;0;dorycnium;dorycnium;dorycnium;16;51,5;8,5;2,66;4,02;2,36;16,5;52;21;;;
2;7;669;0;D;0;dorycnium;dorycnium;dorycnium;D;D;D;2,35;2,24;1,41;D;D;D;;;
2;7;670;0;A;0;anthyllis;anthyllis;anthyllis;23;19;27;2,92;2,87;1,95;24;27;27;;;
2;7;671;1;A;0;anthyllis;anthyllis;anthyllis;D;10;30;2,03;2,89;2,98;D;10;29;;;
2;7;672;0;M;1;anthyllis;dorycnium;pistachia;26;30;21;3,45;3,64;4,24;30;34,5;22;;;
2;7;673;1;M;1;anthyllis;dorycnium;pistachia;21;33;22;2,77;3,73;3,45;29;40,5;22;;;
2;7;674;1;D;0;dorycnium;dorycnium;dorycnium;32,5;28;35;1,94;1,7;2,25;34,5;33;35,5;;;
2;7;675;0;D;0;dorycnium;dorycnium;dorycnium;D;D;27;2,38;2,19;2,46;D;D;30;;;
2;7;684;1;D;1;dorycnium;dorycnium;dorycnium;31;29,5;28,5;3,9;3,07;3,03;30;28;28;;;
2;7;685;0;D;0;dorycnium;dorycnium;dorycnium;24;34;33;2,68;3,04;3,23;26,5;34,5;36,5;;;
2;7;692;1;P;1;pistachia;pistachia;pistachia;D;D;D;3,97;2,88;2,78;D;D;D;;;
2;7;691;0;P;0;pistachia;pistachia;pistachia;19,5;D;D;3,09;3,59;4,85;19,5;D;D;;;
2;7;694;1;D;0;dorycnium;dorycnium;dorycnium;D;30,5;D;2,07;3,51;2,86;D;32,2;D;;;
2;7;698;0;D;0;dorycnium;dorycnium;dorycnium;D;D;D;3,02;2,15;3,79;D;D;D;;;
2;7;700;0;P;0;pistachia;pistachia;pistachia;D;D;D;4,02;3,95;3,95;D;D;D;;;
2;7;701;1;P;1;pistachia;pistachia;pistachia;26,2;D;13,4;4,1;3,52;4,34;28,5;D;17,2;;;
2;7;722;0;P;0;pistachia;pistachia;pistachia;D;D;D;3,39;3,42;3,21;D;D;D;;;
2;7;723;1;P;0;pistachia;pistachia;pistachia;D;D;D;2,46;3,14;3,02;D;D;D;;;
2;8;401;0;P;0;pistachia;pistachia;pistachia;26;22;D;4,09;3,36;3;26;23,5;D;;;
2;8;402;1;P;0;pistachia;pistachia;pistachia;D;23;22,5;3;3,59;3,9;D;27;26,5;;;
2;8;403;0;D;1;dorycnium;dorycnium;dorycnium;D;40,5;27;1,87;3,48;4,55;D;44,5;34,5;;;
2;8;405;1;D;1;dorycnium;dorycnium;dorycnium;57,5;66;82,5;5,03;5,01;2,15;62,5;74,5;81,5;;;
2;8;407;1;P;1;pistachia;pistachia;pistachia;24,5;D;D;3,71;3,4;3,7;26;D;D;;;
2;8;408;1;D;1;dorycnium;dorycnium;dorycnium;48;36;50;4,12;4,26;4,12;56;39,5;56;;;
2;8;409;1;D;1;dorycnium;dorycnium;dorycnium;31,5;36;44,5;3,42;3,81;3,26;37;46,5;50;;;
2;8;410;0;D;1;dorycnium;dorycnium;dorycnium;40;37,5;60;4,33;3,14;2,91;41;41,5;64;;;
2;8;412;0;D;1;dorycnium;dorycnium;dorycnium;38;44;52;3,39;4,38;6,82;40;42;54,4;;;
2;8;413;0;D;1;dorycnium;dorycnium;dorycnium;43;48,5;45,5;2,67;5,08;4,45;56,5;53;53;;;
2;8;414;1;D;1;dorycnium;dorycnium;dorycnium;52;38;54;5,5;4,6;4,09;55;44,5;63;;;
2;8;415;0;M;1;dorycnium;pistachia;anthyllis;62;26;38;7,66;6,01;5,24;72;27;38;;;
2;8;416;1;M;1;dorycnium;anthyllis;pistachia;67;D;22;6,91;3,13;4,23;75;D;23,5;;;
2;8;417;0;M;1;dorycnium;anthyllis;pistachia;43;24;17,5;4,37;3,87;6;41,5;25;21;;;
2;8;418;1;M;1;pistachia;anthyllis;dorycnium;22;35;31;2,94;4,18;3,23;22;36,5;38;;;
2;8;419;0;P;1;pistachia;pistachia;pistachia;29;27;28,5;3,86;4,95;4,02;30;26;29;;;
2;8;420;1;A;0;anthyllis;anthyllis;anthyllis;28;30;D;3,59;5,02;2,65;28;32;D;;;
2;8;421;0;A;0;anthyllis;anthyllis;anthyllis;27;32;24,5;4,83;6,68;3,57;28,5;34;25;;;
2;8;424;0;A;1;anthyllis;anthyllis;anthyllis;32,5;27;19;4,98;4,77;3,16;32;26;19;;;
2;8;425;1;A;0;anthyllis;anthyllis;anthyllis;30;D;D;3,27;2,33;2,39;33;D;D;;;
2;8;427;0;A;0;anthyllis;anthyllis;anthyllis;21;13,5;27;4,28;1,93;3,85;20;13;28,5;;respout2;
2;8;428;1;A;0;anthyllis;anthyllis;anthyllis;35,5;20,5;32,5;3,2;3,78;3,34;44,5;28,5;34,5;;;
2;8;429;0;M;0;anthyllis;dorycnium;pistachia;23;19,5;13;3,17;2,11;2,86;24;19,5;14;;;
2;8;430;1;M;0;dorycnium;pistachia;anthyllis;29,5;22,5;27,5;2,44;3,47;3,91;34;26;30,5;;;
2;8;431;0;A;0;anthyllis;anthyllis;anthyllis;37;31,5;21;3,78;3,3;4,47;37,5;29;24,5;;;
2;8;432;0;M;0;pistachia;dorycnium;anthyllis;20;38,5;17,5;4,14;2,63;2,04;22;45;17;;;
2;8;433;1;M;0;anthyllis;dorycnium;pistachia;22,5;32,5;18,5;2,61;2,79;2,67;26;35,5;19;;;
2;8;435;0;D;1;dorycnium;dorycnium;dorycnium;30,5;34,5;23;2,61;3,37;3,87;32;37;28;;;
2;8;436;1;D;0;dorycnium;dorycnium;dorycnium;27,5;28,5;36;3,36;2,9;3,59;30,5;32;39;;;
2;8;437;0;P;0;pistachia;pistachia;pistachia;D;25;18,5;3,19;3,81;3,13;D;27;21;;;
2;8;438;1;P;1;pistachia;pistachia;pistachia;23;25;25,5;3,8;3,88;3,5;26,5;28;26;;;
2;8;443;0;M;1;pistachia;anthyllis;dorycnium;20;29;35,5;3,03;3,26;3,84;20,5;29;41;;;
2;8;444;0;P;0;pistachia;pistachia;pistachia;29,5;14;14;4,34;3,09;2,66;30,5;15;15;;;
2;8;445;1;P;1;pistachia;pistachia;pistachia;D;D;23;M;4,42;5;D;D;24;missing1;;
2;8;446;1;M;0;dorycnium;anthyllis;pistachia;41;39;18;3,55;4,13;2,47;42;38;17;;;
2;8;449;0;D;1;dorycnium;dorycnium;dorycnium;27;33;36;3,95;4,55;2,04;29;33,5;38;;;
2;8;450;1;D;0;dorycnium;dorycnium;dorycnium;43;27;11;2,33;2,83;2,36;48;26,5;10,5;;;
2;8;451;0;A;0;anthyllis;anthyllis;anthyllis;21;26;23;3,15;3,92;2,38;24;26;27,5;;;
2;8;452;1;A;1;anthyllis;anthyllis;anthyllis;41;26;21,5;3,92;3,14;3,56;42;27;20;;;
2;8;453;0;D;1;dorycnium;dorycnium;dorycnium;28;33;31;3,48;3,3;2,51;40,5;34;30,5;;;
2;8;454;1;D;0;dorycnium;dorycnium;dorycnium;23;28;25;1,87;2,35;2,99;23,5;29;27,5;;;
2;8;458;1;P;1;pistachia;pistachia;pistachia;19;18;10;3,14;3,86;3,65;21,5;21;11,5;;;
2;8;459;1;P;0;pistachia;pistachia;pistachia;26;20,5;15,5;3,24;3,22;3,96;28,5;21,5;18,5;;;
2;8;460;0;P;1;pistachia;pistachia;pistachia;19;22;17,5;2,84;3,32;2,77;21,5;25;18,5;;;
2;8;461;1;A;1;anthyllis;anthyllis;anthyllis;D;D;D;2,98;3,03;2,64;D;D;D;;;
2;8;462;0;A;1;anthyllis;anthyllis;anthyllis;19,5;26;25,5;2,25;2,8;3,78;21;34;35;;;
2;8;463;0;P;1;pistachia;pistachia;pistachia;25;21,5;25,5;4,55;3,96;3,98;26;23;26;;;
2;8;464;1;P;0;pistachia;pistachia;pistachia;22,5;22,5;22,5;3,9;2,85;4,32;17,5;20,5;27;;;
2;8;466;1;M;0;anthyllis;dorycnium;pistachia;20,5;42;15;2,23;3,21;2,57;22;40,5;18;;;
2;8;467;1;M;0;dorycnium;anthyllis;pistachia;47;25;19;4,32;4,03;2,97;49;25,5;21;;;
2;8;468;0;M;1;anthyllis;pistachia;dorycnium;24;14,5;36;3,93;2,57;4,39;28,5;17;39;;;
2;8;470;0;A;1;anthyllis;anthyllis;anthyllis;29;20;31;4,37;3,35;4,63;31;28,5;39,5;;;
2;8;471;1;A;1;anthyllis;anthyllis;anthyllis;29;20,5;25,5;4,52;3,08;4,42;27;20;26;;;
2;8;472;1;P;1;pistachia;pistachia;pistachia;23,5;20;18,5;3,98;2,62;2,6;23,5;22,5;20;;;
2;8;473;0;D;0;dorycnium;dorycnium;dorycnium;31;40;45,5;3,92;4,01;3,07;33;42;57;;;
2;8;474;1;D;0;dorycnium;dorycnium;dorycnium;34;34,5;35,5;3,08;3,04;3,34;37;34,5;42;;;
2;8;477;1;M;0;dorycnium;pistachia;anthyllis;28,5;24,5;22;2,4;3,5;2,36;28;26;21,5;;;
2;8;478;0;M;0;dorycnium;pistachia;anthyllis;28;22;19;2,41;2,63;2,48;30,5;23;19;;;
2;8;479;0;A;1;anthyllis;anthyllis;anthyllis;22;23,5;24,5;4,3;3,27;3,15;22,5;24;27;;;
2;8;480;1;A;0;anthyllis;anthyllis;anthyllis;33;37,5;38;3,7;3,14;4,1;43;43;43;;;
3;9;881;0;A;1;anthyllis;anthyllis;anthyllis;D;23;25;1,94;3,51;3,51;D;24;27;;;
3;9;882;1;A;0;anthyllis;anthyllis;anthyllis;23;12,5;37,5;2,73;1,94;2,54;25,5;13;40;;;
3;9;887;0;M;1;pistachia;anthyllis;dorycnium;24;20;D;3,65;2,68;1,97;26;25,5;D;;;
3;9;888;1;M;1;dorycnium;pistachia;anthyllis;42;30,5;48,5;2,87;3,95;3,77;43;30,5;49;;;
3;9;889;1;P;0;pistachia;pistachia;pistachia;23;D;D;2,83;2,55;2,55;27;D;D;;;
3;9;890;0;P;1;pistachia;pistachia;pistachia;D;D;26;4,57;3,19;2,67;D;D;27,5;;;
3;9;891;0;M;0;anthyllis;pistachia;dorycnium;30;D;36,5;2,55;3,75;2,53;31;D;36,5;;;
3;9;892;1;M;1;dorycnium;pistachia;anthyllis;22,5;20,5;20;3,27;3,73;2,32;32;25;23,5;;;
3;9;897;1;P;0;pistachia;pistachia;pistachia;14,5;D;D;2,91;2,94;2,83;15,5;D;D;;;
3;9;898;0;P;1;pistachia;pistachia;pistachia;14,5;D;D;2,41;2,75;3,86;15,5;D;D;;;
3;9;899;0;P;1;pistachia;pistachia;pistachia;18,5;16,5;22;3,73;3,42;3,7;21;20;25;;;
3;9;900;1;P;1;pistachia;pistachia;pistachia;20,5;18,5;13,5;2,81;2,87;2,68;21;18;13,5;;;
3;9;1329;1;M;1;anthyllis;dorycnium;pistachia;22;27;22,5;2,52;2,31;4,58;29;27,5;22;;;
3;9;901;0;M;0;dorycnium;anthyllis;pistachia;27;20;19;2,36;2,5;3,11;31,5;20;21;;;
3;9;905;0;D;0;dorycnium;dorycnium;dorycnium;D;D;31;3,28;2,83;4,14;D;D;45;;;
3;9;906;1;D;1;dorycnium;dorycnium;dorycnium;39,5;D;D;2,93;2,19;2,25;47;D;D;;;
3;9;907;0;A;0;anthyllis;anthyllis;anthyllis;36;28;37;2,89;2,47;4,17;39,5;27,5;37;;;
3;9;908;1;A;1;anthyllis;anthyllis;anthyllis;45,5;25,5;C;3,19;2,1;2,15;46;26;C;;;cassé
3;9;912;1;M;0;dorycnium;pistachia;anthyllis;26;15;28,5;2,23;2,43;2,37;28,5;17;29;;;
3;9;913;0;M;0;pistachia;dorycnium;anthyllis;18;16,5;24,5;2,27;2,59;2,69;20,5;16;26;;;
3;9;914;1;D;0;dorycnium;dorycnium;dorycnium;D;D;D;2,26;3,74;2,53;D;D;D;;;
3;9;915;0;D;0;dorycnium;dorycnium;dorycnium;D;D;26,5;2,24;2,38;2,2;D;D;29,5;;;
3;9;916;1;D;1;dorycnium;dorycnium;dorycnium;D;C;D;2,24;1,78;2,13;D;C;D;;cassé;
3;9;917;0;D;0;dorycnium;dorycnium;dorycnium;D;3;D;1,94;1,94;3,06;D;4,5;D;;;
3;9;918;0;A;1;anthyllis;anthyllis;anthyllis;13;D;22;3,06;2,84;2,68;15;D;24;;;
3;9;919;1;A;0;anthyllis;anthyllis;anthyllis;25;19;15,5;2,46;2,79;2,26;26,5;18,5;19;;;
3;9;920;0;D;1;dorycnium;dorycnium;dorycnium;32;38,5;D;3,19;2,09;2,37;33,5;37;D;;;
3;9;921;1;D;0;dorycnium;dorycnium;dorycnium;D;D;D;1,86;1,75;2,32;D;D;D;;;
3;9;922;1;A;0;anthyllis;anthyllis;anthyllis;17,5;18;8;2,26;2,5;2,21;17,5;16;8,5;;;
3;9;923;0;A;1;anthyllis;anthyllis;anthyllis;34,5;21;23,5;3,11;6,32;4,32;37;26;24;;;
3;9;924;0;P;0;pistachia;pistachia;pistachia;D;11,5;21,5;3,27;2,02;3,72;D;11,5;22;;;
3;9;925;1;P;0;pistachia;pistachia;pistachia;D;D;21;2,6;2,98;2,9;D;D;24;;;
3;9;926;0;D;0;dorycnium;dorycnium;dorycnium;D;32,5;38,5;2,75;2,24;2,63;D;33,5;41,5;;;
3;9;927;1;D;0;dorycnium;dorycnium;dorycnium;26,5;D;36;2,44;2,08;2,25;32;D;36;;;
3;9;928;0;P;1;pistachia;pistachia;pistachia;D;D;18;3,26;2,97;3,04;D;D;19;;;
3;9;929;1;P;1;pistachia;pistachia;pistachia;21;22;27;3,14;3,9;3,93;22;24;26,5;;;
3;9;930;1;P;0;pistachia;pistachia;pistachia;D;D;17;3,47;3,12;2,88;D;D;18;;;
3;9;931;0;P;1;pistachia;pistachia;pistachia;D;D;D;3,64;2,98;4,79;D;D;D;;;
3;9;932;1;D;0;dorycnium;dorycnium;dorycnium;D;25,5;D;1,82;2,06;2,64;D;31;D;;;
3;9;933;0;D;0;dorycnium;dorycnium;dorycnium;D;D;D;3,53;2,25;1,89;D;D;D;;;
3;9;934;0;D;1;dorycnium;dorycnium;dorycnium;D;D;D;4,88;1,63;2,75;D;D;D;;;
3;9;935;1;D;0;dorycnium;dorycnium;dorycnium;D;D;D;2,42;2,27;2,27;D;D;D;;;
3;9;936;0;P;0;pistachia;pistachia;pistachia;D;D;D;3,42;4,24;4,17;D;D;D;;;
3;9;937;1;P;0;pistachia;pistachia;pistachia;D;D;D;4,76;3,48;3,91;D;D;D;;;
3;9;938;0;M;0;dorycnium;pistachia;anthyllis;D;D;D;M;4,86;1,9;D;D;D;missing1;;
3;9;939;1;M;0;pistachia;dorycnium;anthyllis;D;D;23;2,51;3,6;3,01;D;D;25;;;
3;9;941;0;A;1;anthyllis;anthyllis;anthyllis;20,5;19;20,5;2,8;2,52;2,82;23;17;21;;;
3;9;942;1;A;0;anthyllis;anthyllis;anthyllis;17;23;18;1,76;3,18;2,11;18;21;17;;;
3;9;943;0;P;0;pistachia;pistachia;pistachia;D;D;15;5,83;2,74;3,25;D;D;17;;;
3;9;944;1;P;0;pistachia;pistachia;pistachia;11;12;10;3,9;3,9;2,89;15,5;13;11;;;
3;9;947;1;D;1;dorycnium;dorycnium;dorycnium;D;D;D;2,62;2,65;3,11;D;D;D;;;
3;9;948;0;D;1;dorycnium;dorycnium;dorycnium;D;38,5;12;2,52;3,21;2,63;D;54,5;12,5;;;
3;9;952;0;A;1;anthyllis;anthyllis;anthyllis;16;D;26,5;3,29;2,1;2,6;16,5;D;27,5;;;
3;9;956;1;M;1;anthyllis;pistachia;dorycnium;24;22,5;32,5;2,74;3,88;2,46;26;25,5;44,5;;;
3;9;957;0;M;0;dorycnium;pistachia;anthyllis;D;D;31,5;2,14;2,57;3,28;D;D;32,5;;;
3;9;958;0;M;1;pistachia;dorycnium;anthyllis;23,5;28;29;3,46;2,57;4,25;26;28,5;31;;;
3;9;959;1;M;1;dorycnium;anthyllis;pistachia;D;14,5;D;2,75;3,84;2,71;D;20,5;D;;;
3;10;1103;0;A;0;anthyllis;anthyllis;anthyllis;33;20;18,5;3,06;2,33;2,06;34;20;18;;;
3;10;1010;1;A;0;anthyllis;anthyllis;anthyllis;;;;;;;;;;;;
3;10;1114;1;A;1;anthyllis;anthyllis;anthyllis;26,5;27;M;3,45;2,96;M;33,5;32;M;;;
3;10;1113;0;A;0;anthyllis;anthyllis;anthyllis;27,5;27,5;26,5;2,79;2,74;2,52;27,5;28;28;;;
3;10;1117;1;D;0;dorycnium;dorycnium;dorycnium;D;D;D;2,32;3,53;3,09;D;D;D;;;
3;10;1118;0;D;0;dorycnium;dorycnium;dorycnium;D;D;D;2,6;3,47;2,25;D;D;D;;;
3;10;1120;0;P;0;pistachia;pistachia;pistachia;D;D;D;3,3;1,84;3,66;D;D;D;;;
3;10;1121;1;P;1;pistachia;pistachia;pistachia;D;D;D;3,77;3,51;2,34;D;D;D;;;
3;10;1131;0;P;1;pistachia;pistachia;pistachia;D;12;23;4,18;2,35;3,87;D;13,5;24;;;
3;10;1077;1;P;1;pistachia;pistachia;pistachia;9;D;D;2,42;3,86;4,47;12;D;D;;;
3;10;1134;0;P;0;pistachia;pistachia;pistachia;D;25;D;3,95;3,92;4,03;D;25,5;D;;;
3;10;1135;1;P;0;pistachia;pistachia;pistachia;29,5;D;D;3,25;3,53;3,32;31,5;D;D;;;
3;10;1137;0;M;1;pistachia;anthyllis;dorycnium;30;19;32,5;4,56;2,99;3,23;32;23;37,5;;;
3;10;1138;1;M;0;pistachia;dorycnium;anthyllis;D;D;21;4,16;2,76;2,08;D;D;21;;;
3;10;1139;0;M;1;pistachia;anthyllis;dorycnium;D;31;38,5;4,28;2,29;2,71;D;32;38;;;
3;10;1124;1;M;1;dorycnium;pistachia;anthyllis;D;D;19;3,32;3,18;2,37;D;D;21;;;
3;10;1143;0;P;1;pistachia;pistachia;pistachia;15;29;26;3,35;3,44;3,15;17,5;30;25,5;;;
3;10;1144;1;P;0;pistachia;pistachia;pistachia;D;D;D;3,62;4,55;2,63;D;D;D;;;
3;10;1145;1;D;0;dorycnium;dorycnium;dorycnium;D;28;29;2,13;2,78;3,06;D;32;30;;;
3;10;1146;0;D;0;dorycnium;dorycnium;dorycnium;D;D;D;1,65;1,6;3,37;D;D;D;;;
3;10;1148;1;M;0;anthyllis;dorycnium;pistachia;25,5;26;16,5;2,56;2,07;2,7;39;33,5;20;;;
3;10;1149;0;M;1;pistachia;dorycnium;anthyllis;24,5;D;29;3,61;2,84;3,36;25;D;30;;;
3;10;1051;0;A;1;anthyllis;anthyllis;anthyllis;22;33,5;31,5;2,9;3,22;2,68;24,5;35;31;;;
3;10;1052;1;A;1;anthyllis;anthyllis;anthyllis;19;32;29;2,16;3,45;3,23;22;34;31;;;
3;10;1059;1;D;1;dorycnium;dorycnium;dorycnium;D;D;17;2,55;1,9;3,3;D;D;28;;;
3;10;1060;0;D;0;dorycnium;dorycnium;dorycnium;D;D;D;2,52;3,04;2,67;D;D;D;;;
3;10;1064;1;M;1;pistachia;anthyllis;dorycnium;D;22;D;3,59;2,46;2,43;D;35;D;;;
3;10;1065;0;M;0;anthyllis;pistachia;dorycnium;24;D;30;2,79;2,9;2,85;25;D;34,5;;;
3;10;1067;0;D;0;dorycnium;dorycnium;dorycnium;36;25;26;2,35;2,11;2,58;35;28;24;;;
3;10;1068;1;D;0;dorycnium;dorycnium;dorycnium;28,5;28,5;D;1,96;2,86;2,11;33;32;D;;;
3;10;1071;1;P;1;pistachia;pistachia;pistachia;D;D;D;4,98;3,82;2,41;D;D;D;cassée;cassé;cassé
3;10;1072;0;P;1;pistachia;pistachia;pistachia;27;22;29,5;4,38;3,39;3,85;33;25;30;;;
3;11;1022;0;M;0;dorycnium;anthyllis;pistachia;34;31;32,5;2,14;2,27;4,76;34;33;40,5;;;
3;11;1023;1;M;0;anthyllis;pistachia;dorycnium;26,5;31;D;2,77;4,17;1,69;29,5;31,5;D;;;
3;11;1026;0;P;0;pistachia;pistachia;pistachia;32;27,5;32;3,31;5,49;4,65;35;29;33,5;;;
3;11;1027;1;P;0;pistachia;pistachia;pistachia;27,5;29,5;22;4,3;3,41;3,65;35;29,5;25;;;
3;11;1029;1;D;1;dorycnium;dorycnium;dorycnium;34,5;23;49;3,36;2,21;3,77;43,5;29;56;;;
3;11;1030;0;D;0;dorycnium;dorycnium;dorycnium;40;32;30;3,74;2,59;3,24;41;33;39,5;;;
3;11;1031;0;P;0;pistachia;pistachia;pistachia;12,5;17,5;16,5;3,17;3,69;3,93;14;20;17;;;
3;11;1032;1;P;0;pistachia;pistachia;pistachia;22,5;15;D;4,09;3,11;3,79;23,5;18,5;D;;;
3;11;1033;0;D;1;dorycnium;dorycnium;dorycnium;D;29;33,5;2,93;3,39;3,77;D;35,5;37;;;
3;11;1034;1;D;0;dorycnium;dorycnium;dorycnium;32;39,5;18,5;3,08;3,47;2,71;32;41;30;;;
3;11;1035;0;D;0;dorycnium;dorycnium;dorycnium;31,5;50;27;2,87;3,21;2,77;32;51;28;;;
3;11;1037;0;P;0;pistachia;pistachia;pistachia;D;30;D;4,79;3,91;3,89;D;32,5;D;;;
3;11;1038;1;D;1;dorycnium;dorycnium;dorycnium;40,5;32,5;20;2,46;2,16;2,13;40;25;46;;;
3;11;1039;1;P;1;pistachia;pistachia;pistachia;40;31;37;4,81;3,52;4,51;38;31,5;39;;;
3;11;1040;0;M;1;dorycnium;anthyllis;pistachia;39,5;31;16,5;3,11;2,93;3,43;41,5;30,5;19,5;;;
3;11;1041;0;P;0;pistachia;pistachia;pistachia;30;D;D;3,92;3,53;2,69;30;D;D;;;
3;11;1042;1;P;1;pistachia;pistachia;pistachia;20;28;D;4,34;5,74;3,23;27,5;30;D;;;
3;11;1043;0;M;1;pistachia;dorycnium;anthyllis;33,5;34;25;5,38;2,91;2,61;38,5;34,5;26;;;
3;11;1044;1;M;0;pistachia;anthyllis;dorycnium;27;22,5;31;4,12;2,25;2,93;37,5;26;34,5;;;
3;11;1045;1;D;0;dorycnium;dorycnium;dorycnium;27,5;23;25;3,2;2,21;2,66;30;25;27,5;;;cassé sur le coup
3;11;1046;0;D;0;dorycnium;dorycnium;dorycnium;29,5;21;32,5;2,76;2,36;2,47;32;30,5;36,5;;;
3;11;1047;0;P;0;pistachia;pistachia;pistachia;C;21,5;D;3,64;3,9;4,28;C;23;D;;;
3;11;1048;1;P;0;pistachia;pistachia;pistachia;24,5;D;20,5;3,6;4,33;3,74;31;D;26;;;
3;11;1049;0;A;0;anthyllis;anthyllis;anthyllis;19,5;18;19;3,39;2,94;3,28;24,5;18,5;21;;;
3;11;1050;0;A;0;anthyllis;anthyllis;anthyllis;21;27,5;34,5;3,17;3,5;3,42;24,5;27,5;34,5;;;
3;11;1151;1;A;1;anthyllis;anthyllis;anthyllis;23;29;28,5;3,22;2,66;3,37;23;28,5;30;;;
3;11;1152;1;M;0;dorycnium;pistachia;anthyllis;29;13;28;3,61;3,57;2,63;32;18;22;;;
3;11;1153;0;M;0;anthyllis;pistachia;dorycnium;D;D;12;3,1;3,12;2,53;D;D;12;;;
3;11;1154;1;M;0;anthyllis;dorycnium;pistachia;34;38,5;39,5;3,49;3,94;3,75;33;40,5;46;;;
3;11;1155;0;M;0;anthyllis;pistachia;dorycnium;24;25;38;3,07;3,27;3,31;23;26;43,5;;;
3;11;1080;1;M;0;dorycnium;anthyllis;pistachia;D;12;D;2,16;2,96;3,28;D;22;D;;;
3;11;1156;0;A;1;anthyllis;anthyllis;anthyllis;27,5;29;22,5;3,69;4,21;4,86;27,5;28,5;21;;;
3;11;1081;1;A;1;anthyllis;anthyllis;anthyllis;22;24;29;3,36;3,21;4,42;25,5;23;33;;;
3;11;1084;0;A;0;anthyllis;anthyllis;anthyllis;23;22,5;30;2,48;3,96;2,63;24,5;23;30;;;
3;11;1088;1;D;1;dorycnium;dorycnium;dorycnium;33,5;37;40;2,3;2,59;2,48;39,5;36;42;;;
3;11;1089;0;D;0;dorycnium;dorycnium;dorycnium;29;10;D;2,85;2,3;3,07;30;11;D;;;
3;11;1092;1;D;0;dorycnium;dorycnium;dorycnium;18;31,5;38,5;2,04;2,57;2,26;18;34;39;;;
3;11;1093;0;D;0;dorycnium;dorycnium;dorycnium;39;35,5;45,5;2,78;1,99;3,65;41,5;35,5;49;;;
3;11;1094;0;P;1;pistachia;pistachia;pistachia;29,5;22,5;33;3,86;4,12;4,22;32;29,5;34;;;
3;11;1159;0;A;0;anthyllis;anthyllis;anthyllis;21,5;18,5;25,5;2,85;2,04;3,13;24;17,5;24;;;
3;11;1095;1;A;0;anthyllis;anthyllis;anthyllis;32;31;8;3,92;2,51;2,34;32;42;8;;PAS DE FEUILLES, H1 MESURÉE À LA FLEUR;
3;11;1096;1;A;1;anthyllis;anthyllis;anthyllis;24;17;14,5;3,36;2,17;2,55;29;20;15;;;
3;11;1099;1;P;0;pistachia;pistachia;pistachia;D;15,5;20,5;3,24;2,95;2,88;D;16;20,5;;;
3;11;1100;0;P;0;pistachia;pistachia;pistachia;D;D;D;2,77;2,94;2,21;D;D;D;;;
3;11;1001;0;D;0;dorycnium;dorycnium;dorycnium;34,5;26,5;27;4,25;2,37;4,6;34,5;25,5;28;;;
3;11;1002;1;D;1;dorycnium;dorycnium;dorycnium;D;D;D;2,35;4,39;2,41;D;D;D;cassé sur le coup;;
3;11;1003;1;P;1;pistachia;pistachia;pistachia;26;25;24,5;4,31;3,93;2,97;30;29;26;;;
3;11;1004;0;P;0;pistachia;pistachia;pistachia;32,5;31;D;4,33;7,01;3,36;39;32;D;;;
3;11;1005;1;D;1;dorycnium;dorycnium;dorycnium;29,5;32;C;2,89;2,53;2,13;28,5;34;C;;;
3;11;1006;1;A;1;anthyllis;anthyllis;anthyllis;18,5;33;24,5;2,86;3,06;2,52;19,5;34,5;25,5;;;
3;11;1007;0;A;1;anthyllis;anthyllis;anthyllis;D;26,5;12,5;1,65;2,67;2,72;D;26,5;14,5;;;
3;11;1009;0;D;1;dorycnium;dorycnium;dorycnium;31;38,5;41;2,98;3,45;3,93;39,5;40;43;;;
3;11;1010;0;A;0;anthyllis;anthyllis;anthyllis;28;D;19;3,23;D;3,87;30;D;22;;cassé sur le moment;
3;11;1012;0;M;0;pistachia;anthyllis;dorycnium;D;23,5;D;4,53;2,87;2,3;D;22,5;D;;;
3;11;1013;1;M;0;pistachia;anthyllis;dorycnium;D;C;D;2,82;1,5;2,31;D;C;D;;;
3;11;1014;0;M;0;dorycnium;anthyllis;pistachia;31;31;D;2,62;2,31;3,27;36;33,5;D;;;
3;11;1015;1;M;0;dorycnium;pistachia;anthyllis;D;D;35,5;3,06;3,97;2,51;D;D;37;;;
3;11;1018;1;P;0;pistachia;pistachia;pistachia;28,5;17,5;20;3,64;4,07;2,96;31;23;23;;;
3;11;1019;1;D;0;dorycnium;dorycnium;dorycnium;28,5;38,5;D;2,4;3,02;2,29;30;39,5;D;;;
3;11;1021;0;D;1;dorycnium;dorycnium;dorycnium;45,5;32;31;3,81;2,93;2,8;47;32,5;33;;;
3;12;801;0;M;1;pistachia;anthyllis;dorycnium;25;24;27,5;3,24;3,35;2,55;27,5;25;28;;;
3;12;802;1;M;0;dorycnium;pistachia;anthyllis;22;22;43;1,84;4,39;5,76;23;25;42;;;
;12;803;0;A;0;anthyllis;anthyllis;anthyllis;25;23,5;M;2,24;2,16;M;22;NA;NA;;;
3;12;804;1;M;0;anthyllis;pistachia;dorycnium;31,5;22;9;3,09;4,69;1,57;32,5;28,5;8;;;
3;12;805;1;A;0;anthyllis;anthyllis;anthyllis;36,5;31,5;11;3,78;4,07;1,49;35,5;32,5;11;;;
3;12;806;1;M;0;dorycnium;pistachia;anthyllis;29,5;20,5;20;3,87;3,11;2,04;30;20,5;21;;;
3;12;809;0;M;0;anthyllis;pistachia;dorycnium;D;D;27;2,56;4,14;2,57;D;D;36;;;
3;12;810;1;D;0;dorycnium;dorycnium;dorycnium;D;D;19;2,72;3,31;1,67;D;D;26;;;
3;12;811;0;D;0;dorycnium;dorycnium;dorycnium;34;35,5;32,5;2,88;2,58;3,52;37;48;34,5;;;
3;12;814;0;P;0;pistachia;pistachia;pistachia;D;D;D;3,23;3,91;4,29;D;D;D;;;
3;12;815;1;P;1;pistachia;pistachia;pistachia;25;20;22,5;5,41;4,45;5,13;27;23,5;28,5;;;
3;12;816;0;D;1;dorycnium;dorycnium;dorycnium;22;26;29;3,07;2,97;2,43;28;33;40;;;
3;12;817;1;D;1;dorycnium;dorycnium;dorycnium;24,5;27,5;31,5;3,27;3,13;3,57;25;29;33;;;
3;12;818;0;M;1;anthyllis;dorycnium;pistachia;27;37,5;22;2,35;4,51;2,94;27;44;23;;;
3;12;821;1;D;0;dorycnium;dorycnium;dorycnium;25,5;D;D;3,24;3,14;2,52;32;D;D;;;
3;12;822;0;A;1;anthyllis;anthyllis;anthyllis;21,5;27;26;2,14;2,34;2,85;30;21,5;26,5;;;
3;12;823;0;D;0;dorycnium;dorycnium;dorycnium;D;D;D;4,35;4,02;3,73;D;D;D;;;
3;12;824;1;P;0;pistachia;pistachia;pistachia;D;D;D;3,38;3,14;2,51;D;D;D;;;
3;12;825;0;P;0;pistachia;pistachia;pistachia;D;D;D;3,62;2,74;2,56;D;D;D;;;
3;12;834;0;M;1;pistachia;anthyllis;dorycnium;D;13,5;D;3,15;2,01;2,86;D;16,5;D;;;
3;12;835;1;M;1;anthyllis;dorycnium;pistachia;22;D;17;2,04;2,87;3,05;25;D;18;;;
3;12;836;0;P;0;pistachia;pistachia;pistachia;D;3;D;3,03;2,07;3,53;D;3,5;D;;;
3;12;833;1;P;0;pistachia;pistachia;pistachia;M;D;D;2,03;3,26;2,7;M;D;D;;;
3;12;837;0;P;1;pistachia;pistachia;pistachia;21;18;D;3,19;3,58;3,7;22;20;D;;;
3;12;838;1;P;1;pistachia;pistachia;pistachia;21;D;23,5;4,61;4,76;3,94;22,5;D;23;;;
3;12;839;0;A;1;anthyllis;anthyllis;anthyllis;29;26;D;4,1;2,31;1,97;31;26,5;D;;;
3;12;842;1;P;1;pistachia;pistachia;pistachia;16,5;11,5;D;3,55;2,48;2,99;17,5;13;D;;;
3;12;843;0;P;0;pistachia;pistachia;pistachia;15,5;D;D;3,41;3,28;2,03;16,5;D;D;;;
3;12;844;1;A;1;anthyllis;anthyllis;anthyllis;23;12,5;17;2,39;2,72;2,32;27,5;16;19,5;;;
3;12;847;0;D;1;dorycnium;dorycnium;dorycnium;D;D;D;1,4;2,53;3,66;D;D;D;;;
3;12;848;1;D;0;dorycnium;dorycnium;dorycnium;D;D;D;2,77;2,32;2,65;D;D;D;;;
3;12;849;0;D;0;dorycnium;dorycnium;dorycnium;33,5;36;33,5;3,2;2,61;2,52;35;35;33,5;;;
3;12;850;1;D;1;dorycnium;dorycnium;dorycnium;36,5;36;35,5;3,42;2,99;2,98;39;40,5;40;;;
3;12;851;1;M;0;pistachia;dorycnium;anthyllis;12;C;17,5;3,13;3,03;2,61;14,5;C;17;;;
3;12;852;0;M;0;pistachia;anthyllis;dorycnium;D;27,5;D;2,33;2,03;2,39;D;32;D;;;
3;12;853;0;A;0;anthyllis;anthyllis;anthyllis;25;27,5;D;2,42;2,88;2,06;29;29;D;;;
3;12;856;0;D;0;dorycnium;dorycnium;dorycnium;22;36,5;C;3,2;3,97;2,33;28,5;39;C;;;
3;12;857;1;D;0;dorycnium;dorycnium;dorycnium;23,5;NA;D;2,05;2,77;2;26;NA;D;;;
3;12;858;0;M;1;anthyllis;dorycnium;pistachia;25;45;29;3,53;3,27;5,07;26;46;29,5;;;
3;12;859;1;M;1;dorycnium;pistachia;anthyllis;41,5;26;35;3,31;3,65;2,61;41;28,5;36;;;
3;12;860;1;A;0;anthyllis;anthyllis;anthyllis;C;16;28,5;2,74;2,13;2,26;C;17;28;cassé sur le coup;;
3;12;861;0;D;1;dorycnium;dorycnium;dorycnium;26,5;40;27,5;2,99;3,04;1,86;29;46;28;;;
3;12;862;1;D;0;dorycnium;dorycnium;dorycnium;NA;31;9,5;2,89;3,85;2,1;NA;33;14;;;
3;12;864;0;D;0;dorycnium;dorycnium;dorycnium;34;D;36;2,95;1,95;3,35;35;D;37;;;
3;12;865;1;A;0;anthyllis;anthyllis;anthyllis;25;10;28,5;2,07;1,14;2,52;31,5;14;36,5;;;
3;12;866;1;D;0;dorycnium;dorycnium;dorycnium;24;45;38;3,27;3,07;3,03;48,5;47;40,5;;;
3;12;867;0;M;1;pistachia;anthyllis;dorycnium;25,5;18;27;3,76;2,05;2,66;31;30;36,5;;;
3;12;868;1;M;0;dorycnium;pistachia;anthyllis;32;21;35,5;2,08;3,15;3,21;39,5;22;45;;;
3;12;869;0;P;1;pistachia;pistachia;pistachia;12,5;18;24,5;2,73;2,71;4,38;14;20;27;;;
3;12;870;0;A;1;anthyllis;anthyllis;anthyllis;28,5;40;41;2,56;2,99;4,47;31;39;39;;;
3;12;874;1;P;1;pistachia;pistachia;pistachia;19,5;D;D;4,2;3,1;5,04;20,5;D;D;;;
3;12;875;0;P;0;pistachia;pistachia;pistachia;26;22,5;D;3,89;2,87;1,26;27;24;D;;;
3;12;876;1;P;0;pistachia;pistachia;pistachia;21;22,5;20,5;4,24;4,1;3,79;28;28,5;23;;;
3;12;877;0;P;1;pistachia;pistachia;pistachia;22;30;31;3,87;3,68;4,9;25;31,5;33,5;;;
4;13;360;1;A;1;anthyllis;anthyllis;anthyllis;M;36,5;30,5;M;1,97;2,31;M;44;31;;;
4;13;361;0;A;1;anthyllis;anthyllis;anthyllis;20;29;15,5;4,36;3,2;2,51;26;29;15;;;
4;13;362;0;A;0;anthyllis;anthyllis;anthyllis;28;48,5;34;3,41;4,49;3,11;29;48,5;39;;;
4;13;363;1;P;0;pistachia;pistachia;pistachia;18;32;32;3,75;4,96;4,85;19,5;34,5;36;;;
4;13;962;0;P;1;pistachia;pistachia;pistachia;D;D;D;4,78;2,53;3,82;D;D;D;;;
4;13;365;0;P;1;pistachia;pistachia;pistachia;24,5;27;12;3,46;3,36;3,66;33;30,5;15,5;;;
4;13;366;1;D;0;dorycnium;dorycnium;dorycnium;51;36,5;43;4,57;3,6;4,18;58;47,5;43;;;
4;13;367;0;D;1;dorycnium;dorycnium;dorycnium;46,5;25;49,5;4,2;3,33;4,55;51;25,5;53,5;;;
4;13;368;1;D;0;dorycnium;dorycnium;dorycnium;41,5;36;35;5,62;3,34;3,32;48;41;54;;;
4;13;369;1;A;0;anthyllis;anthyllis;anthyllis;6;15,5;37;3,94;3,79;5,11;6;16;40;resprout;;
4;13;370;1;A;0;anthyllis;anthyllis;anthyllis;30,5;17;39,5;4,54;2,7;2,43;32;18,5;37,5;;;
4;13;371;0;A;1;anthyllis;anthyllis;anthyllis;31,5;26,5;32;3,62;3,82;4,55;30,5;26;32,5;;;
4;13;372;0;A;1;anthyllis;anthyllis;anthyllis;35;23;24;3,62;3,28;2,65;28;25;24;;;
4;13;373;1;M;1;anthyllis;pistachia;dorycnium;32;41;35;5,99;3,08;2,79;31;50;38;;;
4;13;374;1;P;1;pistachia;pistachia;pistachia;33;22;22;5,22;5,22;5,89;35;26;22;;;
4;13;375;1;M;0;anthyllis;dorycnium;pistachia;29;43;29;2,89;3,24;4,83;33;44;32,5;;;
4;13;376;0;M;1;anthyllis;pistachia;dorycnium;D;21,5;NA;2,45;3,89;2,49;D;25,5;NA;;;NA = pas de feuilles
4;13;378;0;M;0;pistachia;dorycnium;anthyllis;31;37,5;19,5;4,83;2,91;1,74;33;46,5;20,5;;;
4;13;383;0;P;1;pistachia;pistachia;pistachia;19,5;22,5;34,5;3,49;4,48;5,11;22;25,5;35,5;;;
4;13;386;1;M;1;dorycnium;anthyllis;pistachia;44,5;36,5;28,5;3,47;2,75;4,12;55,5;37,5;29,5;;;
4;13;384;1;P;1;pistachia;pistachia;pistachia;27,5;32,5;27;3,82;5,12;5,17;30,5;36;32;2 individus;2 individus;2 individus
4;13;388;0;M;1;anthyllis;pistachia;dorycnium;32;25,5;34;4,87;4,3;2,86;34,5;31;33;;;
4;13;998;1;M;1;dorycnium;pistachia;anthyllis;52;26;40;3,61;4,86;3,36;55,5;30;39,5;;;
4;13;390;1;D;0;dorycnium;dorycnium;dorycnium;37,5;D;D;5,4;3,99;3,59;38,5;D;D;;;
4;13;391;0;D;1;dorycnium;dorycnium;dorycnium;38;40,5;38;3,13;3,69;3,82;36;50;37;;;
4;13;392;0;A;0;anthyllis;anthyllis;anthyllis;D;D;D;1,56;1,87;2,3;D;D;D;;;
4;13;393;1;A;1;anthyllis;anthyllis;anthyllis;16,5;D;2;1,35;1,87;1,29;16;D;2;resprout;resprout;resprout
4;13;394;1;P;1;pistachia;pistachia;pistachia;25,5;24;22;4,05;3,38;3,83;29,5;24;25,5;;;
4;13;395;0;P;1;pistachia;pistachia;pistachia;26,5;C;24;3,75;2,59;3,98;26,5;C;25;;;
4;13;398;0;P;1;pistachia;pistachia;pistachia;20,5;28;20;5,13;4,01;4,37;26;32;32;;;
4;13;399;0;D;1;dorycnium;dorycnium;dorycnium;35;45;45;2,68;3,63;5,18;38;49;45,5;;;
4;13;400;1;D;1;dorycnium;dorycnium;dorycnium;49;43,5;40,5;3,55;3,2;2,38;51;45,5;38;;;
4;13;960;0;D;1;dorycnium;dorycnium;dorycnium;46;48;28;2,95;3,14;4,24;47,5;50,5;37;coupé;coupé;
4;13;961;1;P;1;pistachia;pistachia;pistachia;6,5;7;28,5;3,73;3,53;4,66;11;10,5;31;;;
4;13;963;1;M;0;dorycnium;pistachia;anthyllis;39;29,5;32,5;3,39;4,09;3,7;38,5;31,5;33,5;coupé;coupé;coupé
4;13;967;0;P;0;pistachia;pistachia;pistachia;12,5;12;15;2,76;3,24;3,09;13;16;16;;;
4;13;968;1;P;0;pistachia;pistachia;pistachia;D;D;32;4,08;5,52;5,76;D;D;38;;;
4;13;969;0;M;0;pistachia;anthyllis;dorycnium;24;40;32,5;4,51;4,48;3,47;27,5;39,5;34,5;;;
4;13;970;0;P;1;pistachia;pistachia;pistachia;21,5;19;27;3,21;4,3;3,92;26;24;29,5;;;
4;13;971;1;M;0;anthyllis;pistachia;dorycnium;19,5;D;D;2,97;4,08;3,36;19,5;D;D;;;
4;13;972;0;M;1;anthyllis;pistachia;dorycnium;25;22,5;34;3,52;3,23;2,8;21,5;22;35,5;;;
4;13;975;1;A;1;anthyllis;anthyllis;anthyllis;19,5;15;26;2,15;2,69;2,9;14,5;16,5;24;;;
4;13;976;0;A;1;anthyllis;anthyllis;anthyllis;NA;22;31;3,59;3,72;4,66;NA;20,5;31;;;
4;13;977;0;D;1;dorycnium;dorycnium;dorycnium;43;15;23,5;4,21;3,8;2,64;44;38,5;15,5;;;
4;13;978;1;M;0;dorycnium;anthyllis;pistachia;47,5;37;15;3,45;3,12;2,99;48,5;37,5;18,5;;;
4;13;979;0;M;1;anthyllis;pistachia;dorycnium;31;24,5;44;5,46;4,31;3,4;32;27,5;45;;;
4;13;980;0;M;0;anthyllis;pistachia;dorycnium;21;D;D;2,82;2,03;1,65;22;D;D;;;
4;13;981;1;A;0;anthyllis;anthyllis;anthyllis;26;23;32;2,74;3,54;3,7;31;26;33;;;
4;13;982;0;A;1;anthyllis;anthyllis;anthyllis;40,5;31,5;40;3,62;2,98;5,4;39,5;34;40,5;;;
4;13;983;0;M;1;dorycnium;anthyllis;pistachia;19,5;26,5;19;3,02;2,75;3,46;41,5;26;23,5;;;
4;13;984;1;M;1;pistachia;dorycnium;anthyllis;25;35,5;32,5;3,86;2,82;2,42;28,5;40,5;34;;;
4;13;985;1;D;0;dorycnium;dorycnium;dorycnium;49;38;28;5,4;3,1;2,17;49;38;24,5;;;
4;13;986;1;A;1;anthyllis;anthyllis;anthyllis;39;32,5;32,5;4,57;2,97;3,95;40;38;36,5;;;
4;13;987;0;A;1;anthyllis;anthyllis;anthyllis;37;30;38;5,04;2,9;6,51;38;30;41;;;
4;13;988;0;A;0;anthyllis;anthyllis;anthyllis;24,5;31;25;3,65;3,14;4,69;24;38;30;;;
4;13;990;1;A;0;anthyllis;anthyllis;anthyllis;40,5;27;D;4,1;2,94;3,6;40;28,5;D;;;
4;13;991;1;D;1;dorycnium;dorycnium;dorycnium;44;33,5;24,5;2,12;4,23;2,53;46,5;44,5;27,5;;;
4;13;993;0;D;0;dorycnium;dorycnium;dorycnium;C;34,5;D;1,67;3,29;2,11;C;35;D;cassé sur le coup;;
4;13;994;1;D;1;dorycnium;dorycnium;dorycnium;35,5;40;D;3;3,87;3,48;35;42;D;;;
4;13;995;1;P;0;pistachia;pistachia;pistachia;D;D;30;3,44;3,92;4,76;D;D;30;;;
4;13;996;0;D;0;dorycnium;dorycnium;dorycnium;20;18,5;40;2,96;2,68;3,11;29;17,5;40,5;;;
4;13;997;1;D;0;dorycnium;dorycnium;dorycnium;22,5;C;34;1,66;1,92;2,75;23,5;C;36,5;;;
4;14;281;0;A;1;anthyllis;anthyllis;anthyllis;24;24,5;32;4,02;4,51;4,38;30;26,5;36,5;;;
4;14;282;1;A;0;anthyllis;anthyllis;anthyllis;36,5;30;37;3,82;3,44;2,45;42,5;32;36;;;
4;14;284;0;A;1;anthyllis;anthyllis;anthyllis;8,5;26;31;2,44;2,3;3,43;8,5;30;31;;;
4;14;285;1;A;1;anthyllis;anthyllis;anthyllis;23;M;25,5;3,15;M;2,62;26,5;M;29;;;
4;14;288;0;M;0;pistachia;anthyllis;dorycnium;26,5;23,5;33;4,61;5,16;2,78;28;25,5;33,5;;;
4;14;289;1;M;1;pistachia;anthyllis;dorycnium;27,5;17;D;4,3;3,3;3,09;28;17,5;D;;;
4;14;291;0;M;1;anthyllis;dorycnium;pistachia;17,5;33,5;24,5;3,03;3,6;5,23;19,5;34,5;27,5;;;
4;14;292;1;M;0;anthyllis;pistachia;dorycnium;32,5;D;D;3,19;4,33;2,15;34;D;D;;;
4;14;293;0;D;1;dorycnium;dorycnium;dorycnium;30,5;34;31;3,72;3,3;2,25;30,5;45;29;;;
4;14;294;1;D;0;dorycnium;dorycnium;dorycnium;31,5;31,5;D;4,61;4,03;4,04;33;36,5;D;;;
4;14;296;0;D;1;dorycnium;dorycnium;dorycnium;25,5;35,5;30;2,12;3,1;3,01;26;35;33;;;
4;14;297;1;D;1;dorycnium;dorycnium;dorycnium;35;34,5;27,5;2,69;3,72;2,38;34,5;35,5;27;;;
4;14;300;1;D;0;dorycnium;dorycnium;dorycnium;31;D;D;3,43;2,51;3,7;32,5;D;D;;;
4;14;301;0;D;0;dorycnium;dorycnium;dorycnium;40,5;6,5;24,5;3,96;2,85;4;44;7;34,5;;resprout;
4;14;303;1;P;0;pistachia;pistachia;pistachia;D;D;28;3,85;3,44;4,32;D;D;31,5;;;
4;14;304;0;P;1;pistachia;pistachia;pistachia;6;D;D;4,47;4,24;4,03;5;D;D;resprout;;
4;14;308;1;D;0;dorycnium;dorycnium;dorycnium;28,5;D;D;2,91;3,31;3,46;35,5;D;D;;;
4;14;309;0;D;0;dorycnium;dorycnium;dorycnium;29;30,5;D;3,95;3,01;3,39;32;36,5;D;;;
4;14;310;0;A;0;anthyllis;anthyllis;anthyllis;6;34,5;30,5;NA;2,85;4,34;6,5;34,5;31;resprout;;
4;14;311;0;A;0;anthyllis;anthyllis;anthyllis;27;33,5;21,5;3,21;2,91;3,73;28,5;35;37,5;;;
4;14;312;0;D;0;dorycnium;dorycnium;dorycnium;18;26,5;23,5;2,23;2,54;2,56;41;29;34;;cassé ?;
4;14;313;0;P;0;pistachia;pistachia;pistachia;28;24,5;D;3,56;3,96;2,99;29;28;D;;;
4;14;314;1;D;0;dorycnium;dorycnium;dorycnium;52;37,5;39;3,77;3,37;3,45;52,5;40;39,5;;;
4;14;315;1;P;1;pistachia;pistachia;pistachia;19,5;20,5;22,5;4,3;4,24;3,7;23;25;26;;;
4;14;316;1;M;1;anthyllis;dorycnium;pistachia;28,5;29;27;3,79;3,61;4,13;29;27;29,5;;;
4;14;317;0;M;1;anthyllis;dorycnium;pistachia;25,5;28,5;27,5;2,52;4,61;4;24,5;30;30,5;;;
4;14;319;0;M;0;dorycnium;anthyllis;pistachia;30,5;26,5;17;2,58;2,19;2,68;31;27,5;22,5;;;
4;14;320;0;M;1;dorycnium;pistachia;anthyllis;47;16,5;33,5;2,63;3,74;3,86;48,5;18;33;;;
4;14;321;1;M;1;dorycnium;anthyllis;pistachia;41;16,5;27,5;2,43;2,42;3,45;50;36;28,5;;;
4;14;325;0;M;0;dorycnium;anthyllis;pistachia;D;29;20;1,9;2,86;3,17;D;29;21;;;
4;14;326;1;M;1;pistachia;anthyllis;dorycnium;25;23,5;17;3,7;2,71;2,42;24,5;28;18;;;
4;14;327;1;P;1;pistachia;pistachia;pistachia;8;15;21;2,83;3,09;3,08;10;15,5;20,5;;;
4;14;328;0;P;1;pistachia;pistachia;pistachia;29;17;24;4,97;2,87;4,46;31,5;17,5;28,5;;;
4;14;330;0;A;1;anthyllis;anthyllis;anthyllis;24,5;D;29,5;5,45;1,64;2,8;26,5;D;27;;;
4;14;331;1;A;1;anthyllis;anthyllis;anthyllis;25;27,5;D;2,24;2,65;2,26;25,5;26,5;D;;;
4;14;332;0;P;0;pistachia;pistachia;pistachia;D;D;D;4,6;4,8;4,53;D;D;D;;;
4;14;334;1;P;0;pistachia;pistachia;pistachia;D;D;D;3,75;4,57;2,15;D;D;D;;;
4;14;335;0;A;0;anthyllis;anthyllis;anthyllis;34,5;29;30,5;4,17;2,61;3,91;35;28,5;31,5;;;
4;14;336;1;A;1;anthyllis;anthyllis;anthyllis;25,5;26,5;33;2,7;1,89;2,07;26,5;28,5;35;;;
4;14;337;0;A;0;anthyllis;anthyllis;anthyllis;23;21;27;2,48;2,92;3,04;23;21,5;28;;;
4;14;338;1;A;1;anthyllis;anthyllis;anthyllis;24,5;10,5;15;2,45;2,41;2,22;23,5;10;16;;;
4;14;339;0;D;0;dorycnium;dorycnium;dorycnium;7;D;D;0,99;2,27;3,21;7;D;D;;;
4;14;340;1;D;1;dorycnium;dorycnium;dorycnium;34;33;36;4,07;2,69;3,05;35;34;42,5;;;
4;14;341;0;D;1;dorycnium;dorycnium;dorycnium;41,5;44,5;37,5;4,54;3,9;2,62;42;43;37;;;
4;14;342;1;D;0;dorycnium;dorycnium;dorycnium;34;29;33;3,67;3,24;3,5;35;37,5;35,5;;;
4;14;344;0;M;1;anthyllis;pistachia;dorycnium;16,5;23,5;35;3,39;4,24;3,32;15,5;25,5;38;;;
4;14;345;1;M;1;pistachia;anthyllis;dorycnium;25;25;39;3,53;2,65;3,02;25;23;42;;;
4;14;346;0;D;1;dorycnium;dorycnium;dorycnium;34;44,5;47;4,6;4,81;3,39;36,5;45;48;;;
4;14;347;0;A;1;anthyllis;anthyllis;anthyllis;18,5;24;M;2,24;3,5;M;20;25;M;;;
4;14;348;1;D;1;dorycnium;dorycnium;dorycnium;41;39,5;38,5;3,29;3,24;2,82;43;40,5;46;;;
4;14;349;1;A;0;anthyllis;anthyllis;anthyllis;16;42,5;18;1,43;3,24;1,95;18,5;50;18,5;;;
4;14;350;1;P;1;pistachia;pistachia;pistachia;D;23;25;4,02;4,33;3,82;D;25,5;27;;;
4;14;351;0;P;0;pistachia;pistachia;pistachia;D;28,5;D;2,67;3,21;3,09;D;29,5;D;;;
4;14;352;1;P;0;pistachia;pistachia;pistachia;11,5;D;12,5;2,9;3,3;2,3;13;D;18;;;
4;14;353;0;P;1;pistachia;pistachia;pistachia;18;23,5;23,5;3,18;3,04;4,04;21;27;31;;;
4;14;354;1;M;0;pistachia;anthyllis;dorycnium;20;33,5;D;3,16;2,56;2,27;25;37;D;;;
4;14;356;0;P;0;pistachia;pistachia;pistachia;27,5;30;33,5;5,15;3,63;5,35;33;37;36;;;
4;14;357;1;P;1;pistachia;pistachia;pistachia;30;28;25;4,22;3,91;3,71;31,5;31;29;;;
4;15;1452;0;D;1;dorycnium;dorycnium;dorycnium;36,5;37,5;D;2,85;4,06;3,27;37,5;36,5;D;;;
4;15;1453;1;D;1;dorycnium;dorycnium;dorycnium;D;D;C;2,45;3,53;3,2;D;D;C;;;cassé sur le coup
4;15;1455;0;D;0;dorycnium;dorycnium;dorycnium;39,5;39;41,5;3,46;3,01;4,45;38;39;40,5;;;
4;15;1457;0;D;0;dorycnium;dorycnium;dorycnium;C;26;D;3,82;2,5;3,02;C;26;D;;;
4;15;1458;1;D;0;dorycnium;dorycnium;dorycnium;D;D;D;2,13;3,48;2,22;D;D;D;;;
4;15;1459;0;D;1;dorycnium;dorycnium;dorycnium;C;34,5;34;2,21;3,19;3,24;D;33,5;33;;;
4;15;1460;0;M;1;anthyllis;dorycnium;pistachia;26,5;56;20;2,29;3,02;3,18;26,5;57,5;34;;;
4;15;1462;1;M;1;pistachia;anthyllis;dorycnium;21,5;34;40,5;3,35;3,48;3,43;23;33;42,5;;;
4;15;1463;1;P;0;pistachia;pistachia;pistachia;25,5;27;D;4,23;3,5;3,7;24;30;D;;;
4;15;1464;0;P;1;pistachia;pistachia;pistachia;28;26,5;25,5;3,82;4,03;3,95;30,5;29,5;28;;;
4;15;1465;1;D;1;dorycnium;dorycnium;dorycnium;34;28;D;3,5;2,35;3,3;40;28;D;;;
4;15;1466;0;P;0;pistachia;pistachia;pistachia;23,5;20;D;4,35;3,33;2,63;26;22;D;;;
4;15;1467;1;P;0;pistachia;pistachia;pistachia;D;D;D;3,9;3,48;3,71;D;D;D;;;
4;15;1468;0;M;0;dorycnium;pistachia;anthyllis;31;D;21;1,72;2,46;2,94;31;D;28;;;
4;15;1469;0;M;1;anthyllis;dorycnium;pistachia;24,5;33,5;23;2,79;3,5;3,26;25;38;26;;;
4;15;1470;1;M;0;dorycnium;pistachia;anthyllis;31,5;23,5;30;3,61;2,6;2,54;32;25;30,5;;;
4;15;1471;0;P;0;pistachia;pistachia;pistachia;26;26,5;17,5;4,17;3,91;3,27;27,5;27;17,5;;;
4;15;1472;1;P;1;pistachia;pistachia;pistachia;D;26,5;24,5;3,44;4,01;4,74;D;28;26;;;
4;15;1473;1;P;0;pistachia;pistachia;pistachia;26;31;25,5;4,38;3,99;5,79;26,5;32;29;;;
4;15;1474;0;P;0;pistachia;pistachia;pistachia;14;28;24,5;2,69;3,33;4,38;13,5;27,5;26;;;
4;15;1475;1;M;0;anthyllis;dorycnium;pistachia;38,5;37;21,5;3,67;4,7;3,03;36;42;24;;;
4;15;1476;1;M;0;dorycnium;anthyllis;pistachia;22,5;26;D;3,51;2,85;2,49;22;28;D;;;
4;15;1477;1;A;1;anthyllis;anthyllis;anthyllis;30;11,5;33;2,93;2,18;2,78;30;11;31;;;
4;15;1478;0;A;1;anthyllis;anthyllis;anthyllis;19;28,5;18;1,8;3,4;2,76;21;28,5;16,5;;;
4;15;1481;1;P;1;pistachia;pistachia;pistachia;28,5;18;D;3,39;3,31;5,08;31,5;21;D;;;
4;15;1482;0;P;1;pistachia;pistachia;pistachia;D;21;D;3,95;4,7;3,35;D;29;D;;;
4;15;1483;0;D;1;dorycnium;dorycnium;dorycnium;42;32,5;37,5;3,07;2,4;2,12;42;33;37;;;
4;15;1484;1;D;1;dorycnium;dorycnium;dorycnium;34;32,5;26,5;3,01;2,71;2,36;46;49,5;33,5;;;
4;15;1485;0;D;0;dorycnium;dorycnium;dorycnium;34;32,5;41;3,17;3,13;2,89;36;34;40,5;;;
4;15;1486;1;D;1;dorycnium;dorycnium;dorycnium;26;19;D;2,81;2,66;2,94;42,5;36;D;;;
4;15;1488;0;M;0;pistachia;anthyllis;dorycnium;10;10,5;27,5;2,57;2,87;2,25;13;10;28;;;
4;15;1490;0;P;1;pistachia;pistachia;pistachia;24;20;D;3,5;4,11;3,69;28;22;D;;;
4;15;1454;0;A;0;anthyllis;anthyllis;anthyllis;34;26;26;3,49;3;2,16;32,5;31;25;;;
4;15;1495;1;A;1;anthyllis;anthyllis;anthyllis;22;29,5;23;2,43;2,69;2,37;24;29;23;;;
4;15;1496;0;A;1;anthyllis;anthyllis;anthyllis;30;20;25;3,21;2,7;2,21;27;19;24;;;
4;15;1497;1;M;0;anthyllis;pistachia;dorycnium;26;D;D;4,34;2,71;3;25;D;D;;;
4;15;1498;0;M;0;dorycnium;pistachia;anthyllis;D;9;15;4,9;2,79;1,94;D;7;15;;;
4;15;1500;1;A;1;anthyllis;anthyllis;anthyllis;37;30;22;3,07;2,95;2,58;37;30;22;;;
4;15;1501;0;P;1;pistachia;pistachia;pistachia;33,5;25,5;21;5,09;4,18;3,1;37;28;23;;;
4;15;1503;1;P;0;pistachia;pistachia;pistachia;D;D;D;3,45;4,44;3,7;D;D;D;;;
4;15;1504;0;P;1;pistachia;pistachia;pistachia;D;25;D;3,91;4,69;5,83;D;27,5;D;;;
4;15;1505;1;D;1;dorycnium;dorycnium;dorycnium;26,5;37,5;38,5;2,1;3,13;3,46;32;38,5;42;;;
4;15;1506;0;D;1;dorycnium;dorycnium;dorycnium;39,5;38,5;46,5;3,07;3,29;4,48;40;39,5;49;;;
4;15;1507;0;M;1;dorycnium;pistachia;anthyllis;31;27;19;3,28;5,13;3,08;30,5;27;19;;;
4;15;1508;1;M;0;pistachia;anthyllis;dorycnium;24;24;24;4,27;2,28;4,78;28,5;24,5;25,5;;;
4;15;1509;0;M;1;pistachia;dorycnium;anthyllis;12,5;35;32,5;3,31;2,89;3,14;14;35;32,5;;;
4;15;1510;1;M;1;dorycnium;anthyllis;pistachia;28;28,5;21,5;2,2;2,51;5,62;30;33;23;;;
4;15;1512;1;D;1;dorycnium;dorycnium;dorycnium;28;35;25;2,45;3,31;2,4;32,5;42;28;;;
4;15;1513;0;D;1;dorycnium;dorycnium;dorycnium;31;31;D;2,65;3,13;2,15;31,5;32,5;D;;;
4;15;1515;0;A;0;anthyllis;anthyllis;anthyllis;27;21,5;21;2,9;2,01;3,35;26,5;24;22;;;
4;15;1523;1;A;1;anthyllis;anthyllis;anthyllis;10;15;19,5;2,19;3,19;3,01;11;18;20;;;
4;15;1524;0;A;0;anthyllis;anthyllis;anthyllis;M;30;22;M;3,53;3,23;M;30;22;;;
4;15;1526;1;A;0;anthyllis;anthyllis;anthyllis;26,5;10;24;3,39;3,26;3,07;28,5;23;29;;;
4;15;1527;0;A;0;anthyllis;anthyllis;anthyllis;23,5;20;3;2,95;2,55;1,79;23;20;3;;;resprout
4;15;1528;0;M;0;anthyllis;pistachia;dorycnium;30,5;D;30;3,01;4,1;2,66;31;D;29;;;
4;15;1529;1;M;1;dorycnium;pistachia;anthyllis;30,5;19;26;3,66;4,13;2,28;33,5;18,5;25;;;
4;15;1530;1;P;0;pistachia;pistachia;pistachia;D;D;D;3,72;4,31;3,31;D;D;D;;;
4;15;1531;1;D;1;dorycnium;dorycnium;dorycnium;28,5;D;D;4,52;3,35;2,25;39;D;D;;;
