ter;plot;label;ms;com;watering;sp1;sp2;sp3;h1;h2;h3;d1;d2;d3;hm1;hm2;hm3;notes
2;5;561;0;M;1;dorycnium;anthyllis;pistachia;7;17,4;19,9;3,2;1,65;4,14;29,3;19,2;22,8;
2;5;562;1;M;1;pistachia;anthyllis;dorycnium;19;18,5;29,8;2,57;1,9;2,62;22,1;20,5;31,9;
2;5;563;1;A;1;anthyllis;anthyllis;anthyllis;14,5;8,3;16,4;2,24;1,22;2,03;14,2;8,5;17,1;
2;5;564;1;D;1;dorycnium;dorycnium;dorycnium;26;30,2;30;3,18;2,99;3,05;26;30,2;30,9;
2;5;565;0;A;0;anthyllis;anthyllis;anthyllis;29,5;23;22,5;2,74;2,04;2,46;32;33,5;27;
2;5;566;1;D;1;dorycnium;dorycnium;dorycnium;31,7;27,5;30,8;2,85;2,64;3,47;32,4;27,1;31,2;
2;5;567;1;M;1;pistachia;anthyllis;dorycnium;23,4;31,3;28,7;3,49;3,01;4,41;23,6;31,3;28,6;
2;5;568;0;D;0;dorycnium;dorycnium;dorycnium;22,8;21,5;26,7;2,73;3,23;2,59;31,9;32;27,4;
2;5;569;0;M;0;pistachia;dorycnium;anthyllis;12,9;26,2;15,55;3,39;1,74;2,33;16,8;28,5;15,6;
2;5;570;0;P;0;pistachia;pistachia;pistachia;23,7;20,8;23,7;5,09;3,59;4,33;24,6;21,8;24,7;
2;5;571;1;P;1;pistachia;pistachia;pistachia;20,4;27,2;19,8;4,05;4,18;3,8;20,5;27,6;21,6;
2;5;577;0;P;0;pistachia;pistachia;pistachia;16;16,7;21,9;2,72;2,6;2,85;16;17,1;23;
2;5;579;0;M;1;dorycnium;anthyllis;pistachia;33,3;26,4;23;2,83;2,95;4,98;33,5;27;22,8;
2;5;580;1;M;1;pistachia;anthyllis;dorycnium;27,3;29,2;31,1;3,7;3,47;3,53;31;46,4;31,7;
2;5;581;1;P;0;pistachia;pistachia;pistachia;19,4;22,7;23;3,22;3,7;4,06;21,2;26,6;23,3;
2;5;582;0;D;1;dorycnium;dorycnium;dorycnium;28;28,7;29,7;3,73;3,09;3,91;28,3;33,2;30,1;
2;5;583;1;M;1;dorycnium;anthyllis;pistachia;25;35,4;15,5;2,61;2,54;3,78;25,5;38,2;16;
2;5;584;1;D;0;dorycnium;dorycnium;dorycnium;26,2;28,4;29,1;3,49;3,65;3,84;27,1;30,7;29,6;
2;5;585;1;P;1;pistachia;pistachia;pistachia;31,8;28,6;23,2;3,59;5,22;3,03;34,4;32,2;23,8;
2;5;586;1;A;0;anthyllis;anthyllis;anthyllis;17;17,4;16,9;2,92;2,49;2,27;17,2;19,4;24,3;
2;5;587;0;A;1;anthyllis;anthyllis;anthyllis;13,5;26;18,6;1,88;2,14;1,9;13,7;27,6;22;
2;5;589;0;M;0;anthyllis;pistachia;dorycnium;7;23,5;22,5;1,56;2,59;3,14;7,4;23,2;23,4;
2;5;590;0;P;1;pistachia;pistachia;pistachia;27;30,5;25,9;3,18;2,87;2,63;27,7;31,7;28,5;
2;5;591;0;P;0;pistachia;pistachia;pistachia;27,8;26,4;24;2,97;3,98;3,53;28,7;29,5;26;
2;5;592;0;P;0;pistachia;pistachia;pistachia;32,1;31,1;25,5;3,91;3,95;3,87;34,2;33;27,4;
2;5;593;0;D;0;dorycnium;dorycnium;dorycnium;30;29,8;29;2,03;1,79;2,09;30,5;29,2;28,75;
2;5;594;1;A;1;anthyllis;anthyllis;anthyllis;17,4;31,2;19,2;2,33;2,69;2,42;18,2;36,8;20;
2;5;595;0;A;0;anthyllis;anthyllis;anthyllis;43;28,5;32,5;3;1,99;2,73;44,5;29,4;33,3;
2;5;596;1;M;1;pistachia;anthyllis;dorycnium;22,7;21,1;27;3,57;2,16;3,02;22,6;21,2;26,4;
2;5;597;0;M;0;pistachia;dorycnium;anthyllis;20,2;31;30,5;3,4;3,35;2,31;24,1;30,6;30,7;
2;5;598;1;P;0;pistachia;pistachia;pistachia;26,5;31,3;17,4;4,92;3,16;2,51;30,2;29;20;
2;5;599;0;P;0;pistachia;pistachia;pistachia;29,5;27,9;23,5;5,11;3,68;3,98;33,6;31,3;29,5;
2;5;600;1;A;1;anthyllis;anthyllis;anthyllis;16,2;26,5;32;2,09;2,19;2,71;28,2;27,3;31,1;
2;5;601;0;P;1;pistachia;pistachia;pistachia;19,2;19,5;25;3,17;3,3;3,37;22,5;22,8;25,3;
2;5;602;1;P;0;pistachia;pistachia;pistachia;28,5;21,3;22,4;3,69;3,41;3,44;30,5;20,6;26,9;
2;5;603;0;A;1;anthyllis;anthyllis;anthyllis;Dead;20,6;24,5;Dead;2,36;2,55;Dead;21,6;33,8;
2;5;607;0;D;1;dorycnium;dorycnium;dorycnium;Dead;27,5;30,9;1,45;2,16;2,87;Dead;27,8;32,6;
2;5;611;0;D;0;dorycnium;dorycnium;dorycnium;31,2;17,6;26,5;2,17;1,64;2,62;31,3;20,8;33,3;
2;5;612;1;D;1;dorycnium;dorycnium;dorycnium;27,2;32,5;35,7;2,99;3,16;2,58;29,4;32,6;37;
2;5;613;1;A;0;anthyllis;anthyllis;anthyllis;18,8;16,5;34,5;2,71;2,13;2,61;19,1;17,9;34,6;
2;5;615;0;A;0;anthyllis;anthyllis;anthyllis;22,3;48,7;27,2;2,19;2,97;2,51;23,2;48;28,4;
2;5;617;0;D;0;dorycnium;dorycnium;dorycnium;27,8;27,7;27,2;2,54;3,18;2,98;28,9;29,6;29,6;
2;5;618;1;D;0;dorycnium;dorycnium;dorycnium;30,7;22,8;34,4;3,01;2,01;2,66;34,5;26,5;35,6;
2;5;619;0;M;0;dorycnium;pistachia;anthyllis;26,4;13;17,8;1,79;2,81;2,54;30,2;13;18,7;
2;5;620;1;M;1;anthyllis;dorycnium;pistachia;26;21,7;23,3;2,59;2,88;3,92;28;22,8;23,5;
2;5;622;0;M;0;pistachia;anthyllis;dorycnium;20,7;30,6;23,3;3,12;2,89;2,65;22,4;31,5;23,6;
2;5;623;1;M;0;anthyllis;pistachia;dorycnium;19,5;24,5;33,7;2,69;3,92;3,98;20,5;27,1;34;
2;5;624;0;A;0;anthyllis;anthyllis;anthyllis;22,5;31,5;21,7;2,66;2,78;3,15;22,5;34,5;19,5;
2;5;625;1;A;0;anthyllis;anthyllis;anthyllis;29,5;28,2;25,7;2,68;2,72;2,78;28,2;28,4;27,8;
2;5;626;1;P;1;pistachia;pistachia;pistachia;27;25,6;26,6;4,02;4,49;3,65;28,8;27,5;27,2;
2;5;627;0;P;1;pistachia;pistachia;pistachia;27;27;26,7;4,54;3,07;4,18;31,7;27,6;29,5;
2;5;628;0;D;0;dorycnium;dorycnium;dorycnium;23,1;32,2;28,7;2,85;2,7;3,84;23,5;33,9;31,3;
2;5;629;1;D;0;dorycnium;dorycnium;dorycnium;27,7;27,6;24,7;4,1;3,25;2,29;28,3;30,6;28;
2;5;630;1;D;0;dorycnium;dorycnium;dorycnium;28;28,4;25,9;2,73;1,99;2,3;27,4;27,5;25,5;
2;5;631;0;D;0;dorycnium;dorycnium;dorycnium;22;27,8;24,1;2,43;2,84;2,02;24,5;27,4;26,4;
2;5;632;1;A;1;anthyllis;anthyllis;anthyllis;27,8;22,2;10,5;2,06;2,67;2,29;31;21,6;12,4;
2;5;633;0;A;1;anthyllis;anthyllis;anthyllis;24,4;28,2;27,5;3,35;3,27;2,5;24,3;27,8;27,5;
2;5;634;0;A;0;anthyllis;anthyllis;anthyllis;15;24,7;14,8;1,85;3,17;2,5;16,8;23,8;26,5;
2;5;635;1;A;1;anthyllis;anthyllis;anthyllis;23;33,5;19,2;2,55;2,69;2,5;35,8;33;18,9;
2;5;636;0;D;1;dorycnium;dorycnium;dorycnium;27,5;25,5;22,1;2,55;2,11;2,64;26,7;23,9;26,9;
2;5;637;1;D;0;dorycnium;dorycnium;dorycnium;29,2;31,7;35,8;2,17;2,35;2,51;30,2;30;36,2;
2;5;638;1;P;1;pistachia;pistachia;pistachia;19,4;30,2;23,8;2,81;4,9;3,18;19,1;30,1;27,5;
2;6;482;1;D;1;dorycnium;dorycnium;dorycnium;31,3;14,7;32,8;2,97;1,63;2,7;31,5;17;33,4;
2;6;483;0;D;0;dorycnium;dorycnium;dorycnium;24,5;28,2;30,7;3;3,16;4,47;28;34,5;32;
2;6;484;1;M;1;pistachia;dorycnium;anthyllis;25;29,5;Dead;3,05;2,54;Dead;26,7;31,1;Dead;
2;6;485;1;A;0;anthyllis;anthyllis;anthyllis;26,5;22,2;10;3,28;2,56;2,24;34;22,4;17;
2;6;486;0;M;0;dorycnium;anthyllis;pistachia;31,4;20,3;28,5;2,35;2,32;5,14;34,8;24,7;29,8;
2;6;488;1;A;1;anthyllis;anthyllis;anthyllis;19,5;23,2;16,8;2,91;2,68;2,52;19,4;23,9;19;
2;6;489;0;A;1;anthyllis;anthyllis;anthyllis;18,6;27,5;24,1;3,19;2,72;3,47;18,2;28,7;23;
2;6;490;0;D;1;dorycnium;dorycnium;dorycnium;25,9;30,4;29,3;2,2;2,73;2,64;28,9;34,2;29,7;
2;6;491;1;D;0;dorycnium;dorycnium;dorycnium;25,4;22,7;25;2,45;1,93;2,18;26;23,5;24,7;
2;6;494;0;A;1;anthyllis;anthyllis;anthyllis;18,2;20,5;21,6;2;2,33;4,21;18;20,5;21,5;
2;6;495;1;A;0;anthyllis;anthyllis;anthyllis;25,9;19,8;24,3;2,79;2,77;2,58;26;21,5;31;
2;6;502;1;P;0;pistachia;pistachia;pistachia;16,1;25,2;22;2,74;3,88;2,9;19,4;28,3;23;
2;6;503;0;P;0;pistachia;pistachia;pistachia;33,2;24,6;13,5;4,33;4,91;2,95;36,9;30;14,2;
2;6;504;1;P;1;pistachia;pistachia;pistachia;19,7;30,4;21,7;3,99;4,74;3,64;;28,6;22,5;
2;6;505;0;P;1;pistachia;pistachia;pistachia;23,7;28,6;26;3,37;3,47;4,94;23,9;30;28,7;
2;6;506;1;D;1;dorycnium;dorycnium;dorycnium;28,5;31,1;26,8;2,55;2,99;4,13;28,5;31,5;32,5;
2;6;507;1;D;1;dorycnium;dorycnium;dorycnium;32;23,5;28,4;3,17;2,58;3,49;31,6;25,4;30,5;
2;6;508;0;D;1;dorycnium;dorycnium;dorycnium;17,2;24,5;21,8;2,76;2,97;3,3;26,2;21,1;24,3;
2;6;509;0;M;1;anthyllis;pistachia;dorycnium;31,5;25,8;27;2,66;3,49;2,74;31,8;27,2;27,7;
2;6;510;1;M;0;anthyllis;pistachia;dorycnium;15,7;22,7;27,7;1,41;3,96;2,65;16,8;25,8;30,5;
2;6;511;0;M;0;dorycnium;anthyllis;pistachia;31,7;30,5;20,1;2,92;3,28;3,68;33,3;30,5;23;
2;6;512;1;M;0;anthyllis;dorycnium;pistachia;22,3;24,5;22,8;2,47;3,37;3,13;20,7;26,1;29,2;
2;6;514;1;D;1;dorycnium;dorycnium;dorycnium;24,8;25;26,2;1,99;2,16;1,93;25,8;37,3;30,8;
2;6;515;0;D;1;dorycnium;dorycnium;dorycnium;29,1;29,7;37,4;3,43;3,64;3,9;32,1;28,2;38;
2;6;516;1;P;1;pistachia;pistachia;pistachia;22,2;25,5;25,4;3,11;4,89;4,02;23,5;26,2;29,9;
2;6;518;0;A;0;anthyllis;anthyllis;anthyllis;31,6;31,4;16,5;3,02;2,83;1,98;31;33;16,4;
2;6;519;1;M;0;anthyllis;dorycnium;pistachia;30,6;31,6;22,5;3,11;3,23;2,9;34,4;30,8;22,9;
2;6;520;0;D;1;dorycnium;dorycnium;dorycnium;27,9;29,9;29,6;3,13;2,86;2,69;27;29,1;29,5;
2;6;521;1;P;1;pistachia;pistachia;pistachia;21,2;24,9;18,8;3,4;4,84;3,64;22,9;25,1;17,8;
2;6;522;0;P;0;pistachia;pistachia;pistachia;24,6;16,7;31,2;4,73;3,93;4,4;27,7;16,2;32,3;
2;6;523;1;P;0;pistachia;pistachia;pistachia;23,5;27,7;26,8;4,18;4,84;3,76;27,9;28,9;28,1;
2;6;524;0;P;1;pistachia;pistachia;pistachia;19,8;28,9;21,5;4,17;4,05;3,38;20,6;30,8;20,5;
2;6;525;0;P;1;pistachia;pistachia;pistachia;20,8;27,8;25,6;3,14;4,06;4,47;23,5;28,4;27,7;
2;6;528;1;P;1;pistachia;pistachia;pistachia;18,2;27,3;23,5;2,77;3,94;4,09;19,5;28,5;23,4;
2;6;535;0;P;1;pistachia;pistachia;pistachia;28,4;19,5;21,3;4,53;4,07;3,99;33;24;24,5;
2;6;536;1;P;0;pistachia;pistachia;pistachia;22,6;27,8;21,5;3,81;3,38;3,9;25,9;27,5;24,4;
2;6;537;1;A;0;anthyllis;anthyllis;anthyllis;37,4;20,2;18,8;3,24;3,06;2,15;37,7;20,5;18,9;
2;6;538;0;A;1;anthyllis;anthyllis;anthyllis;17,8;16,1;14,7;3,47;2,89;2,4;19,2;16,7;15,3;
2;6;539;1;A;0;anthyllis;anthyllis;anthyllis;35,4;20,2;16,7;3,31;2,08;1,9;35;20,9;16,3;
2;6;540;0;A;0;anthyllis;anthyllis;anthyllis;18,8;21,6;16,1;2,81;2,38;4,26;19,2;21;16,5;
2;6;541;1;D;1;dorycnium;dorycnium;dorycnium;30,5;27,6;29,4;2,64;2,28;3,01;34,3;29,4;30,6;
2;6;542;0;M;1;anthyllis;pistachia;dorycnium;14,2;12;27,5;2,74;2,2;2,9;17,9;15;32,4;
2;6;543;0;D;1;dorycnium;dorycnium;dorycnium;30,2;26,3;27,6;4,12;3,53;1,82;30,8;29,6;28;
2;6;544;1;D;1;dorycnium;dorycnium;dorycnium;26;25,4;24,6;1,7;2,21;4;27;27,5;24,2;
2;6;549;1;D;1;dorycnium;dorycnium;dorycnium;28,7;11,8;26,5;3,47;2,35;2,56;28,5;11,7;26,4;
2;6;550;0;D;1;dorycnium;dorycnium;dorycnium;28;25,9;23,9;1,85;2,75;1,56;28,1;28,9;20,6;
2;6;551;0;M;0;pistachia;dorycnium;anthyllis;25,4;27,8;22,2;2,99;2,71;3,24;30,1;29,6;21,2;
2;6;552;1;M;1;anthyllis;dorycnium;pistachia;19,8;22,2;12,6;1,92;2,51;2,12;20,6;21,5;17,5;
2;6;555;1;A;1;anthyllis;anthyllis;anthyllis;27,1;22,2;18,9;2,89;2,77;2,69;31,6;41,8;19;
2;6;556;0;A;0;anthyllis;anthyllis;anthyllis;12,5;22;13,3;2,4;2,98;1,92;13,9;12,7;16,5;
2;6;557;1;M;1;pistachia;anthyllis;dorycnium;20,2;13,6;32,5;2,86;2,58;3,48;21,5;23;31,9;
2;6;558;0;M;0;anthyllis;pistachia;dorycnium;12,6;22,8;28,7;1,91;3,19;2,44;11,1;22,2;29,8;
2;6;559;1;A;0;anthyllis;anthyllis;anthyllis;14,2;24,5;15,4;1,72;2,45;2,72;13,5;27,5;15,5;
2;6;560;0;A;0;anthyllis;anthyllis;anthyllis;21,7;19;18,5;1,9;2,22;2,41;22,9;19,2;19,2;
2;7;641;0;A;1;anthyllis;anthyllis;anthyllis;26,2;15,3;6,5;3,41;2,49;1,34;25,5;15,7;6,8;
2;7;642;1;A;0;anthyllis;anthyllis;anthyllis;31;20,3;15,8;2,48;2,21;2,83;32,5;20,5;15,7;
2;7;644;0;D;1;dorycnium;dorycnium;dorycnium;26,5;15,2;26;2,59;2,3;2,7;31,7;26;26,1;
2;7;646;1;D;1;dorycnium;dorycnium;dorycnium;27;26,5;29,9;2,83;2;2,42;29,1;30,7;30,6;
2;7;648;0;D;0;dorycnium;dorycnium;dorycnium;25,5;;26,9;2,66;1,68;2,24;29,6;;28,2;
2;7;649;1;D;1;dorycnium;dorycnium;dorycnium;29,9;31;27,5;3,09;3,16;3,59;29,2;33,1;26,4;
2;7;656;0;M;0;dorycnium;pistachia;anthyllis;30,6;22,3;17,3;3,63;4,46;1,79;31,7;23,5;17,1;
2;7;657;1;M;1;anthyllis;dorycnium;pistachia;18;20,6;21,3;2,1;2,96;3,13;18,4;28,4;26;
2;7;658;0;A;0;anthyllis;anthyllis;anthyllis;22,5;26;20,7;2,42;2,44;3,19;22,5;29,7;21,5;
2;7;659;1;A;1;anthyllis;anthyllis;anthyllis;20,4;15,7;24,7;2,25;2,88;3,07;21,2;16,6;24,9;
2;7;660;1;M;1;anthyllis;pistachia;dorycnium;22,7;24,6;32,5;2,49;5,18;2,87;23,9;27,9;33,3;
2;7;661;0;M;1;dorycnium;anthyllis;pistachia;27,9;19,1;29,5;2,48;2,02;5,32;33,2;19,5;30,4;
2;7;662;1;M;0;pistachia;dorycnium;anthyllis;16,2;33,5;22;4,41;3,09;2,71;16,7;34,1;22,6;
2;7;663;0;M;1;pistachia;anthyllis;dorycnium;20,5;21,2;14,5;2,79;2,33;2,05;22,7;35,7;29,9;
2;7;668;1;D;0;dorycnium;dorycnium;dorycnium;16,1;22,5;32,6;2,86;2,62;3,52;16,4;23,2;36,3;
2;7;669;0;D;0;dorycnium;dorycnium;dorycnium;25,6;27,9;13,6;2,41;2,32;1,81;26,2;28,1;13,5;
2;7;670;0;A;0;anthyllis;anthyllis;anthyllis;20,2;25,1;24,2;2,65;2,26;2,78;21,7;25,4;23;
2;7;671;1;A;0;anthyllis;anthyllis;anthyllis;15,4;10;26;2,15;2,42;2,57;19;17,5;26;
2;7;672;0;M;1;anthyllis;dorycnium;pistachia;33,5;32;19;3,22;2,63;3,49;37,2;32,1;20;
2;7;673;1;M;1;anthyllis;dorycnium;pistachia;25,2;27,1;19,1;2,45;3,19;3,98;25;25,7;21;
2;7;674;1;D;0;dorycnium;dorycnium;dorycnium;30,4;31,6;30,3;1,96;2,02;2,01;32,9;34,1;30,3;
2;7;675;0;D;0;dorycnium;dorycnium;dorycnium;25,2;27,1;23,8;2,71;2,42;2,49;25,2;27,7;24,2;
2;7;684;1;D;1;dorycnium;dorycnium;dorycnium;35,3;27,1;29;3,26;2,73;2,93;36;30,5;29,2;
2;7;685;0;D;0;dorycnium;dorycnium;dorycnium;24,5;30,4;32,1;2,26;2,45;3,47;39,3;31,1;34,4;
2;7;692;1;P;1;pistachia;pistachia;pistachia;20,5;24,5;21,9;3,2;3,51;5,85;20,2;25,8;21,8;
2;7;691;0;P;0;pistachia;pistachia;pistachia;24,7;27,4;24,1;4,8;3,39;3;31,8;26,2;34,7;
2;7;694;1;D;0;dorycnium;dorycnium;dorycnium;26,5;23,7;24,5;2,38;2,91;2,89;28,8;25,5;37;
2;7;698;0;D;0;dorycnium;dorycnium;dorycnium;29,6;27,9;28,4;3,4;2,41;3,96;32,8;31,2;28,1;
2;7;700;0;P;0;pistachia;pistachia;pistachia;21,4;27,2;21,5;4,21;3,98;4,56;22,4;27,3;29,2;
2;7;701;1;P;1;pistachia;pistachia;pistachia;26,4;24,3;14;5,01;3,74;4,11;27,5;32,5;17,8;
2;7;722;0;P;0;pistachia;pistachia;pistachia;25,4;;19,7;3,52;3,24;2,81;26,5;;21,9;
2;7;723;1;P;0;pistachia;pistachia;pistachia;18,8;16,5;23;2,37;3,49;3,12;20,5;17,6;26,6;
2;8;401;0;P;0;pistachia;pistachia;pistachia;23,3;22,9;22,6;4,32;3,13;3,06;26,8;24;22,9;
2;8;402;1;P;0;pistachia;pistachia;pistachia;23;19,5;23;3,39;3,75;4,26;26,2;20,5;26,5;
2;8;403;0;D;1;dorycnium;dorycnium;dorycnium;;31,7;20,5;2,01;2,54;3,38;;32,3;24,8;
2;8;405;1;D;1;dorycnium;dorycnium;dorycnium;26,4;27,5;39,8;3,23;3,05;3,79;37,8;36,5;42,3;
2;8;407;1;P;1;pistachia;pistachia;pistachia;23,5;24,6;;3,67;3,39;4,17;27,5;27,4;;
2;8;408;1;D;1;dorycnium;dorycnium;dorycnium;34,2;37;39;3,48;3,42;4,54;46,5;39,2;45,7;
2;8;409;1;D;1;dorycnium;dorycnium;dorycnium;42;31;30,8;3,41;3,23;2,94;30,4;37;43,2;
2;8;410;0;D;1;dorycnium;dorycnium;dorycnium;30;18;20,6;3,14;2,28;3,78;30,6;24,1;45,6;
2;8;412;0;D;1;dorycnium;dorycnium;dorycnium;27,2;31,7;33,2;2,5;3,56;3,84;26,8;33,8;32,5;
2;8;413;0;D;1;dorycnium;dorycnium;dorycnium;27,3;25;35,5;2,91;3,61;4,43;27,9;31;36,7;
2;8;414;1;D;1;dorycnium;dorycnium;dorycnium;28,2;32,5;28,9;3,67;3,04;3;30,4;35,1;30,1;
2;8;415;0;M;1;dorycnium;pistachia;anthyllis;34,5;24;31,8;5,34;4,56;3,33;35,7;25,8;35,7;
2;8;416;1;M;1;dorycnium;anthyllis;pistachia;34,6;25,8;21,3;3,32;2,67;3,72;39,4;25,3;26;
2;8;417;0;M;1;dorycnium;anthyllis;pistachia;27,4;16;19,9;2,89;2,55;3,61;29,1;18;19,5;
2;8;418;1;M;1;pistachia;anthyllis;dorycnium;21,8;41,2;31,9;2,72;3,29;2,87;22,5;41,3;38,3;
2;8;419;0;P;1;pistachia;pistachia;pistachia;28,1;27;27,3;3,46;4,58;3,57;29,2;28,9;27,7;
2;8;420;1;A;0;anthyllis;anthyllis;anthyllis;24,2;28;Dead;2,22;3,59;2,22;24,9;36,8;Dead;
2;8;421;0;A;0;anthyllis;anthyllis;anthyllis;32,3;38,6;27,3;3,95;4,9;2,83;39;40,2;27,2;
2;8;424;0;A;1;anthyllis;anthyllis;anthyllis;34,5;23,9;21;4,32;3,56;2,27;38;23,3;22,4;
2;8;425;1;A;0;anthyllis;anthyllis;anthyllis;36,8;Dead;18,9;2,92;2,27;2,5;37,8;Dead;23;
2;8;427;0;A;0;anthyllis;anthyllis;anthyllis;32,8;11,5;18;3,55;2,45;3,08;33;31,4;35,1;
2;8;428;1;A;0;anthyllis;anthyllis;anthyllis;27,7;17,5;34,5;2,46;3,05;2,96;43,7;16,2;35,5;
2;8;429;0;M;0;anthyllis;dorycnium;pistachia;23,5;17,1;12,1;2,67;2,34;2,99;23,5;19;12,2;
2;8;430;1;M;0;dorycnium;pistachia;anthyllis;26,1;22;29,1;2,41;3,5;3,59;29,5;26,6;28,6;
2;8;431;0;A;0;anthyllis;anthyllis;anthyllis;23,5;16,8;29,7;3,49;3,91;3,11;27,2;23,5;31,6;
2;8;432;0;M;0;pistachia;dorycnium;anthyllis;20,3;27,9;17,3;4,32;2,55;1,73;22,5;29,6;18,5;
2;8;433;1;M;0;anthyllis;dorycnium;pistachia;20,8;29,5;17,7;2,62;2,67;2,87;21,2;29,6;19,3;
2;8;435;0;D;1;dorycnium;dorycnium;dorycnium;25,9;27,2;21,8;2,43;3,34;2,7;29,5;29;29,4;
2;8;436;1;D;0;dorycnium;dorycnium;dorycnium;24,8;26,1;31,4;3,06;2,39;3,43;28,2;28,8;26,6;
2;8;437;0;P;0;pistachia;pistachia;pistachia;25,4;26,1;22;3,06;3,84;2,37;28,1;26,6;21,3;
2;8;438;1;P;1;pistachia;pistachia;pistachia;23,9;25,6;26,1;3,67;3,91;3,39;26,1;27,5;27,6;
2;8;443;0;M;1;pistachia;anthyllis;dorycnium;21,5;27,9;33,5;2,91;3,63;2,93;20,4;28,4;33,6;
2;8;444;0;P;0;pistachia;pistachia;pistachia;27,6;14,1;14,3;4,39;2,87;2,41;30,6;15,4;15,6;
2;8;445;1;P;1;pistachia;pistachia;pistachia;21,2;25;21;3,54;5,24;5,66;23,2;25,5;25,2;
2;8;446;1;M;0;dorycnium;anthyllis;pistachia;30,7;37;17;3,1;2,61;2,26;31,5;37,6;18,2;
2;8;449;0;D;1;dorycnium;dorycnium;dorycnium;25,2;27,9;26,6;3,03;3,11;3,17;26,7;28,4;27,8;
2;8;450;1;D;0;dorycnium;dorycnium;dorycnium;32,5;27,4;19,7;2,78;2,74;2;36;23;31,9;
2;8;451;0;A;0;anthyllis;anthyllis;anthyllis;19,6;18,1;19,9;2,46;2,25;2,29;24,2;19;41,5;
2;8;452;1;A;1;anthyllis;anthyllis;anthyllis;31;27;21,2;3,57;3,04;2,94;31,2;31,4;21,5;
2;8;453;0;D;1;dorycnium;dorycnium;dorycnium;20,6;30,3;25;2,84;3,1;2,58;30,6;30;26,4;
2;8;454;1;D;0;dorycnium;dorycnium;dorycnium;24,3;23,9;24,8;2,03;2,19;2,94;25,5;25,6;24,9;
2;8;458;1;P;1;pistachia;pistachia;pistachia;19,2;20,1;10,6;2,88;3,83;3,18;21,2;20,6;11,5;
2;8;459;1;P;0;pistachia;pistachia;pistachia;25;19,2;14,4;3,17;2,72;3,81;27,7;21,6;20,2;
2;8;460;0;P;1;pistachia;pistachia;pistachia;22;23,4;19,4;2,57;3,06;2,49;22,4;25,3;19,8;
2;8;461;1;A;1;anthyllis;anthyllis;anthyllis;27,7;28,2;26;2,87;3,65;2,63;26,9;26,3;33,1;
2;8;462;0;A;1;anthyllis;anthyllis;anthyllis;18;17,5;21,5;2,41;2,61;4,2;19,7;38,2;44,7;
2;8;463;0;P;1;pistachia;pistachia;pistachia;22;21;24;3,86;3,72;3,72;25;23,2;26,3;
2;8;464;1;P;0;pistachia;pistachia;pistachia;23;20,8;23,3;2,94;2,8;4,4;21;23,8;26;
2;8;466;1;M;0;dorycnium;anthyllis;pistachia;31;13,4;14,5;3,17;1,88;2,36;33;21,5;17;
2;8;467;1;M;0;dorycnium;anthyllis;pistachia;30,6;35;19,6;3,94;3,15;2,64;32,1;34,3;19,9;
2;8;468;0;M;1;anthyllis;pistachia;dorycnium;27,2;15,3;26,8;3,49;2,46;3,53;28,2;15,5;27,4;
2;8;470;0;A;1;anthyllis;anthyllis;anthyllis;37,2;22,2;11,6;4,22;4,26;2,26;41,5;45;24,2;
2;8;471;1;A;1;anthyllis;anthyllis;anthyllis;31;17,7;24;3,26;2,36;2,27;31;17,2;24,1;
2;8;472;1;P;1;pistachia;pistachia;pistachia;23,8;21;17,5;3,63;2,64;2,64;23,6;22;20,1;
2;8;473;0;D;0;dorycnium;dorycnium;dorycnium;28;28;28,8;3,35;2,98;2,64;28,5;30,7;37,8;
2;8;474;1;D;0;dorycnium;dorycnium;dorycnium;24,5;28,8;26,5;4,55;3,54;2,2;24,6;27,3;26,1;
2;8;477;1;M;0;dorycnium;pistachia;anthyllis;27,7;24,1;24,8;2,4;3,03;2,13;27,6;26,6;20,6;
2;8;478;0;M;0;dorycnium;pistachia;anthyllis;24,1;21,4;28,7;1,92;2,78;1,96;25,7;24,5;28,3;
2;8;479;0;A;1;anthyllis;anthyllis;anthyllis;19;20,2;23;3,62;3,1;2,56;21,4;20,5;22,6;
2;8;480;1;A;0;anthyllis;anthyllis;anthyllis;38,9;30;27,9;2,57;2,83;3,45;40,1;32,9;33,2;
3;9;881;0;A;1;anthyllis;anthyllis;anthyllis;17,5;19,3;22,3;1,96;3,02;3,19;18,1;19,4;24,6;
3;9;882;1;A;0;anthyllis;anthyllis;anthyllis;28,6;11,7;38,1;2,88;1,64;2,51;28,6;13,4;39,5;
3;9;887;0;M;1;pistachia;anthyllis;dorycnium;25,1;18,8;24,2;3,99;2,73;2,69;26,4;23,5;25,2;
3;9;888;1;M;1;dorycnium;pistachia;anthyllis;33,6;27,6;47,2;3;3,74;3,16;35,2;30,6;47,8;
3;9;889;1;P;0;pistachia;pistachia;pistachia;23,7;28,4;20;2,72;2,6;2,52;27,4;29,3;21,9;
3;9;890;0;P;1;pistachia;pistachia;pistachia;19,1;25,7;22,5;4,26;2,76;2,95;22,4;27,1;22,8;
3;9;891;0;M;0;anthyllis;pistachia;dorycnium;28,8;25,9;27,6;2,52;4,01;2,02;28,9;27,6;28,8;
3;9;892;1;M;1;dorycnium;pistachia;anthyllis;30,6;20,1;20,4;4,15;3,89;2,25;32,2;24,9;21,3;
3;9;897;1;P;0;pistachia;pistachia;pistachia;12,8;17,3;17,6;2,81;2,7;2,84;16,1;17,9;18,8;
3;9;898;0;P;1;pistachia;pistachia;pistachia;15,2;21,3;19,6;2,34;3,72;3,7;15,4;23;22,8;
3;9;899;0;P;1;pistachia;pistachia;pistachia;20;17,1;22;3,16;2,99;3,63;22;20,1;26,4;
3;9;900;1;P;1;pistachia;pistachia;pistachia;19,4;20,5;13,2;2,77;2,87;2,46;21,6;20,5;14,1;
3;9;1329;1;M;1;anthyllis;dorycnium;pistachia;35,5;23;24,5;2,79;1,76;4,4;37,3;23,4;27,2;
3;9;901;0;M;0;dorycnium;anthyllis;pistachia;22,3;17,2;19;2,1;1,93;2,72;22,9;16,9;22;
3;9;905;0;D;0;dorycnium;dorycnium;dorycnium;28,4;15;35;3,16;3,6;3,94;37,1;41,6;40,5;
3;9;906;1;D;1;dorycnium;dorycnium;dorycnium;37,1;23;25,5;2,51;2,09;2,18;38,3;27;26,1;
3;9;907;0;A;0;anthyllis;anthyllis;anthyllis;26,3;19,4;31,2;2,81;2,22;4,33;33,1;28,1;32,1;
3;9;908;1;A;1;anthyllis;anthyllis;anthyllis;36,7;21,4;15,1;2,81;2,06;2,46;41,5;20,5;18,8;
3;9;912;1;M;0;dorycnium;pistachia;anthyllis;23,2;16,1;17,1;2,38;3,02;2,03;24,6;16,8;17,1;
3;9;913;0;M;0;dorycnium;pistachia;anthyllis;16,9;16,1;18,7;2,42;2,51;2,46;18,8;15,1;18,5;
3;9;914;1;D;0;dorycnium;dorycnium;dorycnium;31,1;24,5;27,9;2,34;3,18;3,02;33;34,2;35,5;
3;9;915;0;D;0;dorycnium;dorycnium;dorycnium;29;29,2;37,5;2,27;2,17;2,97;29,7;28,4;38,6;
3;9;916;1;D;1;dorycnium;dorycnium;dorycnium;14,1;Dead;13,2;2,41;Dead;2,82;37,9;Dead;39,7;
3;9;917;0;D;0;dorycnium;dorycnium;dorycnium;29,2;36,1;34,4;2,9;2,75;2,76;34,1;42,7;36;
3;9;918;0;A;1;anthyllis;anthyllis;anthyllis;15;18,4;22,1;3,35;2,84;2,55;15,6;18;23;
3;9;919;1;A;0;anthyllis;anthyllis;anthyllis;19;18,5;22;2,42;2,33;2,23;20,6;18,6;22,8;
3;9;920;0;D;1;dorycnium;dorycnium;dorycnium;31,7;35;24,2;2,97;1,93;2,61;30,4;37,7;25,2;
3;9;921;1;D;0;dorycnium;dorycnium;dorycnium;34,3;33,4;31;1,84;2,46;1,54;40,3;37,6;32,4;
3;9;922;1;A;0;anthyllis;anthyllis;anthyllis;18,5;19;14,2;2,55;2,14;2,41;18,3;22,3;16,6;
3;9;923;0;A;1;anthyllis;anthyllis;anthyllis;16,7;26,8;22,3;3,97;2,72;5,54;17,2;29,6;23,5;
3;9;924;0;P;0;pistachia;pistachia;pistachia;20,9;13,5;22,5;3,96;1,96;3,52;23,9;14,9;23,1;
3;9;925;1;P;0;pistachia;pistachia;pistachia;9,4;22,7;19,3;2,18;2,9;2,67;11,6;26;24,8;
3;9;926;0;D;0;dorycnium;dorycnium;dorycnium;32,4;26,5;32,9;2,7;2,63;2,8;32,9;26,7;35,6;
3;9;927;1;D;0;dorycnium;dorycnium;dorycnium;30,8;26;30,5;2,36;2,45;2,16;31,5;36,2;37,2;
3;9;928;0;P;1;pistachia;pistachia;pistachia;22,5;23,7;18,4;3,42;2,21;2,93;22,8;24,5;18;
3;9;929;1;P;1;pistachia;pistachia;pistachia;19;17,9;24,8;3,12;3,59;3,7;21,8;19,6;26,5;
3;9;930;1;P;0;pistachia;pistachia;pistachia;23,3;10,7;15;3,63;3,75;2,96;27,6;13,5;17,8;
3;9;931;0;P;1;pistachia;pistachia;pistachia;26,1;14,7;32,1;4,08;3,8;4,7;29,1;16,4;32,2;
3;9;932;1;D;0;dorycnium;dorycnium;dorycnium;32,1;28,7;27,7;1,67;1,97;2,92;35,2;35,9;39,8;
3;9;933;0;D;0;dorycnium;dorycnium;dorycnium;35,2;30,5;34,3;4,12;2,83;2,2;37,9;32,9;34,7;
3;9;934;0;D;1;dorycnium;dorycnium;dorycnium;24,9;22,5;26;5,07;1,56;2,04;38,5;39,8;35,4;
3;9;935;1;D;0;dorycnium;dorycnium;dorycnium;27;37;36,4;2,65;2,49;2,65;28;37,9;37;
3;9;936;0;P;0;pistachia;pistachia;pistachia;20,5;21,7;24,6;4,07;3,79;4,94;28;22;27,4;
3;9;937;1;P;0;pistachia;pistachia;pistachia;27;28,1;23,2;4,95;3,42;3,96;28,1;28,7;24,5;
3;9;938;0;M;0;dorycnium;pistachia;anthyllis;31;26,7;10,5;3,47;4,68;2,29;32,1;26;19,5;
3;9;939;1;M;0;pistachia;dorycnium;anthyllis;19,2;35;31;2,88;3,87;3,06;19,2;37,2;33,3;
3;9;941;0;A;1;anthyllis;anthyllis;anthyllis;27;15,2;25,4;2,38;2,55;2,37;27,2;15,2;25,6;
3;9;942;1;A;0;anthyllis;anthyllis;anthyllis;10,7;18;23,4;1,55;2,52;1,96;10,9;18;23;
3;9;943;0;P;0;pistachia;pistachia;pistachia;14,9;28,9;15,8;2,92;5,26;3,04;18;30,5;17,6;
3;9;944;1;P;0;pistachia;pistachia;pistachia;12,2;11,3;9,6;3,73;4,12;2,75;12,8;13;9,7;
3;9;947;1;D;1;dorycnium;dorycnium;dorycnium;32;27,6;28,4;2,49;2,67;3,31;33,1;26;36,2;
3;9;948;0;D;1;dorycnium;dorycnium;dorycnium;35,6;38,3;34,1;2,43;2,98;2,72;30,7;42,1;38,5;
3;9;952;0;A;1;anthyllis;anthyllis;anthyllis;11;13,6;23,2;2,67;1,81;2,46;20,5;14,6;25,5;
3;9;956;1;M;1;anthyllis;pistachia;dorycnium;21;19,7;34,1;2,78;3,84;2,36;21,1;22,1;33,2;
3;9;957;0;M;0;dorycnium;pistachia;anthyllis;26,9;20,5;31,8;2,09;2,93;3,2;28,5;23,7;31,1;
3;9;958;0;M;1;pistachia;dorycnium;anthyllis;25,6;26,6;20,2;2,82;2,25;3,15;25,1;27,5;18,9;
3;9;959;1;M;1;dorycnium;anthyllis;pistachia;31,9;34,9;13,4;2,85;4,31;2,72;32,6;35,4;22,3;
3;10;1103;0;A;0;anthyllis;anthyllis;anthyllis;28,2;11,1;12,4;3,12;2,24;1,67;28,2;12,9;13,2;
3;10;1010;1;A;0;anthyllis;anthyllis;anthyllis;;;;;;;;;;
3;10;1114;1;A;1;anthyllis;anthyllis;anthyllis;32,2;29,8;Dead;3,39;3,03;Dead;32;31,9;Dead;
3;10;1013;0;A;0;anthyllis;anthyllis;anthyllis;26,3;21,5;30,8;4,1;2,67;2,29;28,2;23;31,6;
3;10;1117;1;D;0;dorycnium;dorycnium;dorycnium;32,3;35,6;25,6;2,46;3,06;2,88;32;35,9;30,8;
3;10;1118;0;D;0;dorycnium;dorycnium;dorycnium;22;28,2;26;2,75;3,26;2,6;23,2;31;26,6;
3;10;1120;0;P;0;pistachia;pistachia;pistachia;25;14,8;17,5;3,86;2,03;3,9;28,1;16;18,8;
3;10;1121;1;P;1;pistachia;pistachia;pistachia;23;26,4;18,3;3,49;3,74;3;28;30,1;24,5;
3;10;1131;0;P;1;pistachia;pistachia;pistachia;11,2;24,5;21,6;2,91;3,99;3,43;12,6;27,1;24,1;
3;10;1077;1;P;1;pistachia;pistachia;pistachia;9,3;20,3;24,2;2,29;2,64;4,45;12,1;23,5;25,2;
3;10;1134;0;P;0;pistachia;pistachia;pistachia;31,2;18,8;29,6;3,62;3,36;3,67;34,3;21,1;34,7;
3;10;1135;1;P;0;pistachia;pistachia;pistachia;29,8;28,4;26,8;2,81;3,65;5,13;29,7;29,1;30,3;
3;10;1137;0;M;1;pistachia;anthyllis;dorycnium;29,9;21,6;25,6;4,51;3,32;3,26;32,4;24,8;27,1;
3;10;1138;1;M;0;pistachia;dorycnium;anthyllis;23,8;36;18,8;3,78;2,17;2,36;27,1;35,6;20,1;
3;10;1139;0;M;1;pistachia;anthyllis;dorycnium;30,8;26;29;4,25;2,09;2,46;30,9;24,5;29,2;
3;10;1124;1;M;1;dorycnium;pistachia;anthyllis;39,8;24,4;17,7;2,96;3,4;1,94;42,8;26,4;21,4;
3;10;1143;0;P;1;pistachia;pistachia;pistachia;17,5;29,4;23,4;3,17;3,45;3,27;20,6;32,2;27,2;
3;10;1144;1;P;0;pistachia;pistachia;pistachia;19,6;18,7;19,7;3,6;3,9;2,94;20,6;19,9;21,7;
3;10;1145;1;D;0;dorycnium;dorycnium;dorycnium;29,4;27,8;30,3;2,1;2,73;2,58;32,1;28,5;29;
3;10;1146;0;D;0;dorycnium;dorycnium;dorycnium;27,6;24,1;25,5;2;1,53;3,25;27;31,4;32,2;
3;10;1148;1;M;0;anthyllis;dorycnium;pistachia;29,5;31;18;2,03;2,6;2,64;32,6;34;19,7;
3;10;1149;0;M;1;pistachia;dorycnium;anthyllis;22,8;29;16,2;3,22;2,93;2,46;24,5;30,1;21,5;
3;10;1051;0;A;1;anthyllis;anthyllis;anthyllis;30,1;22,8;18;3;2,44;2,57;36;22,2;18,2;
3;10;1052;1;A;1;anthyllis;anthyllis;anthyllis;17,1;22,7;19,5;1,83;2,8;3,01;17,2;24,1;22,4;
3;10;1059;1;D;1;dorycnium;dorycnium;dorycnium;38;29,6;34,5;2,96;2,02;3,07;38,5;38,9;37,5;
3;10;1060;0;D;0;dorycnium;dorycnium;dorycnium;37,5;29,6;31,6;3,16;2,55;2,73;39,5;32,6;33,4;
3;10;1064;1;M;1;pistachia;anthyllis;dorycnium;22,4;22,1;27,9;3,34;2,26;2,19;26,4;24,2;29,1;
3;10;1065;0;M;0;anthyllis;pistachia;dorycnium;20,2;18,3;23,4;1,91;2,21;2,36;20,3;20,2;26,5;
3;10;1067;0;D;0;dorycnium;dorycnium;dorycnium;28,4;16,2;25,2;2,19;2,12;2,05;31,5;27,5;26,1;
3;10;1068;1;D;0;dorycnium;dorycnium;dorycnium;21,1;26,6;21,1;1,64;2,71;1,68;23,6;29,8;21,3;
3;10;1071;1;P;1;pistachia;pistachia;pistachia;25,3;24,4;Dead;4,06;4,36;Dead;28,9;32,4;Dead;cass√©e
3;10;1072;0;P;1;pistachia;pistachia;pistachia;30,1;23;24,7;4,55;3,27;3,48;34,4;25,6;27,9;
3;11;1022;0;M;0;dorycnium;anthyllis;pistachia;28,5;29;34;2,32;2,35;4,8;27,6;40,5;36,5;
3;11;1023;1;M;0;anthyllis;pistachia;dorycnium;25,5;27,6;27;2,86;3,76;1,97;30,3;30,1;29,6;
3;11;1026;0;P;0;pistachia;pistachia;pistachia;34,2;29,3;33;3,2;5,17;4,62;35,6;28,7;34,5;
3;11;1027;1;P;0;pistachia;pistachia;pistachia;34;25,3;25;3,94;3,48;3,44;35,5;25;25,4;
3;11;1029;1;D;1;dorycnium;dorycnium;dorycnium;35;34,3;47,2;4,04;2,16;4,33;37,2;35,6;49,5;
3;11;1030;0;D;0;dorycnium;dorycnium;dorycnium;34,5;28,8;31,4;3,21;2,3;3,31;35,2;29,2;35,8;
3;11;1031;0;P;0;pistachia;pistachia;pistachia;12,3;17,7;15,3;3,01;3,35;3,22;13,3;19,8;15,4;
3;11;1032;1;P;0;pistachia;pistachia;pistachia;22,4;18,7;27,9;4,13;2,93;4,34;23,6;18,2;28,8;
3;11;1033;0;D;1;dorycnium;dorycnium;dorycnium;28,9;21,5;31,6;2,96;2,87;3,31;31,4;35,5;32,7;
3;11;1034;1;D;0;dorycnium;dorycnium;dorycnium;29,4;36,2;38,6;2,06;2,38;2,38;30,4;36,4;40,8;
3;11;1035;0;D;0;dorycnium;dorycnium;dorycnium;35,4;40,1;21,3;2,8;2,87;2,38;36,7;42,4;28;
3;11;1037;0;P;0;pistachia;pistachia;pistachia;39,3;29,6;35,4;4,22;3,6;3,45;41;32,9;43,6;
3;11;1038;1;D;1;dorycnium;dorycnium;dorycnium;33,8;21,6;37,2;2;2,09;1,86;35,4;23,8;39,6;
3;11;1039;1;P;1;pistachia;pistachia;pistachia;38,2;31,4;37,6;4,46;3,61;4,38;31,9;39,6;39,9;
3;11;1040;0;M;1;dorycnium;anthyllis;pistachia;31,5;14,9;17;2,06;1,76;3,09;32,4;15;20,4;
3;11;1041;0;P;0;pistachia;pistachia;pistachia;30,4;26,7;Dead;3,78;4,15;Dead;34,4;30,4;Dead;
3;11;1042;1;P;1;pistachia;pistachia;pistachia;21,2;28,9;17,6;4,01;6,19;4,1;28;30,8;22;
3;11;1043;0;M;1;pistachia;dorycnium;anthyllis;33,1;29,6;22,4;5,39;2,94;2,52;38,6;29,7;23;
3;11;1044;1;M;0;pistachia;anthyllis;dorycnium;31,9;14;32,4;4,22;3,15;2,98;36,1;29;32,5;
3;11;1045;1;D;0;dorycnium;dorycnium;dorycnium;30,2;26,6;21,9;3,74;3,23;2,23;32;24;25,5;
3;11;1046;0;D;0;dorycnium;dorycnium;dorycnium;29,8;16,2;27,2;3,04;3,2;2,83;31;16,3;27,8;
3;11;1047;0;P;0;pistachia;pistachia;pistachia;27;20,9;26,7;4,55;3,43;4,31;34,9;22,3;33;
3;11;1048;1;P;0;pistachia;pistachia;pistachia;27,5;24,9;23;3,57;4,48;4,77;29,5;26,8;25,7;
3;11;1049;0;A;0;anthyllis;anthyllis;anthyllis;18,5;17,6;26,3;2,56;3,17;2,95;25,3;18;25,6;
3;11;1050;0;A;0;anthyllis;anthyllis;anthyllis;23,2;30,9;24,6;2,96;2,51;2,55;27,4;36,4;25;
3;11;1151;1;A;1;anthyllis;anthyllis;anthyllis;26,8;28,6;30,5;2,62;2,61;2,48;25,6;29,1;29,9;
3;11;1152;1;M;0;dorycnium;pistachia;anthyllis;24,1;18,3;22,4;3,01;3,21;1,98;29,2;21,4;22;
3;11;1153;0;M;0;anthyllis;pistachia;dorycnium;36,7;19;13,5;4,18;2,7;2,21;36,1;21;36;
3;11;1154;1;M;0;anthyllis;dorycnium;pistachia;23,2;31,5;42,2;2,57;2,71;3,07;24,5;38;46,4;
3;11;1155;0;M;0;anthyllis;pistachia;dorycnium;22,4;22,6;33,9;2,79;3,48;2,9;22,3;26,2;38;
3;11;1080;1;M;0;dorycnium;pistachia;anthyllis;27,2;40,4;14,6;2,29;3,39;2,42;30;39,1;23,5;
3;11;1156;0;A;1;anthyllis;anthyllis;anthyllis;36,3;24,3;37;3,05;2,9;3,77;38,4;25,5;36,6;
3;11;1081;1;A;1;anthyllis;anthyllis;anthyllis;15;25,5;18,4;2,77;2,57;3,13;26,4;27,5;24,2;
3;11;1084;0;A;0;anthyllis;anthyllis;anthyllis;20;19,5;24;2,84;2,81;3,88;21;19,9;29,1;
3;11;1088;1;D;1;dorycnium;dorycnium;dorycnium;32;29,9;30,5;2,34;4,06;3,07;32,2;32;32;
3;11;1089;0;D;0;dorycnium;dorycnium;dorycnium;28;23;32,5;2,73;2,18;3,13;28;31,4;35,2;
3;11;1092;1;D;0;dorycnium;dorycnium;dorycnium;19,6;30,8;29,7;1,95;2,57;2,37;35,6;30,9;31,3;
3;11;1093;0;D;0;dorycnium;dorycnium;dorycnium;36,7;29;37,5;2,75;1,69;3,47;39;35,2;38,8;
3;11;1094;0;P;1;pistachia;pistachia;pistachia;29,5;25,4;33,4;3,74;4,2;4,45;30,2;27,5;32,5;
3;11;1159;0;A;0;anthyllis;anthyllis;anthyllis;21,6;17,1;20,8;2,74;1,73;2,93;22,3;18,6;22,3;
3;11;1095;1;A;0;anthyllis;anthyllis;anthyllis;29,2;31,1;22,2;3,32;2,24;2,08;28,4;33,4;33,6;
3;11;1096;1;A;1;anthyllis;anthyllis;anthyllis;19,1;22,4;18,8;1,47;2,2;2,07;18,8;23,4;18,8;
3;11;1099;1;P;0;pistachia;pistachia;pistachia;33,8;15,7;20,5;3,7;2,93;2,85;35,9;18,2;21,3;
3;11;1100;0;P;0;pistachia;pistachia;pistachia;18,8;18,6;18,4;3,22;2,51;2,27;19,9;19,5;21,2;
3;11;1001;0;D;0;dorycnium;dorycnium;dorycnium;30,6;29,7;28,8;3,8;2,05;4,29;33,7;28,2;31,1;
3;11;1002;1;D;1;dorycnium;dorycnium;dorycnium;33,4;C;27,7;2,29;C;2,53;35;C;27,7;
3;11;1003;1;P;1;pistachia;pistachia;pistachia;29,5;26,7;27,5;4,06;4,53;3,03;29,9;29,8;24,4;
3;11;1004;0;P;0;pistachia;pistachia;pistachia;32,8;33,8;25,8;6,48;4,01;4,05;33,5;39,5;27,5;
3;11;1005;1;D;1;dorycnium;dorycnium;dorycnium;29,8;30,8;24,4;3,74;2,87;1,94;30;30,2;25,1;
3;11;1006;1;A;1;anthyllis;anthyllis;anthyllis;20,8;20,2;23,1;1,33;2,71;1,97;21,6;28,5;26,2;
3;11;1007;0;A;1;anthyllis;anthyllis;anthyllis;20,3;24,5;28,3;2;2,64;2,64;20,5;24,2;37,4;
3;11;1009;0;D;1;dorycnium;dorycnium;dorycnium;24,3;27,4;33,5;2,94;3,33;3,04;25,2;28,5;33,2;
3;11;1012;0;M;0;pistachia;anthyllis;dorycnium;39,4;26,4;31;5,59;2,64;2,57;40,5;27,5;31,7;
3;11;1013;1;M;0;pistachia;anthyllis;dorycnium;27,8;Dead;31,8;2,61;Dead;2,36;30,4;Dead;31,8;
3;11;1014;0;M;0;dorycnium;anthyllis;pistachia;30,1;27,6;19;2,62;2,18;2,9;32,2;33,3;21,8;
3;11;1015;1;M;0;dorycnium;pistachia;anthyllis;32,5;33,8;30;3,27;4,57;2,19;32,6;37,6;31,2;
3;11;1018;1;P;0;pistachia;pistachia;pistachia;27,5;19,6;21,4;3,82;3,78;3,08;30,4;23,9;21,7;
3;11;1019;1;D;0;dorycnium;dorycnium;dorycnium;29,4;35,6;28,1;2,07;2,85;2,41;32,3;36,4;29,6;
3;11;1021;0;D;1;dorycnium;dorycnium;dorycnium;35,2;32,9;27,9;3,41;3,06;2,88;37,2;32,4;30,6;
3;12;801;0;M;1;pistachia;anthyllis;dorycnium;24,5;25,6;22,4;3,95;2,61;2,1;27;26,8;24,7;
3;12;802;1;M;0;dorycnium;pistachia;anthyllis;18;26,1;43,2;3,98;4,17;3,01;21,8;26,2;43,2;
3;12;804;1;M;0;anthyllis;pistachia;dorycnium;39,5;2,4;18,3;2,82;3,93;1,73;43,4;23,3;22;
3;12;805;1;A;0;anthyllis;anthyllis;anthyllis;24,9;12,5;30,1;3,03;1,05;2,47;25,2;16,2;35,1;
3;12;806;1;M;0;dorycnium;pistachia;anthyllis;32,4;20,5;20;3,63;2,76;1,91;32,5;21,5;20,4;
3;12;809;0;M;0;anthyllis;pistachia;dorycnium;21,6;25,5;32,6;2,24;3,56;2,44;23;26,1;33,6;
3;12;810;1;D;0;dorycnium;dorycnium;dorycnium;24,9;26,1;25,2;2,54;2,35;1,53;28,1;25,5;24,7;
3;12;811;0;D;0;dorycnium;dorycnium;dorycnium;27,3;26,2;25,5;2,21;2,23;3,41;27,8;30,6;26;
3;12;814;0;P;0;pistachia;pistachia;pistachia;18,4;26;37,7;2,9;4,38;4,36;21;26,1;37,3;
3;12;815;1;P;1;pistachia;pistachia;pistachia;25,5;20,1;26,4;5,67;4,19;5,48;26,5;24;28;
3;12;816;0;D;1;dorycnium;dorycnium;dorycnium;32,5;33,5;32,2;3,16;2,67;2,56;33;36,2;32;
3;12;817;1;D;1;dorycnium;dorycnium;dorycnium;29,8;30,1;32,7;3,76;4;3,89;32;36,5;33,5;
3;12;818;0;M;1;anthyllis;dorycnium;pistachia;15,1;33,5;22,7;2,4;3,84;2,9;15,5;34,5;22,4;
3;12;821;1;D;0;dorycnium;dorycnium;dorycnium;29;28,2;30;3,2;3,29;2,74;32;28,5;30,5;
3;12;822;0;A;1;anthyllis;anthyllis;anthyllis;9,8;23,3;19;2,04;2,2;2,51;22,9;23,3;18,9;
3;12;823;0;D;0;dorycnium;dorycnium;dorycnium;28,4;27,9;29,8;4,68;4,37;3,73;27,8;28,2;34;
3;12;824;1;P;0;pistachia;pistachia;pistachia;21,4;21;19;3,53;3,26;2,76;25,5;24,8;20,2;
3;12;825;0;P;0;pistachia;pistachia;pistachia;18,6;16,2;13,2;2,92;2,42;2,41;21;19,9;15,5;
3;12;834;0;M;1;pistachia;anthyllis;dorycnium;14,1;18,5;23;3,23;1,62;2,91;14,4;19,8;25,1;
3;12;835;1;M;1;anthyllis;dorycnium;pistachia;22,6;36,3;18,1;2,01;2,46;2,69;23,4;37,9;19,1;
3;12;836;0;P;0;pistachia;pistachia;pistachia;22,9;Dead;13;3,77;Dead;1,76;26,6;Dead;13,6;
3;12;833;1;P;0;pistachia;pistachia;pistachia;C;20,8;16,5;C;2,85;2,37;C;22,5;19,6;
3;12;837;0;P;1;pistachia;pistachia;pistachia;22,6;19,9;19,6;2,78;2,8;3,11;23;20,6;22,7;
3;12;838;1;P;1;pistachia;pistachia;pistachia;20,5;21,4;24;4,25;4,32;3,52;23,6;22,6;25,4;
3;12;839;0;A;1;anthyllis;anthyllis;anthyllis;29,5;13,1;15,5;2,91;1,83;1,9;33;15,3;19,2;
3;12;842;1;P;1;pistachia;pistachia;pistachia;15,5;11,2;23,8;2,88;2,26;3,1;18,5;13,2;24,1;
3;12;843;0;P;0;pistachia;pistachia;pistachia;16,1;18,6;20;3,41;3,59;2,04;16,9;21,2;21;
3;12;844;1;A;1;anthyllis;anthyllis;anthyllis;20,5;17,2;15;2,58;2,41;2,96;19,5;17,5;15,7;
3;12;847;0;D;1;dorycnium;dorycnium;dorycnium;Dead;34;Dead;1,77;2,65;3,35;Dead;37,5;Dead;
3;12;848;1;D;0;dorycnium;dorycnium;dorycnium;33;22,5;29;3;2,49;2,76;31,5;21;32,5;
3;12;849;0;D;0;dorycnium;dorycnium;dorycnium;37;33,7;31;3;2,51;2,56;37;33;31,1;
3;12;850;1;D;1;dorycnium;dorycnium;dorycnium;31;38,5;32;3,26;3,33;2,89;34,7;44,1;36;
3;12;851;1;M;0;pistachia;dorycnium;anthyllis;14,6;31,2;13,5;2,11;3,62;1,99;15;36,2;13,6;
3;12;852;0;M;0;pistachia;anthyllis;dorycnium;15,1;27,2;34,1;2,53;2,1;3,2;16,1;28,6;35,8;
3;12;853;0;A;0;anthyllis;anthyllis;anthyllis;20,4;18,9;17,4;2,03;2,26;1,85;23;22,7;19,7;
3;12;856;0;D;0;dorycnium;dorycnium;dorycnium;36,4;35,7;35,3;3;3,2;2,71;37,8;35,2;37,6;
3;12;857;1;A;0;anthyllis;anthyllis;anthyllis;26,2;26,3;14,4;2,01;2,34;;37,5;27,9;13,4;
3;12;858;0;M;1;anthyllis;dorycnium;pistachia;21,2;33,9;28,8;3,34;3,87;3,62;20;37,5;30,2;
3;12;859;1;M;1;dorycnium;pistachia;anthyllis;31,4;22,2;30,9;2,91;3,38;2,08;32,5;28,6;39,5;
3;12;860;1;A;0;anthyllis;anthyllis;anthyllis;27,7;19,4;18,5;3;1,98;1,71;28,9;20,6;18,7;
3;12;861;0;D;1;dorycnium;dorycnium;dorycnium;14,6;31,2;15;2,43;2,09;1,6;20,3;32,5;16,5;
3;12;862;1;D;0;dorycnium;dorycnium;dorycnium;15,7;24,8;6,5;2,51;3,27;1,72;15,5;27,1;26,7;
3;12;864;0;D;0;dorycnium;dorycnium;dorycnium;30,5;24;32,3;3,22;2,07;3,17;32,3;24,2;32;
3;12;865;1;A;0;anthyllis;anthyllis;anthyllis;26,1;33,5;5,7;2,48;2,79;1,03;26,2;35,5;11,1;
3;12;866;1;D;0;dorycnium;dorycnium;dorycnium;33,9;39,5;35,6;2,68;2,56;3,02;41,1;43,1;35,9;
3;12;867;0;M;1;pistachia;anthyllis;dorycnium;27,4;26,6;28,5;4,39;2,36;3,24;3,31;29,1;29,3;
3;12;868;1;M;0;dorycnium;pistachia;anthyllis;37,5;21;25,9;2,81;2,95;3,22;40;22;34,3;
3;12;869;0;P;1;pistachia;pistachia;pistachia;12,1;19,3;22,7;2,24;2,27;4,12;13,4;21,4;27,6;
3;12;870;0;A;1;anthyllis;anthyllis;anthyllis;22,2;27;29,2;2,04;2,59;3,54;21,9;37,6;31,1;
3;12;874;1;P;1;pistachia;pistachia;pistachia;20,7;24,4;23,6;3,88;4,96;5,01;21,2;29,1;26,7;
3;12;875;0;P;0;pistachia;pistachia;pistachia;27;21,6;8,8;4,01;2,73;1,41;27,3;23,2;10,4;
3;12;876;1;P;0;pistachia;pistachia;pistachia;22,3;22,5;20,9;3,65;3,85;3,59;26,5;29;22,6;
3;12;877;0;P;1;pistachia;pistachia;pistachia;22,1;30,9;31;3,41;3,49;5,17;25,1;31,6;32,9;
4;13;360;1;A;1;anthyllis;anthyllis;anthyllis;34;C;11,8;2,59;C;2,32;35,5;C;20,4;
4;13;361;0;A;1;anthyllis;anthyllis;anthyllis;15;15,6;9,6;2,8;2,28;2,14;15,1;15,6;9,1;
4;13;362;0;A;0;anthyllis;anthyllis;anthyllis;29,1;41,5;31;2,72;3,24;3,22;29,5;41,5;31,6;
4;13;363;1;P;0;pistachia;pistachia;pistachia;21,6;31,7;32;3,03;4,68;4,59;19,7;35,7;35;
4;13;962;0;P;1;pistachia;pistachia;pistachia;19,4;18,5;19,5;2,52;4,96;3,76;19,9;21;24,5;
4;13;365;0;P;1;pistachia;pistachia;pistachia;32;27,6;30,9;3,12;3,6;3,55;34;29;32,6;
4;13;366;1;D;0;dorycnium;dorycnium;dorycnium;41,2;26,5;30,2;2,75;3,83;3,69;43,5;35,2;32,5;
4;13;367;0;D;1;dorycnium;dorycnium;dorycnium;28,2;22,5;31,6;3,48;3,38;3,11;30,2;25,5;35,9;
4;13;368;1;D;0;dorycnium;dorycnium;dorycnium;34,5;32,7;35,2;3,16;2,91;2,97;40,6;47,9;35,9;
4;13;369;1;A;0;anthyllis;anthyllis;anthyllis;43,5;28,3;20,8;4,08;3,54;4,02;46,3;31,1;44,6;
4;13;370;1;A;0;anthyllis;anthyllis;anthyllis;33,8;11,8;38,4;4,54;1,96;2,64;30,1;10,3;45,5;
4;13;371;0;A;1;anthyllis;anthyllis;anthyllis;35,1;27,7;28,7;3,64;3,22;3,9;37,1;25,6;28,3;
4;13;372;0;A;1;anthyllis;anthyllis;anthyllis;34,2;41,6;29,8;2,65;3,71;2,33;36;45,9;28,6;
4;13;373;1;M;1;anthyllis;pistachia;dorycnium;28,3;19,6;32;4,13;2,4;2,96;32,2;45;37,8;
4;13;374;1;P;1;pistachia;pistachia;pistachia;29,6;23,1;22,9;4,31;4,54;4,99;40,6;24,4;23,1;
4;13;375;1;M;0;anthyllis;dorycnium;pistachia;24;35,5;29,9;2,41;2,48;4,61;27,1;37,9;32,6;
4;13;376;0;M;1;anthyllis;pistachia;dorycnium;13,2;21,3;23,1;1,93;3,7;2,46;29;25;25,9;
4;13;378;0;M;0;pistachia;dorycnium;anthyllis;31,3;31,1;16,3;4,16;3,03;2,42;32;30,8;25;
4;13;383;0;P;1;pistachia;pistachia;pistachia;18,4;34,4;21;2,82;4,23;4,45;21,9;36,5;27,7;
4;13;386;1;M;1;dorycnium;anthyllis;pistachia;31,3;22;25;3,45;2,4;4,69;30,6;27,5;24,4;
4;13;384;1;P;1;pistachia;pistachia;pistachia;;;;;;;;;;
4;13;388;0;M;1;anthyllis;pistachia;dorycnium;34,5;25;28,9;3,62;4,93;2,79;42,2;32,2;30;
4;13;998;1;M;1;dorycnium;pistachia;anthyllis;35,9;29,5;28,4;3,55;4,81;3,24;37,1;30,1;45;
4;13;390;1;D;0;dorycnium;dorycnium;dorycnium;33,2;34;21,5;4,8;4,31;3,21;34,2;33,4;24;
4;13;391;0;D;1;dorycnium;dorycnium;dorycnium;27,2;29,1;26,3;2,52;2,9;2,62;26,1;28,6;27,8;
4;13;392;0;A;0;anthyllis;anthyllis;anthyllis;17;33,2;21,4;1,66;2,28;1,89;17,6;42,3;22,5;
4;13;393;1;A;1;anthyllis;anthyllis;anthyllis;15,2;16;11,8;1,21;2,22;1,31;14,3;18;17,7;
4;13;394;1;P;1;pistachia;pistachia;pistachia;24,1;24,6;23,3;3,62;3,2;3,22;30,5;25,8;24,6;
4;13;395;0;P;1;pistachia;pistachia;pistachia;25,2;23,4;25,6;3,71;2,77;4,77;25,6;25;25,7;
4;13;398;0;P;1;pistachia;pistachia;pistachia;23,5;29,9;23;4,86;3,82;4,27;27,1;32,2;33,6;
4;13;399;0;D;1;dorycnium;dorycnium;dorycnium;29,9;31,5;30,2;2,21;2,94;4,17;30,5;32,9;32,1;
4;13;400;1;D;1;dorycnium;dorycnium;dorycnium;33,4;18,9;22,4;3,03;2,35;2,57;34,1;37,9;22,2;
4;13;960;0;D;1;dorycnium;dorycnium;dorycnium;32,8;34,8;24,2;2,89;2,56;4,23;33,2;34,9;35,9;
4;13;961;1;P;1;pistachia;pistachia;pistachia;30;29;28,4;3,14;3,63;4,19;27,5;30;30,5;
4;13;963;1;M;0;dorycnium;pistachia;anthyllis;23;24,6;26,5;3,32;4,16;3,22;24,4;28,2;34,2;
4;13;967;0;P;0;pistachia;pistachia;pistachia;15,8;17,8;13,6;3,34;3,11;2,82;17,8;17,8;14,5;
4;13;968;1;P;0;pistachia;pistachia;pistachia;24,8;31,4;34,1;3,56;5,3;5,35;26,8;35,7;38,2;
4;13;969;0;M;0;pistachia;anthyllis;dorycnium;24,6;53,1;28,8;5,07;4,18;4,11;27,2;54,2;30,1;
4;13;970;0;P;1;pistachia;pistachia;pistachia;21,1;19,8;27;3,96;4,09;3,75;26,1;23,9;29,2;
4;13;971;1;M;0;anthyllis;pistachia;dorycnium;37,2;25,5;29,5;3,01;4,91;3,89;49;30,1;30;
4;13;972;0;M;1;anthyllis;pistachia;dorycnium;20,8;22,3;29,1;2,77;2,98;2,85;36,8;24,6;29,8;
4;13;975;1;A;1;anthyllis;anthyllis;anthyllis;20;27,8;23,5;2,76;2,26;2,49;28,2;34,2;39,1;
4;13;976;0;A;1;anthyllis;anthyllis;anthyllis;34,1;36,7;40,4;3,2;3,01;3,07;36,2;40,9;41,5;
4;13;977;0;D;1;dorycnium;dorycnium;dorycnium;31,2;22;21,6;4;4,14;2,63;35,6;28,9;22,1;
4;13;978;1;M;0;dorycnium;anthyllis;pistachia;34,2;31,4;20,1;2,81;2,45;2,68;36,6;53,1;21,9;
4;13;979;0;M;1;anthyllis;pistachia;dorycnium;36,3;25,6;33,4;4,29;4,64;3,16;39,8;27,5;37,2;
4;13;980;0;M;0;anthyllis;pistachia;dorycnium;18,2;13,4;19,7;2,52;2,12;1,4;17,3;14,3;21,1;
4;13;981;1;A;0;anthyllis;anthyllis;anthyllis;21,6;15,3;24,3;2,81;1,87;3,24;28,4;32,1;25,1;
4;13;982;0;A;1;anthyllis;anthyllis;anthyllis;27,5;27,5;39,1;3,18;2,81;4,85;26;34;47,7;
4;13;983;0;M;1;dorycnium;anthyllis;pistachia;27;33;20,9;2,2;3,04;2,96;28;34,4;23,5;
4;13;984;1;M;1;pistachia;dorycnium;anthyllis;23,5;25;26,5;3,99;3,36;2,33;29;32;32,4;
4;13;985;1;D;0;dorycnium;dorycnium;dorycnium;33,2;31,3;24,2;4,82;2,66;1,96;33,1;32;27,8;
4;13;986;1;A;1;anthyllis;anthyllis;anthyllis;28,5;22,9;31,7;4,04;2,65;3,44;39,1;25;29,5;
4;13;987;0;A;1;anthyllis;anthyllis;anthyllis;29,9;25,5;44,1;3,8;3,15;4,31;30,4;25;45;
4;13;988;0;A;0;anthyllis;anthyllis;anthyllis;21,8;38,5;24,6;3,5;3,85;3,68;20,2;43;35,8;
4;13;990;1;A;0;anthyllis;anthyllis;anthyllis;50,2;21,6;33,7;3,36;2,75;4,34;51,5;22,2;40,4;
4;13;991;1;D;1;dorycnium;dorycnium;dorycnium;35,9;37,7;24,2;3,99;1,96;2,46;43,7;39,1;25;
4;13;993;0;D;0;dorycnium;dorycnium;dorycnium;9,7;28,9;30,2;2,03;3,17;2,22;9,7;27,9;30,1;
4;13;994;1;D;1;dorycnium;dorycnium;dorycnium;26;31,1;24,7;3,14;2,78;3,14;25,9;31,6;25,1;
4;13;995;1;P;0;pistachia;pistachia;pistachia;26,6;27;28,6;3,65;4,41;4,09;31,9;30,9;31,2;
4;13;996;0;D;0;dorycnium;dorycnium;dorycnium;22,5;24,2;24,2;2,25;2,45;2,86;23,6;35,4;24,4;
4;13;997;1;D;0;dorycnium;dorycnium;dorycnium;22,5;18,2;27,6;1,84;2,01;2,71;21,7;18,7;28,2;
4;14;281;0;A;1;anthyllis;anthyllis;anthyllis;22,2;23,6;23,5;3,45;3,4;3,22;33,9;22,1;35,8;
4;14;282;1;A;0;anthyllis;anthyllis;anthyllis;42;18,8;33,2;3,24;2,55;2,4;48,3;21,8;34,5;
4;14;284;0;A;1;anthyllis;anthyllis;anthyllis;21,2;26,6;37;2,47;2,43;3,11;27;34,2;36,9;
4;14;285;1;A;1;anthyllis;anthyllis;anthyllis;22,2;25,2;13,3;3,06;2,58;2,33;22,4;26,9;27,8;
4;14;288;0;M;0;pistachia;anthyllis;dorycnium;27,1;25,7;24,1;4,52;4,74;2,56;28,4;25,1;30,6;
4;14;289;1;M;1;pistachia;anthyllis;dorycnium;26,1;22,5;26,2;4,51;3,3;3,34;27;22,7;28,5;
4;14;291;0;M;1;anthyllis;dorycnium;pistachia;19;29,1;23,6;2,66;3,37;5,45;21;31,8;27,2;
4;14;292;1;M;0;anthyllis;pistachia;dorycnium;28,8;27,4;27,8;2,98;3,78;2,07;29;28,7;26,6;
4;14;293;0;D;1;dorycnium;dorycnium;dorycnium;26,4;26,1;24,2;3,07;2,99;2,2;26,8;31,8;26,2;
4;14;294;1;D;0;dorycnium;dorycnium;dorycnium;35,5;34,6;30,1;4,6;4,07;3,8;34,2;34,5;30,6;
4;14;296;0;D;1;dorycnium;dorycnium;dorycnium;31;28,8;24,2;2,2;2,87;2,84;34,8;28,6;27,7;
4;14;297;1;D;1;dorycnium;dorycnium;dorycnium;30;27,8;27,4;2,85;3,57;2,54;30,2;32,3;29,2;
4;14;300;1;D;0;dorycnium;dorycnium;dorycnium;23;25,1;27;3,53;2,44;3,61;28,6;25,8;31;
4;14;301;0;D;0;dorycnium;dorycnium;dorycnium;28;14,1;21,2;3,56;2,46;3,33;36;28,9;29,1;
4;14;303;1;P;0;pistachia;pistachia;pistachia;22,3;29,7;28,5;3,63;3,86;4,55;27,6;29,9;33,5;
4;14;304;0;P;1;pistachia;pistachia;pistachia;26,8;18,2;14,6;5,43;4,06;4,22;29,9;20,7;19,5;
4;14;308;1;D;0;dorycnium;dorycnium;dorycnium;27,1;27,8;27,4;2,84;3,73;3,54;28,4;29,5;35,5;
4;14;309;0;D;0;dorycnium;dorycnium;dorycnium;27,8;24,2;21,3;3,75;2,76;3,54;28,4;25,2;23,9;
4;14;310;0;A;0;anthyllis;anthyllis;anthyllis;29,6;32,4;31,8;2,78;2,84;4,05;30,2;31,6;42,2;
4;14;311;0;A;0;anthyllis;anthyllis;anthyllis;24,9;34,5;31,7;3,12;2,58;4,96;39,8;38,2;37,7;
4;14;312;0;D;0;dorycnium;dorycnium;dorycnium;27,4;30,9;22,3;2,29;2,95;2,64;33,9;30,2;32,8;
4;14;313;0;P;0;pistachia;pistachia;pistachia;26,1;27,8;24,3;3,95;3,45;3,07;28,7;29,4;31,2;
4;14;314;1;D;0;dorycnium;dorycnium;dorycnium;35,3;38,2;31,8;3,43;3,12;4,07;35,9;39,6;33;
4;14;315;1;P;1;pistachia;pistachia;pistachia;19,5;21,9;20,1;4,22;3,99;3,5;22,9;26,4;22,5;
4;14;316;1;M;1;anthyllis;dorycnium;pistachia;29,6;24,5;27,2;3,44;2,61;4,04;43,2;24,3;30;
4;14;317;0;M;1;anthyllis;dorycnium;pistachia;21,1;29,4;28,4;2,39;4,58;4,28;21,3;31,6;31,1;
4;14;319;0;M;0;dorycnium;anthyllis;pistachia;27,2;26,5;19,4;2,56;2,05;2,84;39;29;23,3;
4;14;320;0;M;1;dorycnium;pistachia;anthyllis;26,6;15,1;30,4;2,19;3,32;3,1;27,1;18,6;35;
4;14;321;1;M;1;dorycnium;anthyllis;pistachia;37,2;28,5;28,6;2,49;2,32;3,49;37,4;37,1;28,9;
4;14;325;0;M;0;dorycnium;anthyllis;pistachia;24,5;26,8;21,2;2,14;2,36;3,22;28,6;27,2;22,6;
4;14;326;1;M;1;pistachia;anthyllis;dorycnium;25;23,7;22,5;3,41;2,43;2,69;26,2;37;24,3;
4;14;327;1;P;1;pistachia;pistachia;pistachia;14,2;8,4;19,4;3,28;2,82;2,83;15,5;10,5;21,4;
4;14;328;0;P;1;pistachia;pistachia;pistachia;28,6;18,4;27,2;4,91;2,72;4,51;31,6;18;28,5;
4;14;330;0;A;1;anthyllis;anthyllis;anthyllis;4,8;12,3;24,6;2,11;3,1;2,75;5,4;26,4;25,8;
4;14;331;1;A;1;anthyllis;anthyllis;anthyllis;15,7;22,1;23,6;1,78;2,43;2,4;21,7;23,4;24,7;
4;14;332;0;P;0;pistachia;pistachia;pistachia;31,4;28,2;24,2;4,47;4,21;4,92;34,6;31;31,4;
4;14;334;1;P;0;pistachia;pistachia;pistachia;29,7;13,1;24,1;3,69;2,12;4,81;32,4;24,4;13,9;
4;14;335;0;A;0;anthyllis;anthyllis;anthyllis;35,2;20,4;31,4;4,11;2,35;3,96;47;23,6;31,1;
4;14;336;1;A;1;anthyllis;anthyllis;anthyllis;22,3;27,2;30,5;2,38;1,74;1,9;22,5;27,5;30,1;
4;14;337;0;A;0;anthyllis;anthyllis;anthyllis;18,9;19,8;18,4;2,54;2,69;2,72;18,3;19,4;20,4;
4;14;338;1;A;1;anthyllis;anthyllis;anthyllis;29,2;19,5;11,8;3,84;2,56;2,43;28,7;27,6;15,6;
4;14;339;0;D;0;dorycnium;dorycnium;dorycnium;6,8;19,1;31;1,21;2,33;2,82;7;25;31,7;
4;14;340;1;D;1;dorycnium;dorycnium;dorycnium;29;21,6;26,3;2,88;2,1;2,45;29;36,7;27,6;
4;14;341;0;D;1;dorycnium;dorycnium;dorycnium;28,6;30,1;27,2;3,27;2,44;2,33;31,1;30,5;28,2;
4;14;342;1;D;0;dorycnium;dorycnium;dorycnium;22,5;27,5;27,9;3,02;3,08;3,66;23,7;33,6;30,3;beeuuuh
4;14;344;0;M;1;anthyllis;pistachia;dorycnium;17;24;28,9;1,93;4,28;2,91;17,3;26,6;29,4;
4;14;345;1;M;1;pistachia;anthyllis;dorycnium;24,1;21,7;32;3,2;2,59;2,93;26,3;20,5;33;
4;14;346;0;D;1;dorycnium;dorycnium;dorycnium;36;29,3;31,5;3,51;3,46;2,48;36,5;31;32,6;
4;14;347;0;A;1;anthyllis;anthyllis;anthyllis;16,2;1,5;22;2;C;2,38;19;1,6;24,9;resprout
4;14;348;1;D;1;dorycnium;dorycnium;dorycnium;27,1;29,1;26,4;2,78;2,77;2,76;30,5;30,8;31,6;
4;14;349;1;A;0;anthyllis;anthyllis;anthyllis;16,1;48,7;16,4;1,14;3,29;2,06;16,6;50,1;16,9;
4;14;350;1;P;1;pistachia;pistachia;pistachia;28;26,7;23,5;4,67;4,74;3,47;27,5;27,2;25,8;
4;14;351;0;P;0;pistachia;pistachia;pistachia;23,4;28,9;19,8;2,42;3,01;2,61;24;29,5;21,6;
4;14;352;1;P;0;pistachia;pistachia;pistachia;12;33,1;15,5;3,01;3,38;2,49;14,1;35,2;17,2;
4;14;353;0;P;1;pistachia;pistachia;pistachia;18,3;21,2;23,3;2,84;2,84;4,01;20,7;27;31,5;
4;14;354;1;M;0;pistachia;anthyllis;dorycnium;25;36,3;22,7;3,33;2,48;2,62;29;38,2;42,6;
4;14;356;0;P;0;pistachia;pistachia;pistachia;29,3;30,1;35,6;4,87;3,62;5,04;32,1;34,6;37,6;
4;14;357;1;P;1;pistachia;pistachia;pistachia;27,2;30;30,3;4,1;3,9;3,65;32;31,2;31,2;
4;15;1452;0;D;1;dorycnium;dorycnium;dorycnium;27,8;29,6;28,2;4,36;2,79;3,34;30,6;30,4;32,5;
4;15;1453;1;D;1;dorycnium;dorycnium;dorycnium;30,3;27,8;31,2;2,25;3,91;3,01;30,6;31,6;30,1;
4;15;1455;0;D;0;dorycnium;dorycnium;dorycnium;32,5;29,6;32,1;3,54;3,38;4,1;32,9;31;35;
4;15;1457;0;D;0;dorycnium;dorycnium;dorycnium;22,6;26,1;34,7;2,46;4,14;3,38;29,1;26,7;41,9;
4;15;1458;1;D;0;dorycnium;dorycnium;dorycnium;22,2;28,7;27,3;2,05;3,16;1,97;23,2;29,8;26,8;
4;15;1459;0;D;1;dorycnium;dorycnium;dorycnium;26,3;25,1;25,2;2,47;2,65;2,78;31;29,4;26,9;
4;15;1460;0;M;1;dorycnium;anthyllis;pistachia;41,6;20,1;17,3;2,84;2,25;3,2;40,6;20,8;34,5;
4;15;1462;1;M;1;pistachia;anthyllis;dorycnium;20,5;27,2;32;2,69;2,59;3,07;22,3;30,6;33,7;
4;15;1463;1;P;0;pistachia;pistachia;pistachia;25,3;29,6;32;3,99;3,15;4,46;25;29,4;39,3;
4;15;1464;0;P;1;pistachia;pistachia;pistachia;28,5;22;24,5;3,76;3,71;3,77;30,9;30,3;27,8;
4;15;1465;1;D;1;dorycnium;dorycnium;dorycnium;32,1;28;34,4;3,09;2,33;4,39;34,1;27,3;34,1;
4;15;1466;0;P;0;pistachia;pistachia;pistachia;23;21,2;20;4,06;3;2,79;25,7;23,4;22,6;
4;15;1467;1;P;0;pistachia;pistachia;pistachia;35;32;24,6;3,14;4,27;3,63;37,5;32;26;
4;15;1468;0;M;0;dorycnium;pistachia;anthyllis;26,5;17,5;24,5;1,71;2,44;2,75;25,3;18,8;36,2;
4;15;1469;0;M;1;anthyllis;dorycnium;pistachia;15,4;30,5;23,5;2,75;2,91;3,15;17,4;30,8;26,7;
4;15;1470;1;M;0;dorycnium;pistachia;anthyllis;26,1;23;25,6;3,79;2,46;2,68;27;23,1;25,2;
4;15;1471;0;P;0;pistachia;pistachia;pistachia;26,1;23,7;17,4;3,91;3,35;2,59;29,3;26,7;19,6;
4;15;1472;1;P;1;pistachia;pistachia;pistachia;16;26,6;22,7;3,56;3,9;4,01;36;30,7;24,7;
4;15;1473;1;P;0;pistachia;pistachia;pistachia;25,6;32,8;26,4;4,46;4,34;5,52;28,6;33,8;28,9;
4;15;1474;0;P;0;pistachia;pistachia;pistachia;17,5;25,7;24,8;2,33;3,2;4,17;18,6;26,9;25,8;
4;15;1475;1;M;0;dorycnium;anthyllis;pistachia;30,8;37,5;20,2;4,28;3,91;3,23;30,9;40;24,8;
4;15;1476;1;M;0;dorycnium;pistachia;anthyllis;30,9;20,8;30,9;3,46;2,79;2,81;30,1;21,2;33,5;
4;15;1477;1;A;1;anthyllis;anthyllis;anthyllis;21,6;17,6;26,5;2,51;1,82;2,55;21,4;19,2;27,2;
4;15;1478;0;A;1;anthyllis;anthyllis;anthyllis;20,5;31,4;13,1;1,97;3,18;2,29;23,4;30,1;12,9;
4;15;1481;1;P;1;pistachia;pistachia;pistachia;26,2;29;19,5;3,07;5,03;3,21;31,3;29,8;21,4;
4;15;1482;0;P;1;pistachia;pistachia;pistachia;26,1;24;33,8;3,77;4,89;3,68;35,1;28,1;37,3;
4;15;1483;0;D;1;dorycnium;dorycnium;dorycnium;28,3;27,5;25,2;2,85;2,22;1,82;31,4;28,5;26,2;
4;15;1484;1;D;1;dorycnium;dorycnium;dorycnium;31,7;32,6;32,5;3,13;2,57;2,29;33,3;31,2;31,5;
4;15;1485;0;D;0;dorycnium;dorycnium;dorycnium;29,1;30,6;32,6;2,86;3,24;2,76;31,3;30,7;33;
4;15;1486;1;D;1;dorycnium;dorycnium;dorycnium;28,4;27,6;32,5;2,63;2,56;2,74;32;30,5;32,3;
4;15;1488;0;M;0;pistachia;anthyllis;dorycnium;9,2;18;27,8;2,39;3,45;2,38;13,5;20;26,5;
4;15;1490;0;P;1;pistachia;pistachia;pistachia;24;19,5;34,2;3,32;3,7;3,78;28,2;23;35,3;
4;15;1454;0;A;0;anthyllis;anthyllis;anthyllis;36,5;32;19,1;2,55;2,73;2,19;36,4;34,8;20,1;
4;15;1495;1;A;1;anthyllis;anthyllis;anthyllis;26,6;26,2;22,3;2,39;2,24;1,72;26,6;26,6;27,2;
4;15;1496;0;A;1;anthyllis;anthyllis;anthyllis;30,8;17,2;17;2,84;2,45;1,74;31,6;18,2;18,4;
4;15;1497;1;M;0;anthyllis;pistachia;dorycnium;19,2;17,2;24,8;2,43;3,74;2,85;20,1;16,7;27,6;
4;15;1498;0;M;0;dorycnium;pistachia;anthyllis;25,7;8,4;15,5;4,9;2,72;1,66;28,7;8;16,5;
4;15;1500;1;A;1;anthyllis;anthyllis;anthyllis;29,6;42,4;23,7;2,61;2,92;2,36;30,4;44,9;26,4;
4;15;1501;0;P;1;pistachia;pistachia;pistachia;34,3;24;19,4;4,51;3,81;2,81;37,6;26,4;23;
4;15;1503;1;P;0;pistachia;pistachia;pistachia;27,3;26,6;22,9;3,37;4,18;4,4;28,9;30,2;24;
4;15;1504;0;P;1;pistachia;pistachia;pistachia;29,9;25,1;29,5;3,55;3,74;4,18;31,4;29;32,7;
4;15;1505;1;D;1;dorycnium;dorycnium;dorycnium;25,5;21,6;29,6;2,3;3,03;3,55;27,9;27,1;29,5;
4;15;1506;0;D;1;dorycnium;dorycnium;dorycnium;32,9;29;31;3,12;3,19;3,35;32,8;29;33,5;
4;15;1507;0;M;1;dorycnium;pistachia;anthyllis;25,6;28,5;26;3,07;4,59;2,6;27,5;26,2;26,3;
4;15;1508;1;M;0;pistachia;anthyllis;dorycnium;24,2;22,9;20,2;4,3;2,61;5,17;28,4;21,6;21,5;
4;15;1509;0;M;1;pistachia;dorycnium;anthyllis;13,1;26,5;33,8;3,64;3,02;3,12;14;26,5;36,2;
4;15;1510;1;M;1;dorycnium;anthyllis;pistachia;25;24,6;20,5;2,68;2,3;5,79;25,6;24,7;23;
4;15;1512;1;D;1;dorycnium;dorycnium;dorycnium;30,5;32,8;26,6;2,59;3,84;2,28;30,5;35,6;27,2;
4;15;1513;0;D;1;dorycnium;dorycnium;dorycnium;28,7;28,1;27,1;2,67;3;2,21;31,2;29,6;29,1;
4;15;1515;0;A;0;anthyllis;anthyllis;anthyllis;26,2;23,4;21,7;2,62;1,65;3,14;27;27,5;22,7;
4;15;1523;1;A;1;anthyllis;anthyllis;anthyllis;13,8;10,2;35,2;2,34;2,5;2,72;15,4;20,1;35,6;
4;15;1524;0;A;0;anthyllis;anthyllis;anthyllis;30,5;16,2;7;3,46;1,81;1,41;30,5;19,2;10;
4;15;1526;1;A;0;anthyllis;anthyllis;anthyllis;19,2;25,6;18,7;2,97;2,66;2,87;29,2;30;33,7;
4;15;1527;0;A;0;anthyllis;anthyllis;anthyllis;19,6;18,8;19,9;2,39;2,32;2,12;19;20;25,6;
4;15;1528;0;M;0;anthyllis;pistachia;dorycnium;20,3;21,3;25,4;2,78;3,84;2,86;21,6;23,5;27,2;
4;15;1529;1;M;1;dorycnium;pistachia;anthyllis;30,5;17,3;24,3;3,6;4,1;2,13;32,5;19;23,7;
4;15;1530;1;P;0;pistachia;pistachia;pistachia;21,7;24,2;26;3,54;3,77;4,29;29,2;31,3;26;
4;15;1531;1;D;1;dorycnium;dorycnium;dorycnium;34,8;21,6;31;4,08;3,23;2,58;35,6;34,5;31,8;
