ter;plot;label;ms;com;watering;sp1;sp2;sp3;fresh_mass1;fresh_mass2;fresh_mass3;fresh_m_f1;fresh_m_f2;fresh_m_f3;dry_mass1;dry_mass2;dry_mass3;dry_m_f1;dry_m_f2;dry_m_f3
2;5;561;0;M;1;dorycnium;anthyllis;pistachia;0,074;0,182;1,272;;0,174;1,071;0,031;0,05;0,663;;0,046;0,557
2;5;562;1;M;1;pistachia;anthyllis;dorycnium;0,68;0,08;0,049;0,592;0,075;;0,332;0,027;0,02;0,288;0,026;
2;5;563;1;A;1;anthyllis;anthyllis;anthyllis;0,076;;0,082;0,069;;0,077;0,021;;0,026;0,019;;0,025
2;5;564;1;D;1;dorycnium;dorycnium;dorycnium;0,11;0,073;0,068;;;;0,05;0,029;0,028;;;
2;5;565;0;A;0;anthyllis;anthyllis;anthyllis;0,133;;0,071;0,122;;0,062;0,051;;;0,049;;
2;5;566;1;D;1;dorycnium;dorycnium;dorycnium;;;;;;;;0,01;;;;
2;5;567;1;M;1;pistachia;anthyllis;dorycnium;0,595;0,11;0,086;0,49;0,107;;0,283;0,037;0,036;0,229;0,035;
2;5;568;0;D;0;dorycnium;dorycnium;dorycnium;0,06;0,035;;;;;0,029;0,014;;;;
2;5;569;0;M;0;pistachia;dorycnium;anthyllis;0,621;0,042;0,072;0,49;;0,063;0,361;0,019;0,036;0,293;;0,033
2;5;570;0;P;0;pistachia;pistachia;pistachia;0,634;;;0,499;;;0,386;;;0,307;;
2;5;571;1;P;1;pistachia;pistachia;pistachia;1,003;0,703;0,919;0,858;0,587;0,788;0,497;0,379;0,471;0,421;0,314;0,404
2;5;577;0;P;0;pistachia;pistachia;pistachia;0,349;0,394;;0,296;0,311;;0,21;0,221;;0,179;0,175;
2;5;579;0;M;1;dorycnium;anthyllis;pistachia;0,041;0,135;1,003;;0,128;0,823;0,018;0,041;0,483;;0,04;0,395
2;5;580;1;M;1;pistachia;anthyllis;dorycnium;0,791;0,139;;0,663;0,13;;0,408;0,041;;0,351;0,038;
2;5;581;1;P;0;pistachia;pistachia;pistachia;0,686;0,846;0,944;0,574;0,718;0,824;0,365;0,452;0,535;0,307;0,384;0,468
2;5;582;0;D;1;dorycnium;dorycnium;dorycnium;0,105;0,056;0,04;;;;0,04;0,023;0,013;;;
2;5;583;1;M;1;dorycnium;anthyllis;pistachia;0,066;0,123;0,601;;0,112;0,495;0,022;0,037;0,287;;0,033;0,234
2;5;584;1;D;0;dorycnium;dorycnium;dorycnium;;;;;;;;;;;;
2;5;585;1;P;1;pistachia;pistachia;pistachia;0,687;1,119;0,691;0,575;0,926;0,591;0,335;0,581;0,351;0,277;0,476;0,298
2;5;586;1;A;0;anthyllis;anthyllis;anthyllis;0,086;0,095;0,046;0,077;0,088;0,04;0,037;0,04;0,019;0,034;0,038;0,016
2;5;587;0;A;1;anthyllis;anthyllis;anthyllis;;;;;;;;;;;;
2;5;589;0;M;0;anthyllis;pistachia;dorycnium;;0,45;0,109;;0,377;;;0,251;0,053;;0,212;
2;5;590;0;P;1;pistachia;pistachia;pistachia;0,65;0,546;0,554;0,538;0,476;0,448;0,35;0,28;0,313;0,29;0,244;0,254
2;5;591;0;P;0;pistachia;pistachia;pistachia;0,665;0,776;0,745;0,561;0,624;0,643;0,372;0,45;0,417;0,315;0,367;0,363
2;5;592;0;P;0;pistachia;pistachia;pistachia;0,863;0,722;0,789;0,65;0,587;0,671;0,486;0,374;0,409;0,394;0,31;0,348
2;5;593;0;D;0;dorycnium;dorycnium;dorycnium;0,04;0,091;0,049;;;;0,016;0,044;0,022;;;
2;5;594;1;A;1;anthyllis;anthyllis;anthyllis;0,149;0,098;0,126;0,139;0,085;0,111;0,044;0,036;0,045;0,04;0,03;0,041
2;5;595;0;A;0;anthyllis;anthyllis;anthyllis;;0,07;0,105;;0,061;0,098;;0,032;0,038;;0,029;0,036
2;5;596;1;M;1;pistachia;anthyllis;dorycnium;0,477;0,044;0,069;0,401;0,041;;0,221;0,009;0,027;0,185;0,008;
2;5;597;0;M;0;pistachia;dorycnium;anthyllis;;0,099;0,102;;;0,094;;0,046;0,03;;;0,028
2;5;598;1;P;0;pistachia;pistachia;pistachia;;0,349;0,511;;0,284;0,435;;0,226;0,274;;0,188;0,237
2;5;599;0;P;0;pistachia;pistachia;pistachia;;;;;;;;;;;;
2;5;600;1;A;1;anthyllis;anthyllis;anthyllis;;0,179;;;0,161;;;0,055;;;0,05;
2;5;601;0;P;1;pistachia;pistachia;pistachia;0,812;0,793;0,574;0,689;0,666;0,496;0,409;0,4;0,285;0,345;0,338;0,245
2;5;602;1;P;0;pistachia;pistachia;pistachia;0,448;;0,435;0,382;;0,346;0,27;;0,257;0,23;;0,204
2;5;603;0;A;1;anthyllis;anthyllis;anthyllis;;0,135;0,069;;0,121;0,062;;;0,026;;;0,025
2;5;607;0;D;1;dorycnium;dorycnium;dorycnium;;0,033;0,075;;;;;0,012;0,028;;;
2;5;611;0;D;0;dorycnium;dorycnium;dorycnium;0,036;;0,049;;;;0,012;;0,02;;;
2;5;612;1;D;1;dorycnium;dorycnium;dorycnium;0,062;0,034;0,068;;;;0,022;0,013;0,025;0,02;;
2;5;613;1;A;0;anthyllis;anthyllis;anthyllis;;;;;;;;;;;;
2;5;615;0;A;0;anthyllis;anthyllis;anthyllis;;;;;;;;;;;;
2;5;617;0;D;0;dorycnium;dorycnium;dorycnium;;;;;;;;;;;;
2;5;618;1;D;0;dorycnium;dorycnium;dorycnium;;;;;;;;;;;;
2;5;619;0;M;0;dorycnium;pistachia;anthyllis;;;;;;;;;;;;
2;5;620;1;M;1;anthyllis;dorycnium;pistachia;;;;;;;;;;;;
2;5;622;0;M;0;pistachia;anthyllis;dorycnium;;;;;;;;;;;;
2;5;623;1;M;0;pistachia;anthyllis;dorycnium;;;;;;;;;;;;
2;5;624;0;A;0;anthyllis;anthyllis;anthyllis;;;;;;;;;;;;
2;5;625;1;A;0;anthyllis;anthyllis;anthyllis;;;;;;;;;;;;
2;5;626;1;P;1;pistachia;pistachia;pistachia;;;;;;;;;;;;
2;5;627;0;P;1;pistachia;pistachia;pistachia;;;;;;;;;;;;
2;5;628;0;D;0;dorycnium;dorycnium;dorycnium;;;;;;;;;;;;
2;5;629;1;D;0;dorycnium;dorycnium;dorycnium;;;;;;;;;;;;
2;5;630;1;D;0;dorycnium;dorycnium;dorycnium;;;;;;;;;;;;
2;5;631;0;D;0;dorycnium;dorycnium;dorycnium;;;;;;;;;;;;
2;5;632;1;A;1;anthyllis;anthyllis;anthyllis;;;;;;;;;;;;
2;5;633;0;A;1;anthyllis;anthyllis;anthyllis;;;;;;;;;;;;
2;5;634;0;A;0;anthyllis;anthyllis;anthyllis;;;;;;;;;;;;
2;5;635;1;A;1;anthyllis;anthyllis;anthyllis;;;;;;;;;;;;
2;5;636;0;D;1;dorycnium;dorycnium;dorycnium;;;;;;;;;;;;
2;5;637;1;D;0;dorycnium;dorycnium;dorycnium;;;;;;;;;;;;
2;5;638;1;P;1;pistachia;pistachia;pistachia;;;;;;;;;;;;
2;6;482;1;D;1;dorycnium;dorycnium;dorycnium;;;;;;;;;;;;
2;6;483;0;D;0;dorycnium;dorycnium;dorycnium;;;;;;;;;;;;
2;6;484;1;M;1;pistachia;dorycnium;anthyllis;;;;;;;;;;;;
2;6;485;1;A;0;anthyllis;anthyllis;anthyllis;;;;;;;;;;;;
2;6;486;0;M;0;dorycnium;anthyllis;pistachia;;;;;;;;;;;;
2;6;488;1;A;1;anthyllis;anthyllis;anthyllis;;;;;;;;;;;;
2;6;489;0;A;1;anthyllis;anthyllis;anthyllis;;;;;;;;;;;;
2;6;490;0;D;1;dorycnium;dorycnium;dorycnium;;;;;;;;;;;;
2;6;491;1;D;0;dorycnium;dorycnium;dorycnium;;;;;;;;;;;;
2;6;494;0;A;1;anthyllis;anthyllis;anthyllis;;;;;;;;;;;;
2;6;495;1;A;0;anthyllis;anthyllis;anthyllis;;;;;;;;;;;;
2;6;502;1;P;0;pistachia;pistachia;pistachia;;;;;;;;;;;;
2;6;503;0;P;0;pistachia;pistachia;pistachia;;;;;;;;;;;;
2;6;504;1;P;1;pistachia;pistachia;pistachia;;;;;;;;;;;;
2;6;505;0;P;1;pistachia;pistachia;pistachia;;;;;;;;;;;;
2;6;506;1;D;1;dorycnium;dorycnium;dorycnium;;;;;;;;;;;;
2;6;507;1;D;1;dorycnium;dorycnium;dorycnium;;;;;;;;;;;;
2;6;508;0;D;1;dorycnium;dorycnium;dorycnium;;;;;;;;;;;;
2;6;509;0;M;1;anthyllis;pistachia;dorycnium;;;;;;;;;;;;
2;6;510;1;M;0;anthyllis;pistachia;dorycnium;;;;;;;;;;;;
2;6;511;0;M;0;dorycnium;anthyllis;pistachia;;;;;;;;;;;;
2;6;512;1;M;0;anthyllis;dorycnium;pistachia;;;;;;;;;;;;
2;6;514;1;D;1;dorycnium;dorycnium;dorycnium;;;;;;;;;;;;
2;6;515;0;D;1;dorycnium;dorycnium;dorycnium;;;;;;;;;;;;
2;6;516;1;P;1;pistachia;pistachia;pistachia;;;;;;;;;;;;
2;6;518;0;A;0;anthyllis;anthyllis;anthyllis;;;;;;;;;;;;
2;6;519;1;M;0;anthyllis;dorycnium;pistachia;;;;;;;;;;;;
2;6;520;0;D;1;dorycnium;dorycnium;dorycnium;;;;;;;;;;;;
2;6;521;1;P;1;pistachia;pistachia;pistachia;;;;;;;;;;;;
2;6;522;0;P;0;pistachia;pistachia;pistachia;;;;;;;;;;;;
2;6;523;1;P;0;pistachia;pistachia;pistachia;;;;;;;;;;;;
2;6;524;0;P;1;pistachia;pistachia;pistachia;;;;;;;;;;;;
2;6;525;0;P;1;pistachia;pistachia;pistachia;;;;;;;;;;;;
2;6;528;1;P;1;pistachia;pistachia;pistachia;;;;;;;;;;;;
2;6;535;0;P;1;pistachia;pistachia;pistachia;;;;;;;;;;;;
2;6;536;1;P;0;pistachia;pistachia;pistachia;;;;;;;;;;;;
2;6;537;1;A;0;anthyllis;anthyllis;anthyllis;;;;;;;;;;;;
2;6;538;0;A;1;anthyllis;anthyllis;anthyllis;;;;;;;;;;;;
2;6;539;1;A;0;anthyllis;anthyllis;anthyllis;;;;;;;;;;;;
2;6;540;0;A;0;anthyllis;anthyllis;anthyllis;;;;;;;;;;;;
2;6;541;1;D;1;dorycnium;dorycnium;dorycnium;;;;;;;;;;;;
2;6;542;0;M;1;anthyllis;pistachia;dorycnium;;;;;;;;;;;;
2;6;543;0;D;1;dorycnium;dorycnium;dorycnium;;;;;;;;;;;;
2;6;544;1;D;1;dorycnium;dorycnium;dorycnium;;;;;;;;;;;;
2;6;549;1;D;1;dorycnium;dorycnium;dorycnium;;;;;;;;;;;;
2;6;550;0;D;1;dorycnium;dorycnium;dorycnium;;;;;;;;;;;;
2;6;551;0;M;0;pistachia;dorycnium;anthyllis;;;;;;;;;;;;
2;6;552;1;M;1;anthyllis;dorycnium;pistachia;;;;;;;;;;;;
2;6;555;1;A;1;anthyllis;anthyllis;anthyllis;;;;;;;;;;;;
2;6;556;0;A;0;anthyllis;anthyllis;anthyllis;;;;;;;;;;;;
2;6;557;1;M;1;pistachia;anthyllis;dorycnium;;;;;;;;;;;;
2;6;558;0;M;0;anthyllis;pistachia;dorycnium;;;;;;;;;;;;
2;6;559;1;A;0;anthyllis;anthyllis;anthyllis;;;;;;;;;;;;
2;6;560;0;A;0;anthyllis;anthyllis;anthyllis;;;;;;;;;;;;
2;7;641;0;A;1;anthyllis;anthyllis;anthyllis;;;;;;;;;;;;
2;7;642;1;A;0;anthyllis;anthyllis;anthyllis;;;;;;;;;;;;
2;7;644;0;D;1;dorycnium;dorycnium;dorycnium;;;;;;;;;;;;
2;7;646;1;D;1;dorycnium;dorycnium;dorycnium;;;;;;;;;;;;
2;7;648;0;D;0;dorycnium;dorycnium;dorycnium;;;;;;;;;;;;
2;7;649;1;D;1;dorycnium;dorycnium;dorycnium;;;;;;;;;;;;
2;7;656;0;M;0;dorycnium;pistachia;anthyllis;;;;;;;;;;;;
2;7;657;1;M;1;anthyllis;dorycnium;pistachia;;;;;;;;;;;;
2;7;658;0;A;0;anthyllis;anthyllis;anthyllis;;;;;;;;;;;;
2;7;659;1;A;1;anthyllis;anthyllis;anthyllis;;;;;;;;;;;;
2;7;660;1;M;1;anthyllis;pistachia;dorycnium;;;;;;;;;;;;
2;7;661;0;M;1;dorycnium;anthyllis;pistachia;;;;;;;;;;;;
2;7;662;1;M;0;pistachia;dorycnium;anthyllis;;;;;;;;;;;;
2;7;663;0;M;1;pistachia;anthyllis;dorycnium;;;;;;;;;;;;
2;7;668;1;D;0;dorycnium;dorycnium;dorycnium;;;;;;;;;;;;
2;7;669;0;D;0;dorycnium;dorycnium;dorycnium;;;;;;;;;;;;
2;7;670;0;A;0;anthyllis;anthyllis;anthyllis;;;;;;;;;;;;
2;7;671;1;A;0;anthyllis;anthyllis;anthyllis;;;;;;;;;;;;
2;7;672;0;M;1;anthyllis;dorycnium;pistachia;;;;;;;;;;;;
2;7;673;1;M;1;anthyllis;dorycnium;pistachia;;;;;;;;;;;;
2;7;674;1;D;0;dorycnium;dorycnium;dorycnium;;;;;;;;;;;;
2;7;675;0;D;0;dorycnium;dorycnium;dorycnium;;;;;;;;;;;;
2;7;684;1;D;1;dorycnium;dorycnium;dorycnium;;;;;;;;;;;;
2;7;685;0;D;0;dorycnium;dorycnium;dorycnium;;;;;;;;;;;;
2;7;692;1;P;1;pistachia;pistachia;pistachia;;;;;;;;;;;;
2;7;691;0;P;0;pistachia;pistachia;pistachia;;;;;;;;;;;;
2;7;694;1;D;0;dorycnium;dorycnium;dorycnium;;;;;;;;;;;;
2;7;698;0;D;0;dorycnium;dorycnium;dorycnium;;;;;;;;;;;;
2;7;700;0;P;0;pistachia;pistachia;pistachia;;;;;;;;;;;;
2;7;701;1;P;1;pistachia;pistachia;pistachia;;;;;;;;;;;;
2;7;722;0;P;0;pistachia;pistachia;pistachia;;;;;;;;;;;;
2;7;723;1;P;0;pistachia;pistachia;pistachia;;;;;;;;;;;;
2;8;401;0;P;0;pistachia;pistachia;pistachia;;;;;;;;;;;;
2;8;402;1;P;0;pistachia;pistachia;pistachia;;;;;;;;;;;;
2;8;403;0;D;1;dorycnium;dorycnium;dorycnium;;;;;;;;;;;;
2;8;405;1;D;1;dorycnium;dorycnium;dorycnium;;;;;;;;;;;;
2;8;407;1;P;1;pistachia;pistachia;pistachia;;;;;;;;;;;;
2;8;408;1;D;1;dorycnium;dorycnium;dorycnium;;;;;;;;;;;;
2;8;409;1;D;1;dorycnium;dorycnium;dorycnium;;;;;;;;;;;;
2;8;410;0;D;1;dorycnium;dorycnium;dorycnium;;;;;;;;;;;;
2;8;412;0;D;1;dorycnium;dorycnium;dorycnium;;;;;;;;;;;;
2;8;413;0;D;1;dorycnium;dorycnium;dorycnium;;;;;;;;;;;;
2;8;414;1;D;1;dorycnium;dorycnium;dorycnium;;;;;;;;;;;;
2;8;415;0;M;1;dorycnium;pistachia;anthyllis;;;;;;;;;;;;
2;8;416;1;M;1;dorycnium;anthyllis;pistachia;;;;;;;;;;;;
2;8;417;0;M;1;dorycnium;anthyllis;pistachia;;;;;;;;;;;;
2;8;418;1;M;1;pistachia;dorycnium;anthyllis;;;;;;;;;;;;
2;8;419;0;P;1;pistachia;pistachia;pistachia;;;;;;;;;;;;
2;8;420;1;A;0;anthyllis;anthyllis;anthyllis;;;;;;;;;;;;
2;8;421;0;A;0;anthyllis;anthyllis;anthyllis;;;;;;;;;;;;
2;8;424;0;A;1;anthyllis;anthyllis;anthyllis;;;;;;;;;;;;
2;8;425;1;A;0;anthyllis;anthyllis;anthyllis;;;;;;;;;;;;
2;8;427;0;A;0;anthyllis;anthyllis;anthyllis;;;;;;;;;;;;
2;8;428;1;A;0;anthyllis;anthyllis;anthyllis;;;;;;;;;;;;
2;8;429;0;M;0;dorycnium;anthyllis;pistachia;;;;;;;;;;;;
2;8;430;1;M;0;dorycnium;pistachia;anthyllis;;;;;;;;;;;;
2;8;431;0;A;0;anthyllis;anthyllis;anthyllis;;;;;;;;;;;;
2;8;432;0;M;0;pistachia;dorycnium;anthyllis;;;;;;;;;;;;
2;8;433;1;M;0;anthyllis;dorycnium;pistachia;;;;;;;;;;;;
2;8;435;0;D;1;dorycnium;dorycnium;dorycnium;;;;;;;;;;;;
2;8;436;1;D;0;dorycnium;dorycnium;dorycnium;;;;;;;;;;;;
2;8;437;0;P;0;pistachia;pistachia;pistachia;;;;;;;;;;;;
2;8;438;1;P;1;pistachia;pistachia;pistachia;;;;;;;;;;;;
2;8;443;0;M;1;pistachia;anthyllis;dorycnium;;;;;;;;;;;;
2;8;444;0;P;0;pistachia;pistachia;pistachia;;;;;;;;;;;;
2;8;445;1;P;1;pistachia;pistachia;pistachia;;;;;;;;;;;;
2;8;446;1;M;0;dorycnium;anthyllis;pistachia;;;;;;;;;;;;
2;8;449;0;D;1;dorycnium;dorycnium;dorycnium;;;;;;;;;;;;
2;8;450;1;D;0;dorycnium;dorycnium;dorycnium;;;;;;;;;;;;
2;8;451;0;A;0;anthyllis;anthyllis;anthyllis;;;;;;;;;;;;
2;8;452;1;A;1;anthyllis;anthyllis;anthyllis;;;;;;;;;;;;
2;8;453;0;D;1;dorycnium;dorycnium;dorycnium;;;;;;;;;;;;
2;8;454;1;D;0;dorycnium;dorycnium;dorycnium;;;;;;;;;;;;
2;8;458;1;P;1;pistachia;pistachia;pistachia;;;;;;;;;;;;
2;8;459;1;P;0;pistachia;pistachia;pistachia;;;;;;;;;;;;
2;8;460;0;P;1;pistachia;pistachia;pistachia;;;;;;;;;;;;
2;8;461;1;A;1;anthyllis;anthyllis;anthyllis;;;;;;;;;;;;
2;8;462;0;A;1;anthyllis;anthyllis;anthyllis;;;;;;;;;;;;
2;8;463;0;P;1;pistachia;pistachia;pistachia;;;;;;;;;;;;
2;8;464;1;P;0;pistachia;pistachia;pistachia;;;;;;;;;;;;
2;8;466;1;M;0;dorycnium;anthyllis;pistachia;;;;;;;;;;;;
2;8;467;1;M;0;dorycnium;anthyllis;pistachia;;;;;;;;;;;;
2;8;468;0;M;1;anthyllis;pistachia;dorycnium;;;;;;;;;;;;
2;8;470;0;A;1;anthyllis;anthyllis;anthyllis;;;;;;;;;;;;
2;8;471;1;A;1;anthyllis;anthyllis;anthyllis;;;;;;;;;;;;
2;8;472;1;P;1;pistachia;pistachia;pistachia;;;;;;;;;;;;
2;8;473;0;D;0;dorycnium;dorycnium;dorycnium;;;;;;;;;;;;
2;8;474;1;D;0;dorycnium;dorycnium;dorycnium;;;;;;;;;;;;
2;8;477;1;M;0;dorycnium;pistachia;anthyllis;;;;;;;;;;;;
2;8;478;0;M;0;dorycnium;pistachia;anthyllis;;;;;;;;;;;;
2;8;479;0;A;1;anthyllis;anthyllis;anthyllis;;;;;;;;;;;;
2;8;480;1;A;0;anthyllis;anthyllis;anthyllis;;;;;;;;;;;;
3;9;881;0;A;1;anthyllis;anthyllis;anthyllis;;;;;;;;;;;;
3;9;882;1;A;0;anthyllis;anthyllis;anthyllis;0,13;;0,081;0,115;;0,076;0,044;;0,026;0,04;;0,025
3;9;887;0;M;1;pistachia;anthyllis;dorycnium;0,935;0,105;;0,776;0,1;;0,509;0,027;;0,425;0,026;
3;9;888;1;M;1;dorycnium;pistachia;anthyllis;0,041;0,895;0,208;;0,752;0,2;0,017;0,435;0,052;;0,367;0,05
3;9;889;1;P;0;pistachia;pistachia;pistachia;;;;;;;;;;;;
3;9;890;0;P;1;pistachia;pistachia;pistachia;;;;;;;;;;;;
3;9;891;0;M;0;dorycnium;pistachia;anthyllis;0,071;0,879;;;0,688;;0,021;0,494;;;0,392;
3;9;892;1;M;1;dorycnium;pistachia;anthyllis;;;;;;;;;;;;
3;9;897;1;P;0;pistachia;pistachia;pistachia;;;;;;;;;;;;
3;9;898;0;P;1;pistachia;pistachia;pistachia;;;;;;;;;;;;
3;9;899;0;P;1;pistachia;pistachia;pistachia;;;;;;;;;;;;
3;9;900;1;P;1;pistachia;pistachia;pistachia;;;;;;;;;;;;
3;9;1329;1;M;1;anthyllis;dorycnium;pistachia;0,03;;0,956;0,026;;0,783;0,01;0,02;0,481;0,01;;0,393
3;9;901;0;M;0;dorycnium;anthyllis;pistachia;;;;;;;;;;;;
3;9;905;0;D;0;dorycnium;dorycnium;dorycnium;;;;;;;;;;;;
3;9;906;1;D;1;dorycnium;dorycnium;dorycnium;;;;;;;;;;;;
3;9;907;0;A;0;anthyllis;anthyllis;anthyllis;;;;;;;;;;;;
3;9;908;1;A;1;anthyllis;anthyllis;anthyllis;0,211;0,133;0,091;0,197;0,119;0,085;;0,039;0,021;;0,035;0,019
3;9;912;1;M;0;dorycnium;pistachia;anthyllis;;;;;;;;;;;;
3;9;911;0;M;0;dorycnium;pistachia;anthyllis;;;;;;;;;;;;
3;9;914;1;D;0;dorycnium;dorycnium;dorycnium;;;;;;;;;;;;
3;9;915;0;D;0;dorycnium;dorycnium;dorycnium;;;;;;;;;;;;
3;9;916;1;D;1;dorycnium;dorycnium;dorycnium;;;;;;;;;;;;
3;9;917;0;D;0;dorycnium;dorycnium;dorycnium;;;;;;;;;;;;
3;9;918;0;A;1;anthyllis;anthyllis;anthyllis;0,142;0,235;0,063;0,131;0,218;0,057;0,037;0,065;0,015;0,033;0,06;0,015
3;9;919;1;A;0;anthyllis;anthyllis;anthyllis;;;;;;;;;;;;
3;9;920;0;D;1;dorycnium;dorycnium;dorycnium;;;;;;;;;;;;
3;9;921;1;D;0;dorycnium;dorycnium;dorycnium;0,053;;0,041;;;;0,024;;0,021;;;
3;9;922;1;A;0;anthyllis;anthyllis;anthyllis;;;;;;;;;;;;
3;9;923;0;A;1;anthyllis;anthyllis;anthyllis;;;;;;;;;;;;
3;9;924;0;P;0;pistachia;pistachia;pistachia;0,798;0,721;0,68;0,645;0,609;0,691;0,433;0,377;;0,361;0,314;
3;9;925;1;P;0;pistachia;pistachia;pistachia;;;;;;;;;;;;
3;9;926;0;D;0;dorycnium;dorycnium;dorycnium;;0,053;0,061;;;;;0,027;;;;
3;9;927;1;D;0;dorycnium;dorycnium;dorycnium;;;;;;;;;;;;
3;9;928;0;P;1;pistachia;pistachia;pistachia;0,555;0,427;0,502;0,468;0,331;0,419;0,303;0,229;0,262;0,257;0,178;0,222
3;9;929;1;P;1;pistachia;pistachia;pistachia;;;;;;;;;;;;
3;9;930;1;P;0;pistachia;pistachia;pistachia;0,708;0,786;;0,567;0,654;;;0,394;;;0,328;
3;9;931;0;P;1;pistachia;pistachia;pistachia;;;;;;;;;;;;
3;9;932;1;D;0;dorycnium;dorycnium;dorycnium;;;0,022;;;;;;;;;
3;9;933;0;D;0;dorycnium;dorycnium;dorycnium;;;;;;;;;;;;
3;9;934;0;D;1;dorycnium;dorycnium;dorycnium;0,032;;;;;;;;;;;
3;9;935;1;D;0;dorycnium;dorycnium;dorycnium;;;;;;;;;;;;
3;9;936;0;P;0;pistachia;pistachia;pistachia;;;;;;;;;;;;
3;9;937;1;P;0;pistachia;pistachia;pistachia;;0,617;0,51;;0,485;0,414;;0,391;0,292;;0,325;0,243
3;9;938;0;M;0;dorycnium;pistachia;anthyllis;;;;;;;;;;;;
3;9;939;1;M;0;pistachia;dorycnium;anthyllis;;;;;;;;;;;;
3;9;941;0;A;1;anthyllis;anthyllis;anthyllis;0,099;0,075;0,211;0,093;0,066;0,189;0,037;0,024;0,065;0,035;0,022;0,059
3;9;942;1;A;0;anthyllis;anthyllis;anthyllis;;;;;;;;;;;;
3;9;943;0;P;0;pistachia;pistachia;pistachia;;;;;;;;;;;;
3;9;944;1;P;0;pistachia;pistachia;pistachia;0,984;0,787;0,343;0,837;0,642;0,298;0,528;0,419;0,173;0,447;0,342;0,15
3;9;947;1;D;1;dorycnium;dorycnium;dorycnium;;;;;;;;;;;;
3;9;948;0;D;1;dorycnium;dorycnium;dorycnium;;;;;;;;;;;;
3;9;952;0;A;1;anthyllis;anthyllis;anthyllis;;;;;;;;;;;;
3;9;956;1;M;1;anthyllis;pistachia;dorycnium;0,125;0,796;0,078;0,114;0,691;;0,038;0,411;0,03;0,035;0,356;
3;9;957;0;M;0;dorycnium;pistachia;anthyllis;;0,365;;;0,267;;;0,243;;;0,182;
3;9;958;0;M;1;pistachia;dorycnium;anthyllis;0,632;;0,194;0,529;;0,179;0,335;;0,05;0,281;;0,048
3;9;959;1;M;1;dorycnium;anthyllis;pistachia;;0,062;0,924;;0,058;0,792;;0,016;0,477;;0,015;0,405
3;10;1103;0;A;0;anthyllis;anthyllis;anthyllis;0,238;0,139;;0,214;0,123;;0,081;0,054;;0,072;0,049;
3;10;1010;1;A;0;anthyllis;anthyllis;anthyllis;;;;;;;;;;;;
3;10;1114;1;A;1;anthyllis;anthyllis;anthyllis;0,12;0,169;;0,113;0,155;;0,031;0,049;;0,029;0,045;
3;10;1117;1;D;0;dorycnium;dorycnium;dorycnium;;;;;;;;;;;;
3;10;1118;0;D;0;dorycnium;dorycnium;dorycnium;;;;;;;;;;;;
3;10;1120;0;P;0;pistachia;pistachia;pistachia;;;;;;;;;;;;
3;10;1121;1;P;1;pistachia;pistachia;pistachia;;;;;;;;;;;;
3;10;1131;0;P;1;pistachia;pistachia;pistachia;0,575;1,189;1,078;0,475;0,993;0,904;0,285;0,612;0,578;0,235;0,511;0,483
3;10;1077;1;P;1;pistachia;pistachia;pistachia;;;;;;;;;;;;
3;10;1134;0;P;0;pistachia;pistachia;pistachia;;;;;;;;;;;;
3;10;1135;1;P;0;pistachia;pistachia;pistachia;;;;;;;;;;;;
3;10;1137;0;M;1;pistachia;anthyllis;dorycnium;;;;;;;;;;;;
3;10;1138;1;M;0;pistachia;dorycnium;anthyllis;;;;;;;;;;;;
3;10;1139;0;M;1;pistachia;anthyllis;dorycnium;1,222;0,22;0,054;1,023;0,199;;0,663;0,081;0,022;0,556;0,072;
3;10;1124;1;M;1;dorycnium;pistachia;anthyllis;;;;;;;;;;;;
3;10;1143;0;P;1;pistachia;pistachia;pistachia;0,601;0,736;;0,523;0,651;;0,306;0,376;;0,266;0,333;
3;10;1144;1;P;0;pistachia;pistachia;pistachia;;;;;;;;;;;;
3;10;1145;1;D;0;dorycnium;dorycnium;dorycnium;;;;;;;;;;;;
3;10;1146;0;D;0;dorycnium;dorycnium;dorycnium;;;;;;;;;;;;
3;10;1148;1;M;0;anthyllis;dorycnium;pistachia;;;;;;;;;;;;
3;10;1149;0;M;1;pistachia;dorycnium;anthyllis;;;;;;;;;;;;
3;10;1051;0;A;1;anthyllis;anthyllis;anthyllis;0,159;0,266;0,157;0,143;0,24;0,138;0,046;0,077;0,045;0,042;0,068;0,04
3;10;1052;1;A;1;anthyllis;anthyllis;anthyllis;;;;;;;;;;;;
3;10;1059;1;D;1;dorycnium;dorycnium;dorycnium;;;;;;;;;;;;
3;10;1060;0;D;0;dorycnium;dorycnium;dorycnium;0,038;0,048;0,042;;;;0,016;0,025;0,014;;;
3;10;1064;1;M;1;pistachia;dorycnium;anthyllis;;;;;;;;;;;;
3;10;1065;0;M;0;anthyllis;pistachia;dorycnium;;;;;;;;;;;;
3;10;1067;0;D;0;dorycnium;dorycnium;dorycnium;;;;;;;;;;;;
3;10;1068;1;D;0;dorycnium;dorycnium;dorycnium;;;;;;;;;;;;
3;10;1071;1;P;1;pistachia;pistachia;pistachia;;;;;;;;;;;;
3;10;1072;0;P;1;pistachia;pistachia;pistachia;1,091;0,913;1,303;0,942;0,747;1,137;0,57;0,516;0,652;0,491;0,424;0,567
3;11;1022;0;M;0;dorycnium;anthyllis;pistachia;;;;;;;;;;;;
3;11;1023;1;M;0;anthyllis;pistachia;dorycnium;;;;;;;;;;;;
3;11;1026;0;P;0;pistachia;pistachia;pistachia;;;;;;;;;;;;
3;11;1027;1;P;0;pistachia;pistachia;pistachia;0,617;0,447;0,68;0,519;0,349;0,59;0,403;0,215;0,352;0,345;0,166;0,305
3;11;1029;1;D;1;dorycnium;dorycnium;dorycnium;0,039;0,042;0,095;;;;0,012;;0,035;;;
3;11;1030;0;D;0;dorycnium;dorycnium;dorycnium;0,042;0,037;0,03;;;;0,016;0,015;0,012;;;
3;11;1031;0;P;0;pistachia;pistachia;pistachia;;;;;;;;;;;;
3;11;1032;1;P;0;pistachia;pistachia;pistachia;;;;;;;;;;;;
3;11;1033;0;D;1;dorycnium;dorycnium;dorycnium;;;;;;;;;;;;
3;11;1034;1;D;0;dorycnium;dorycnium;dorycnium;;;;;;;;;;;;
3;11;1035;0;D;0;dorycnium;dorycnium;dorycnium;;;;;;;;;;;;
3;11;1037;0;P;0;pistachia;pistachia;pistachia;0,607;0,506;0,625;0,513;0,43;0,531;0,399;0,282;0,349;0,341;0,24;0,296
3;11;1038;1;D;1;dorycnium;dorycnium;dorycnium;0,05;;0,04;;;;0,015;;0,011;;;
3;11;1039;1;P;1;pistachia;pistachia;pistachia;1,088;0,744;1,044;0,921;0,633;0,896;0,567;0,328;0,549;0,478;0,272;0,475
3;11;1040;0;M;1;dorycnium;anthyllis;pistachia;;;;;;;;;;;;
3;11;1041;0;P;0;pistachia;pistachia;pistachia;1,585;1,921;;1,347;1,601;;;1,171;;;0,985;
3;11;1042;1;P;1;pistachia;pistachia;pistachia;;;;;;;;;;;;
3;11;1043;0;M;1;pistachia;dorycnium;anthyllis;;;;;;;;;;;;
3;11;1044;1;M;0;pistachia;anthyllis;dorycnium;;;;;;;;;;;;
3;11;1045;1;D;0;dorycnium;dorycnium;dorycnium;;;;;;;;;;;;
3;11;1046;0;D;0;dorycnium;dorycnium;dorycnium;;;;;;;;;;;;
3;11;1047;0;P;0;pistachia;pistachia;pistachia;;;;;;;;;;;;
3;11;1048;1;P;0;pistachia;pistachia;pistachia;;;;;;;;;;;;
3;11;1049;0;A;0;anthyllis;anthyllis;anthyllis;;;0,145;;;0,135;;;0,055;;;0,052
3;11;1050;0;A;0;anthyllis;anthyllis;anthyllis;;0,096;0,116;;0,089;0,102;;0,031;0,042;;0,029;0,036
3;11;1151;1;A;1;anthyllis;anthyllis;anthyllis;;;;;;;;;;;;
3;11;1152;1;M;0;dorycnium;pistachia;anthyllis;0,065;0,777;0,134;;0,642;0,123;0,025;0,402;0,036;;0,329;0,033
3;11;1153;0;M;0;anthyllis;pistachia;dorycnium;0,136;;;0,128;;;0,042;;;0,04;;
3;11;1154;1;M;0;anthyllis;dorycnium;pistachia;0,096;0,041;1,141;0,093;;0,969;0,021;0,016;;0,021;;
3;11;1155;0;M;0;anthyllis;pistachia;dorycnium;;;;;;;;;;;;
3;11;1080;1;M;0;dorycnium;pistachia;anthyllis;;;;;;;;;;;;
3;11;1156;0;A;1;anthyllis;anthyllis;anthyllis;;;;;;;;;;;;
3;11;1081;1;A;0;anthyllis;anthyllis;anthyllis;;;;;;;;;;;;
3;11;1084;0;A;0;anthyllis;anthyllis;anthyllis;;;0,15;;;0,137;;;0,058;;;0,053
3;11;1088;1;D;1;dorycnium;dorycnium;dorycnium;0,046;0,088;0,052;;;;0,014;0,035;0,018;;;
3;11;1089;0;D;0;dorycnium;dorycnium;dorycnium;0,034;;0,036;;;;0,012;;0,016;;;
3;11;1092;1;D;0;dorycnium;dorycnium;dorycnium;;;;;;;;;;;;
3;11;1093;0;D;0;dorycnium;dorycnium;dorycnium;;;;;;;;;;;;
3;11;1094;0;P;1;pistachia;pistachia;pistachia;;;;;;;;;;;;
3;11;1159;0;A;0;anthyllis;anthyllis;anthyllis;;;;;;;;;;;;
3;11;1095;1;A;0;anthyllis;anthyllis;anthyllis;0,098;0,094;0,108;0,086;0,082;0,091;0,032;0,03;0,038;0,029;0,028;0,033
3;11;1096;1;A;1;anthyllis;anthyllis;anthyllis;0,124;0,11;0,1;0,117;0,101;0,09;0,043;0,034;;0,04;0,032;
3;11;1099;1;P;0;pistachia;pistachia;pistachia;;;;;;;;;;;;
3;11;1100;0;P;0;pistachia;pistachia;pistachia;;;;;;;;;;;;
3;11;1001;0;D;0;dorycnium;dorycnium;dorycnium;;;;;;;;;;;;
3;11;1002;1;D;1;dorycnium;dorycnium;dorycnium;;;;;;;;;;;;
3;11;1003;1;P;1;pistachia;pistachia;pistachia;0,566;;0,293;0,483;;0,23;0,288;;0,15;0,245;;0,117
3;11;1004;0;P;0;pistachia;pistachia;pistachia;;;;;;;;;;;;
3;11;1005;1;D;1;dorycnium;dorycnium;dorycnium;;;;;;;;;;;;
3;11;1006;1;A;1;anthyllis;anthyllis;anthyllis;;;;;;;;;;;;
3;11;1007;0;A;1;anthyllis;anthyllis;anthyllis;;;;;;;;;;;;
3;11;1009;0;D;1;dorycnium;dorycnium;dorycnium;0,081;0,041;0,045;;;;0,022;0,015;0,033;;;
3;11;1012;0;M;0;pistachia;dorycnium;anthyllis;;;;;;;;;;;;
3;11;1013;1;M;0;pistachia;dorycnium;anthyllis;0,515;;;0,407;;;;;;;;
3;11;1014;0;M;0;dorycnium;anthyllis;pistachia;;;0,624;;;0,509;;;0,392;;;0,323
3;11;1015;1;M;0;dorycnium;anthyllis;pistachia;;0,176;0,723;;0,163;0,577;;;0,502;;;0,413
3;11;1018;1;P;0;pistachia;pistachia;pistachia;;;;;;;;;;;;
3;11;1019;1;D;0;dorycnium;dorycnium;dorycnium;;0,027;0,045;;;;;0,012;0,014;;;
3;11;1021;0;D;1;dorycnium;dorycnium;dorycnium;;;;;;;;;;;;
3;12;801;0;M;1;pistachia;anthyllis;dorycnium;;;;;;;;;;;;
3;12;802;1;M;0;dorycnium;pistachia;anthyllis;;;;;;;;;;;;
3;12;804;0;M;0;anthyllis;pistachia;dorycnium;;;;;;;;;;;;
3;12;805;1;A;0;anthyllis;anthyllis;anthyllis;0,177;;0,114;0,162;;0,107;0,043;;0,033;0,039;;0,031
3;12;806;1;M;0;dorycnium;pistachia;anthyllis;;;;;;;;;;;;
3;12;809;0;M;0;anthyllis;pistachia;dorycnium;;;;;;;;;;;;
3;12;810;1;D;0;dorycnium;dorycnium;dorycnium;;;;;;;;;;;;
3;12;811;0;D;0;dorycnium;dorycnium;dorycnium;;;;;;;;;;;;
3;12;814;0;P;0;pistachia;pistachia;pistachia;0,494;0,736;0,824;0,397;0,605;0,696;0,297;0,41;0,44;0,241;0,34;0,374
3;12;815;1;P;1;pistachia;pistachia;pistachia;;;;;;;;;;;;
3;12;816;0;D;1;dorycnium;dorycnium;dorycnium;;;0,08;;;;;;0,028;;;
3;12;817;1;D;1;dorycnium;dorycnium;dorycnium;;;;;;;;;;;;
3;12;818;0;M;1;anthyllis;dorycnium;pistachia;;;;;;;;;;;;
3;12;821;1;D;0;dorycnium;dorycnium;dorycnium;;;;;;;;;;;;
3;12;822;0;A;1;anthyllis;anthyllis;anthyllis;0,088;0,194;;0,078;0,183;;0,03;0,043;;0,026;0,041;
3;12;823;0;D;0;dorycnium;dorycnium;dorycnium;;;;;;;;;;;;
3;12;824;1;P;0;pistachia;pistachia;pistachia;;;;;;;;;;;;
3;12;825;0;P;0;pistachia;pistachia;pistachia;;;;;;;;;;;;
3;12;834;0;M;1;pistachia;dorycnium;anthyllis;;;;;;;;;;;;
3;12;835;1;M;1;anthyllis;dorycnium;pistachia;;;;;;;;;;;;
3;12;836;0;P;0;pistachia;pistachia;pistachia;;;;;;;;;;;;
3;12;833;1;P;0;pistachia;pistachia;pistachia;;;;;;;;;;;;
3;12;837;0;P;1;pistachia;pistachia;pistachia;;;;;;;;;;;;
3;12;838;1;P;1;pistachia;pistachia;pistachia;1,09;1,248;0,613;0,907;1,046;0,512;0,538;0,634;0,31;0,447;0,533;0,258
3;12;839;0;A;1;anthyllis;anthyllis;anthyllis;;;;;;;;;;;;
3;12;842;1;P;1;pistachia;pistachia;pistachia;;;;;;;;;;;;
3;12;843;0;P;0;pistachia;pistachia;pistachia;;;;;;;;;;;;
3;12;844;1;A;1;anthyllis;anthyllis;anthyllis;;;;;;;;;;;;
3;12;847;0;D;1;dorycnium;dorycnium;dorycnium;;;;;;;;;;;;
3;12;848;1;D;0;dorycnium;dorycnium;dorycnium;;;;;;;;;;;;
3;12;849;0;D;0;dorycnium;dorycnium;dorycnium;;;;;;;;;;;;
3;12;850;1;D;1;dorycnium;dorycnium;dorycnium;0,059;0,046;0,029;;;;0,02;0,016;0,012;;;
3;12;851;1;M;0;pistachia;dorycnium;anthyllis;;;;;;;;;;;;
3;12;852;0;M;0;pistachia;anthyllis;dorycnium;;;;;;;;;;;;
3;12;853;0;A;0;anthyllis;anthyllis;anthyllis;;;;;;;;;;;;
3;12;856;0;D;0;dorycnium;dorycnium;dorycnium;;;;;;;;;;;;
3;12;858;0;M;1;anthyllis;pistachia;dorycnium;;;;;;;;;;;;
3;12;859;1;M;1;dorycnium;pistachia;anthyllis;;;;;;;;;;;;
3;12;860;1;A;0;anthyllis;anthyllis;anthyllis;;;;;;;;;;;;
3;12;861;0;D;1;dorycnium;dorycnium;dorycnium;;;;;;;;;;;;
3;12;862;1;D;0;dorycnium;dorycnium;dorycnium;;;;;;;;;;;;
3;12;864;0;D;0;dorycnium;dorycnium;dorycnium;;;;;;;;;;;;
3;12;865;1;A;0;anthyllis;anthyllis;anthyllis;0,123;;;0,113;;;0,035;;;0,034;;
3;12;866;1;D;0;dorycnium;dorycnium;dorycnium;0,062;0,08;0,044;;;;0,021;0,029;0,017;;;
3;12;867;0;M;1;anthyllis;pistachia;dorycnium;;;;;;;;;;;;
3;12;868;1;M;0;dorycnium;pistachia;anthyllis;;;;;;;;;;;;
3;12;869;0;P;1;pistachia;pistachia;pistachia;;;;;;;;;;;;
3;12;870;0;A;1;anthyllis;anthyllis;anthyllis;;;;;;;;;;;;
3;12;874;1;P;1;pistachia;pistachia;pistachia;;0,806;0,885;;0,658;0,733;;0,363;0,426;;0,293;0,349
3;12;875;0;P;0;pistachia;pistachia;pistachia;;;;;;;;;;;;
3;12;876;1;P;0;pistachia;pistachia;pistachia;;;;;;;;;;;;
3;12;877;0;P;1;pistachia;pistachia;pistachia;;;;;;;;;;;;
4;13;360;1;A;1;anthyllis;anthyllis;anthyllis;;;;;;;;;;;;
4;13;361;0;A;1;anthyllis;anthyllis;anthyllis;;;;;;;;;;;;
4;13;362;0;A;0;anthyllis;anthyllis;anthyllis;;;;;;;;;;;;
4;13;363;1;P;0;pistachia;pistachia;pistachia;0,721;1,098;0,738;0,597;0,914;0,615;0,347;0,562;0,367;0,3;0,476;0,303
4;13;962;0;P;1;pistachia;pistachia;pistachia;;;0,059;;;;;;;;;
4;13;365;0;P;1;pistachia;pistachia;pistachia;;;;;;;;;;;;
4;13;366;1;D;0;dorycnium;dorycnium;dorycnium;;;;;;;;;;;;
4;13;367;0;D;1;dorycnium;dorycnium;dorycnium;;;;;;;;;;;;
4;13;368;1;D;0;dorycnium;dorycnium;dorycnium;0,06;0,072;;;;;0,023;0,027;0,019;;;
4;13;369;1;A;0;anthyllis;anthyllis;anthyllis;0,211;0,143;0,134;0,199;0,128;0,13;0,06;0,029;0,037;0,057;0,025;0,035
4;13;370;1;A;0;anthyllis;anthyllis;anthyllis;;;;;;;;;;;;
4;13;371;0;A;1;anthyllis;anthyllis;anthyllis;;;;;;;;;;;;
4;13;372;0;A;1;anthyllis;anthyllis;anthyllis;0,207;0,166;0,266;0,198;0,159;0,252;0,046;;;0,044;;
4;13;373;1;M;1;anthyllis;pistachia;dorycnium;;1,337;;;1,085;;;;;;;
4;13;374;1;P;1;pistachia;pistachia;pistachia;1,084;0,644;0,536;0,939;0,544;0,449;0,552;0,305;0,264;0,48;0,255;0,22
4;13;375;1;M;0;anthyllis;dorycnium;pistachia;;;;;;;;;;;;
4;13;376;0;M;1;anthyllis;pistachia;dorycnium;;;0,042;;;;;0,69;0,015;;0,56;
4;13;378;0;M;0;pistachia;dorycnium;anthyllis;1,175;0,07;0,157;0,979;;0,147;0,619;0,025;0,047;0,513;;0,043
4;13;383;0;P;1;pistachia;pistachia;pistachia;0,867;1,518;1,588;0,747;1,289;1,337;0,466;0,756;0,746;0,403;0,667;0,627
4;13;386;1;M;1;dorycnium;anthyllis;pistachia;0,058;;0,858;;;0,721;0,017;;0,471;;;0,398
4;13;384;1;P;1;pistachia;pistachia;pistachia;;;;;;;;;;;;
4;13;388;0;M;1;anthyllis;pistachia;dorycnium;;;;;;;;;;;;
4;13;998;1;M;1;pistachia;dorycnium;anthyllis;;;;;;;;;;;;
4;13;390;1;D;0;dorycnium;dorycnium;dorycnium;;;;;;;;;;;;
4;13;391;0;D;1;dorycnium;dorycnium;dorycnium;0,072;0,044;0,072;;;;0,031;0,018;0,03;;;
4;13;392;0;A;0;anthyllis;anthyllis;anthyllis;;0,091;0,094;;0,082;0,083;;0,03;0,032;;0,028;0,028
4;13;393;1;A;1;anthyllis;anthyllis;anthyllis;;;;;;;;;;;;
4;13;394;1;P;1;pistachia;pistachia;pistachia;;;;;;;;;;;;
4;13;395;0;P;1;pistachia;pistachia;pistachia;0,904;;;0,795;;;0,461;;;0,405;;
4;13;398;0;P;1;pistachia;pistachia;pistachia;;;;;;;;;;;;
4;13;399;0;D;1;dorycnium;dorycnium;dorycnium;;;;;;;;;;;;
4;13;400;1;D;1;dorycnium;dorycnium;dorycnium;;;;;;;;;;;;
4;13;960;0;D;1;dorycnium;dorycnium;dorycnium;0,081;0,073;0,052;;;;0,03;0,024;0,018;;;
4;13;961;1;P;1;pistachia;pistachia;pistachia;;;;;;;;;;;;
4;13;963;1;M;0;dorycnium;pistachia;anthyllis;;;;;;;;;;;;
4;13;967;0;P;0;pistachia;pistachia;pistachia;0,4;0,498;0,386;0,284;0,414;0,332;0,202;0,253;0,202;0,139;0,21;0,174
4;13;968;1;P;0;pistachia;pistachia;pistachia;;;;;;;;;;;;
4;13;969;0;M;0;pistachia;anthyllis;dorycnium;;;;;;;;;;;;
4;13;970;0;P;1;pistachia;pistachia;pistachia;;;;;;;;;;;;
4;13;971;1;M;0;anthyllis;pistachia;dorycnium;;0,624;0,054;;0,481;;;;0,022;;;
4;13;972;0;M;1;anthyllis;pistachia;dorycnium;;;;;;;;;;;;
4;13;975;1;A;1;anthyllis;anthyllis;anthyllis;0,098;;0,143;0,095;;0,137;0,021;;0,029;0,02;;0,027
4;13;976;0;A;1;anthyllis;anthyllis;anthyllis;0,152;0,201;0,212;0,142;0,185;0,199;0,04;0,057;0,058;0,038;0,046;0,055
4;13;977;0;D;1;dorycnium;dorycnium;dorycnium;;;;;;;;;;;;
4;13;978;1;M;0;dorycnium;anthyllis;pistachia;0,062;0,142;0,478;;0,14;0,391;0,022;0,038;0,248;;0,038;0,202
4;13;979;0;M;1;anthyllis;pistachia;dorycnium;0,3;1,486;;0,29;1,298;;0,094;0,733;0,022;0,086;0,634;
4;13;980;0;M;0;anthyllis;pistachia;dorycnium;0,164;;;0,149;;;;;;;;
4;13;981;1;A;0;anthyllis;anthyllis;anthyllis;;0,092;0,171;;0,083;0,159;0,057;0,032;0,056;0,052;0,029;0,051
4;13;982;0;A;1;anthyllis;anthyllis;anthyllis;;;;;;;;;;;;
4;13;983;0;M;1;dorycnium;anthyllis;pistachia;;;;;;;;;;;;
4;13;984;1;M;1;pistachia;dorycnium;anthyllis;0,9;0,068;0,23;0,79;;0,219;0,426;0,025;0,063;0,372;;0,06
4;13;985;1;D;0;dorycnium;dorycnium;dorycnium;;;;;;;;;;;;
4;13;986;1;A;1;anthyllis;anthyllis;anthyllis;;0,171;;;0,158;;;0,04;;;0,038;
4;13;987;0;A;1;anthyllis;anthyllis;anthyllis;;;;;;;;;;;;
4;13;988;0;A;0;anthyllis;anthyllis;anthyllis;;;;;;;;;;;;
4;13;990;1;A;0;anthyllis;anthyllis;anthyllis;;;;;;;;;;;;
4;13;991;1;D;1;dorycnium;dorycnium;dorycnium;0,057;0,057;0,032;;;;0,02;0,021;0,006;;;
4;13;993;0;D;0;dorycnium;dorycnium;dorycnium;;0,039;;;;;;0,014;;;;
4;13;994;1;D;1;dorycnium;dorycnium;dorycnium;;;0,044;;;;;;0,018;;;
4;13;995;1;P;0;pistachia;pistachia;pistachia;;;;;;;;;;;;
4;13;996;0;D;0;dorycnium;dorycnium;dorycnium;;;;;;;;;;;;
4;13;997;1;D;0;dorycnium;dorycnium;dorycnium;;;;;;;;;;;;
4;14;281;0;A;1;anthyllis;anthyllis;anthyllis;;;;;;;;;;;;
4;14;282;1;A;0;anthyllis;anthyllis;anthyllis;0,267;0,111;0,157;0,253;0,098;0,144;0,095;0,034;0,052;0,089;0,03;0,048
4;14;284;0;A;1;anthyllis;anthyllis;anthyllis;;;;;;;;;;;;
4;14;285;1;A;1;anthyllis;anthyllis;anthyllis;;;;;;;;;;;;
4;14;288;0;M;0;pistachia;anthyllis;dorycnium;0,906;0,163;0,059;0,744;0,146;;0,453;0,057;0,023;0,371;0,051;
4;14;289;1;M;1;pistachia;anthyllis;dorycnium;;;;;;;;;;;;
4;14;291;0;M;1;anthyllis;dorycnium;pistachia;;;;;;;;;;;;
4;14;292;1;M;0;anthyllis;pistachia;dorycnium;;;;;;;;;;;;
4;14;293;0;D;1;dorycnium;dorycnium;dorycnium;;;;;;;;;;;;
4;14;294;1;D;0;dorycnium;dorycnium;dorycnium;0,047;0,057;0,039;;;;0,02;0,022;0,016;;;
4;14;296;0;D;1;dorycnium;dorycnium;dorycnium;;;;;;;;;;;;
4;14;297;1;D;1;dorycnium;dorycnium;dorycnium;;;;;;;;;;;;
4;14;300;1;D;0;dorycnium;dorycnium;dorycnium;;;0,173;;;0,163;;;0,035;;;
4;14;301;0;D;0;dorycnium;dorycnium;dorycnium;0,094;;0,057;;;;0,044;;0,022;;;
4;14;303;1;P;0;pistachia;pistachia;pistachia;;0,44;;;0,336;;;0,256;;;0,198;
4;14;304;0;P;1;pistachia;pistachia;pistachia;1,043;0,925;0,826;0,864;0,775;0,695;0,546;0,467;0,397;0,451;0,39;0,331
4;14;308;1;D;0;dorycnium;dorycnium;dorycnium;;;;;;;;;;;;
4;14;309;0;D;0;dorycnium;dorycnium;dorycnium;;;;;;;;;;;;
4;14;310;0;A;0;anthyllis;anthyllis;anthyllis;;;;;;;;;;;;
4;14;311;0;A;0;anthyllis;anthyllis;anthyllis;;;;;;;;;;;;
4;14;312;0;D;0;dorycnium;dorycnium;dorycnium;;;;;;;;;;;;
4;14;313;0;P;0;pistachia;pistachia;pistachia;0,601;1,419;0,693;0,517;1,244;0,578;0,336;0,691;0,374;0,283;0,601;0,311
4;14;314;1;D;0;dorycnium;dorycnium;dorycnium;;;;;;;;;;;;
4;14;315;1;P;1;pistachia;pistachia;pistachia;;;;;;;;;;;;
4;14;316;1;M;1;anthyllis;dorycnium;pistachia;;;;;;;;;;;;
4;14;317;0;M;1;anthyllis;dorycnium;pistachia;;;;;;;;;;;;
4;14;319;0;M;0;dorycnium;anthyllis;pistachia;;;;;;;;;;;;
4;14;320;0;M;1;dorycnium;pistachia;anthyllis;;;;;;;;;;;;
4;14;321;1;M;1;dorycnium;anthyllis;pistachia;0,052;0,127;0,835;;0,12;0,72;0,019;;0,464;;;0,402
4;14;325;0;M;0;dorycnium;anthyllis;pistachia;;;;;;;;;;;;
4;14;326;1;M;1;pistachia;anthyllis;dorycnium;;;;;;;;;;;;
4;14;327;1;P;1;pistachia;pistachia;pistachia;;;;;;;;;;;;
4;14;328;0;P;1;pistachia;pistachia;pistachia;;;;;;;;;;;;
4;14;330;0;A;1;anthyllis;anthyllis;anthyllis;;0,1;0,173;;0,088;0,163;;0,033;0,051;;0,028;0,048
4;14;331;1;A;1;anthyllis;anthyllis;anthyllis;;;;;;;;;;;;
4;14;332;0;P;0;pistachia;pistachia;pistachia;;;;;;;;;;;;
4;14;334;1;P;0;pistachia;pistachia;pistachia;1,108;0,28;0,598;0,969;0,227;0,482;0,656;0,129;0,348;0,576;0,104;0,28
4;14;335;0;A;0;anthyllis;anthyllis;anthyllis;0,094;0,117;0,099;0,085;0,104;0,089;0,039;0,043;0,04;0,035;0,039;0,037
4;14;336;1;A;1;anthyllis;anthyllis;anthyllis;0,167;0,1;0,123;0,148;0,094;0,119;0,045;0,027;0,037;0,04;0,025;0,035
4;14;337;0;A;0;anthyllis;anthyllis;anthyllis;;;;;;;;;;;;
4;14;338;1;A;1;anthyllis;anthyllis;anthyllis;;;;;;;;;;;;
4;14;339;0;D;0;dorycnium;dorycnium;dorycnium;;;;;;;;;;;;
4;14;340;1;D;1;dorycnium;dorycnium;dorycnium;;0,044;0,074;;;;;;0,028;;;
4;14;341;0;D;1;dorycnium;dorycnium;dorycnium;0,059;;0,083;;;;0,025;0,024;0,031;;;
4;14;342;1;D;0;dorycnium;dorycnium;dorycnium;;;;;;;;;;;;
4;14;344;0;M;1;anthyllis;pistachia;dorycnium;;;;;;;;;;;;
4;14;345;1;M;1;anthyllis;pistachia;dorycnium;;;;;;;;;;;;
4;14;346;0;D;1;dorycnium;dorycnium;dorycnium;;;;;;;;;;;;
4;14;347;0;A;1;anthyllis;anthyllis;anthyllis;0,064;;0,102;0,057;;0,095;0,02;;0,034;0,019;;0,032
4;14;348;1;D;1;dorycnium;dorycnium;dorycnium;0,058;0,059;;;;;0,02;0,024;;;;
4;14;349;1;A;0;anthyllis;anthyllis;anthyllis;;0,217;;;0,203;;;0,058;;;0,055;
4;14;350;1;P;1;pistachia;pistachia;pistachia;0,933;0,698;0,731;0,756;0,56;0,61;0,459;0,338;0,353;0,368;0,271;0,293
4;14;351;0;P;0;pistachia;pistachia;pistachia;;;;;;;;;;;;
4;14;352;1;P;0;pistachia;pistachia;pistachia;0,292;0,519;0,676;0,245;0,4;0,55;0,177;0,315;0,323;0,151;0,246;0,263
4;14;353;0;P;1;pistachia;pistachia;pistachia;;;;;;;;;;;;
4;14;354;1;M;0;pistachia;anthyllis;dorycnium;0,563;0,059;;0,479;0,055;;0,302;;;0,254;;
4;14;356;0;P;0;pistachia;pistachia;pistachia;;;;;;;;;;;;
4;14;357;1;P;1;pistachia;pistachia;pistachia;0,473;0,916;0,734;0,397;0,777;0,615;0,298;0,468;0,419;0,252;0,396;0,353
4;15;1452;0;D;1;dorycnium;dorycnium;dorycnium;;;;;;;;;;;;
4;15;1453;1;D;1;dorycnium;dorycnium;dorycnium;;;;;;;;;;;;
4;15;1455;0;D;0;dorycnium;dorycnium;dorycnium;;;;;;;;;;;;
4;15;1457;0;D;0;dorycnium;dorycnium;dorycnium;;;;;;;;;;;;
4;15;1458;1;D;0;dorycnium;dorycnium;dorycnium;;;;;;;;;;;;
4;15;1459;0;D;1;dorycnium;dorycnium;dorycnium;;;;;;;;;;;;
4;15;1460;0;M;1;dorycnium;anthyllis;pistachia;;;;;;;;;;;;
4;15;1462;1;M;1;pistachia;anthyllis;dorycnium;;;;;;;;;;;;
4;15;1463;1;P;0;pistachia;pistachia;pistachia;;;;;;;;;;;;
4;15;1464;0;P;1;pistachia;pistachia;pistachia;;;;;;;;;;;;
4;15;1465;1;D;1;dorycnium;dorycnium;dorycnium;;;;;;;;;;;;
4;15;1466;0;P;0;pistachia;pistachia;pistachia;0,898;0,676;0,401;0,739;0,571;0,347;0,514;0,39;0,221;0,424;0,331;0,189
4;15;1467;1;P;0;pistachia;pistachia;pistachia;;;;;;;;;;;;
4;15;1468;0;M;0;dorycnium;pistachia;anthyllis;;;0,121;;;0,109;;;0,035;;;0,033
4;15;1469;0;M;1;anthyllis;dorycnium;pistachia;0,143;0,11;;0,125;;;0,048;0,039;;0,042;;
4;15;1470;1;M;0;dorycnium;pistachia;anthyllis;;;;;;;;;;;;
4;15;1471;0;P;0;pistachia;pistachia;pistachia;;;;;;;;;;;;
4;15;1472;1;P;1;pistachia;pistachia;pistachia;;;;;;;;;;;;
4;15;1473;1;P;0;pistachia;pistachia;pistachia;;;;;;;;;;;;
4;15;1474;0;P;0;pistachia;pistachia;pistachia;0,611;0,688;1,019;0,531;0,606;0,856;0,302;0,372;0,576;0,262;0,327;0,484
4;15;1475;1;M;0;dorycnium;anthyllis;pistachia;;;;;;;;;;;;
4;15;1476;1;M;0;dorycnium;pistachia;anthyllis;0,048;0,251;0,144;;0,192;0,134;0,014;0,137;0,043;;0,112;0,041
4;15;1477;1;A;1;anthyllis;anthyllis;anthyllis;;;;;;;;;;;;
4;15;1478;0;A;1;anthyllis;anthyllis;anthyllis;;;;;;;;;;;;
4;15;1481;1;P;1;pistachia;pistachia;pistachia;0,528;1,108;0,535;0,449;0,923;0,442;0,285;0,546;0,247;0,241;0,451;0,202
4;15;1482;0;P;1;pistachia;pistachia;pistachia;;;;;;;;;;;;
4;15;1483;0;D;1;dorycnium;dorycnium;dorycnium;0,07;;0,085;;;;0,025;;0,03;;;
4;15;1484;1;D;1;dorycnium;dorycnium;dorycnium;0,061;0,058;;;;;0,022;0,021;;;;
4;15;1485;0;D;0;dorycnium;dorycnium;dorycnium;0,066;0,058;0,079;;;;0,033;0,024;0,033;;;
4;15;1486;1;D;1;dorycnium;dorycnium;dorycnium;;;;;;;;;;;;
4;15;1488;0;M;0;pistachia;anthyllis;dorycnium;;;;;;;;;;;;
4;15;1490;0;P;1;pistachia;pistachia;pistachia;;;;;;;;;;;;
4;15;1454;0;A;0;anthyllis;anthyllis;anthyllis;;;;;;;;;;;;
4;15;1495;1;A;1;anthyllis;anthyllis;anthyllis;0,08;0,127;;0,07;0,118;;0,019;0,034;;;0,032;
4;15;1496;0;A;1;anthyllis;anthyllis;anthyllis;;;;;;;;;;;;
4;15;1497;1;M;0;anthyllis;dorycnium;pistachia;;;;;;;;;;;;
4;15;1498;0;M;0;dorycnium;pistachia;anthyllis;;;;;;;;;;;;
4;15;1500;1;A;1;anthyllis;anthyllis;anthyllis;;;;;;;;;;;;
4;15;1501;0;P;1;pistachia;pistachia;pistachia;1,137;;0,5;0,904;;0,405;0,584;;0,277;0,463;;0,225
4;15;1503;1;P;0;pistachia;pistachia;pistachia;;;;;;;;;;;;
4;15;1504;0;P;1;pistachia;pistachia;pistachia;;;;;;;;;;;;
4;15;1505;1;D;1;dorycnium;dorycnium;dorycnium;;;;;;;;;;;;
4;15;1506;0;D;1;dorycnium;dorycnium;dorycnium;;;;;;;;;;;;
4;15;1507;0;M;1;dorycnium;pistachia;anthyllis;;1,297;0,148;;1,072;0,136;;0,667;0,04;;0,551;0,037
4;15;1508;1;M;0;pistachia;anthyllis;dorycnium;;;;;;;;;;;;
4;15;1509;0;M;1;pistachia;dorycnium;anthyllis;;;;;;;;;;;;
4;15;1510;1;M;1;dorycnium;anthyllis;pistachia;;;;;;;;;;;;
4;15;1512;1;D;1;dorycnium;dorycnium;dorycnium;;;;;;;;;;;;
4;15;1513;0;D;1;dorycnium;dorycnium;dorycnium;;;;;;;;;;;;
4;15;1515;0;A;0;anthyllis;anthyllis;anthyllis;;;;;;;;;;;;
4;15;1523;1;A;1;anthyllis;anthyllis;anthyllis;0,086;0,102;0,092;0,077;0,09;0,084;0,022;0,028;0,024;0,02;0,024;0,022
4;15;1524;0;A;0;anthyllis;anthyllis;anthyllis;0,102;0,107;;0,098;0,098;;0,035;0,034;;0,034;0,033;
4;15;1526;1;A;0;anthyllis;anthyllis;anthyllis;;;;;;;;;;;;
4;15;1527;0;A;0;anthyllis;anthyllis;anthyllis;0,088;0,057;;0,08;0,05;;0,03;0,016;;0,028;0,014;
4;15;1528;0;M;0;anthyllis;pistachia;dorycnium;;;;;;;;;;;;
4;15;1529;1;M;1;dorycnium;pistachia;anthyllis;0,048;0,392;;;0,319;;0,017;0,238;;;0,196;
4;15;1530;1;P;0;pistachia;pistachia;pistachia;;;;;;;;;;;;
4;15;1531;1;D;1;dorycnium;dorycnium;dorycnium;;;;;;;;;;;;
